[     360ms] [INFO] Download the React DevTools for a better development experience: https://reactjs.org/link/react-devtools @ webpack-internal:///(app-pages-browser)/./node_modules/next/dist/compiled/react-dom/cjs/react-dom.development.js:38559
[     483ms] [ERROR] Warning: Text content did not match. Server: "9/25/2026, 1:04:17 AM" Client: "9/25/2026, 1:04:18 AM"
span
div
div
div
section
main
OverviewPage@webpack-internal:///(app-pages-browser)/./src/app/overview/page.tsx:52:72
ClientPageRoot@webpack-internal:///(app-pages-browser)/./node_modules/next/dist/client/components/client-page.js:14:32
InnerLayoutRouter@webpack-internal:///(app-pages-browser)/./node_modules/next/dist/client/components/layout-router.js:244:18
RedirectErrorBoundary@webpack-internal:///(app-pages-browser)/./node_modules/next/dist/client/components/redirect-boundary.js:74:9
RedirectBoundary@webpack-internal:///(app-pages-browser)/./node_modules/next/dist/client/components/redirect-boundary.js:82:24
NotFoundBoundary@webpack-internal:///(app-pages-browser)/./node_modules/next/dist/client/components/not-found-boundary.js:84:62
LoadingBoundary@webpack-internal:///(app-pages-browser)/./node_modules/next/dist/client/components/layout-router.js:349:76
ErrorBoundary@webpack-internal:///(app-pages-browser)/./node_modules/next/dist/client/components/error-boundary.js:160:67
InnerScrollAndFocusHandler@webpack-internal:///(app-pages-browser)/./node_modules/next/dist/client/components/layout-router.js:153:9
ScrollAndFocusHandler@webpack-internal:///(app-pages-browser)/./node_modules/next/dist/client/components/layout-router.js:228:37
RenderFromTemplateContext@webpack-internal:///(app-pages-browser)/./node_modules/next/dist/client/components/render-from-template-context.js:16:44
OuterLayoutRouter@webpack-internal:///(app-pages-browser)/./node_modules/next/dist/client/components/layout-router.js:370:149
InnerLayoutRouter@webpack-internal:///(app-pages-browser)/./node_modules/next/dist/client/components/layout-router.js:244:18
RedirectErrorBoundary@webpack-internal:///(app-pages-browser)/./node_modules/next/dist/client/components/redirect-boundary.js:74:9
RedirectBoundary@webpack-internal:///(app-pages-browser)/./node_modules/next/dist/client/components/redirect-boundary.js:82:24
NotFoundErrorBoundary@webpack-internal:///(app-pages-browser)/./node_modules/next/dist/client/components/not-found-boundary.js:76:9
NotFoundBoundary@webpack-internal:///(app-pages-browser)/./node_modules/next/dist/client/components/not-found-boundary.js:84:62
LoadingBoundary@webpack-internal:///(app-pages-browser)/./node_modules/next/dist/client/components/layout-router.js:349:76
ErrorBoundary@webpack-internal:///(app-pages-browser)/./node_modules/next/dist/client/components/error-boundary.js:160:67
InnerScrollAndFocusHandler@webpack-internal:///(app-pages-browser)/./node_modules/next/dist/client/components/layout-router.js:153:9
ScrollAndFocusHandler@webpack-internal:///(app-pages-browser)/./node_modules/next/dist/client/components/layout-router.js:228:37
RenderFromTemplateContext@webpack-internal:///(app-pages-browser)/./node_modules/next/dist/client/components/render-from-template-context.js:16:44
OuterLayoutRouter@webpack-internal:///(app-pages-browser)/./node_modules/next/dist/client/components/layout-router.js:370:149
body
html
RootLayout (Server)
RedirectErrorBoundary@webpack-internal:///(app-pages-browser)/./node_modules/next/dist/client/components/redirect-boundary.js:74:9
RedirectBoundary@webpack-internal:///(app-pages-browser)/./node_modules/next/dist/client/components/redirect-boundary.js:82:24
NotFoundErrorBoundary@webpack-internal:///(app-pages-browser)/./node_modules/next/dist/client/components/not-found-boundary.js:76:9
NotFoundBoundary@webpack-internal:///(app-pages-browser)/./node_modules/next/dist/client/components/not-found-boundary.js:84:62
DevRootNotFoundBoundary@webpack-internal:///(app-pages-browser)/./node_modules/next/dist/client/components/dev-root-not-found-boundary.js:33:24
ReactDevOverlay@webpack-internal:///(app-pages-browser)/./node_modules/next/dist/client/components/react-dev-overlay/app/ReactDevOverlay.js:87:9
HotReload@webpack-internal:///(app-pages-browser)/./node_modules/next/dist/client/components/react-dev-overlay/app/hot-reloader-client.js:321:37
Router@webpack-internal:///(app-pages-browser)/./node_modules/next/dist/client/components/app-router.js:207:123
ErrorBoundaryHandler@webpack-internal:///(app-pages-browser)/./node_modules/next/dist/client/components/error-boundary.js:113:9
ErrorBoundary@webpack-internal:///(app-pages-browser)/./node_modules/next/dist/client/components/error-boundary.js:160:67
AppRouter@webpack-internal:///(app-pages-browser)/./node_modules/next/dist/client/components/app-router.js:585:47
ServerRoot@webpack-internal:///(app-pages-browser)/./node_modules/next/dist/client/app-index.js:112:27
Root@webpack-internal:///(app-pages-browser)/./node_modules/next/dist/client/app-index.js:117:24 @ webpack-internal:///(app-pages-browser)/./node_modules/next/dist/client/app-index.js:32
[     509ms] [ERROR] Warning: An error occurred during hydration. The server HTML was replaced with client content in <#document>. @ webpack-internal:///(app-pages-browser)/./node_modules/next/dist/client/app-index.js:32
[     546ms] Error: Text content does not match server-rendered HTML.
    at checkForUnmatchedText (webpack-internal:///(app-pages-browser)/./node_modules/next/dist/compiled/react-dom/cjs/react-dom.development.js:32797:11)
    at diffHydratedProperties (webpack-internal:///(app-pages-browser)/./node_modules/next/dist/compiled/react-dom/cjs/react-dom.development.js:35055:30)
    at hydrateInstance (webpack-internal:///(app-pages-browser)/./node_modules/next/dist/compiled/react-dom/cjs/react-dom.development.js:36127:25)
    at prepareToHydrateHostInstance (webpack-internal:///(app-pages-browser)/./node_modules/next/dist/compiled/react-dom/cjs/react-dom.development.js:7246:18)
    at completeWork (webpack-internal:///(app-pages-browser)/./node_modules/next/dist/compiled/react-dom/cjs/react-dom.development.js:19769:41)
    at completeUnitOfWork (webpack-internal:///(app-pages-browser)/./node_modules/next/dist/compiled/react-dom/cjs/react-dom.development.js:25963:14)
    at performUnitOfWork (webpack-internal:///(app-pages-browser)/./node_modules/next/dist/compiled/react-dom/cjs/react-dom.development.js:25759:23)
    at workLoopConcurrent (webpack-internal:///(app-pages-browser)/./node_modules/next/dist/compiled/react-dom/cjs/react-dom.development.js:25734:22)
    at renderRootConcurrent (webpack-internal:///(app-pages-browser)/./node_modules/next/dist/compiled/react-dom/cjs/react-dom.development.js:25690:9)
    at performConcurrentWorkOnRoot (webpack-internal:///(app-pages-browser)/./node_modules/next/dist/compiled/react-dom/cjs/react-dom.development.js:24504:38)
    at workLoop (webpack-internal:///(app-pages-browser)/./node_modules/next/dist/compiled/scheduler/cjs/scheduler.development.js:256:42)
    at flushWork (webpack-internal:///(app-pages-browser)/./node_modules/next/dist/compiled/scheduler/cjs/scheduler.development.js:225:14)
    at performWorkUntilDeadline (webpack-internal:///(app-pages-browser)/./node_modules/next/dist/compiled/scheduler/cjs/scheduler.development.js:534:21)
    at EventHandlerNonNull* (webpack-internal:///(app-pages-browser)/./node_modules/next/dist/compiled/scheduler/cjs/scheduler.development.js:569:3)
    at  (webpack-internal:///(app-pages-browser)/./node_modules/next/dist/compiled/scheduler/cjs/scheduler.development.js:630:5)
    at (app-pages-browser)/./node_modules/next/dist/compiled/scheduler/cjs/scheduler.development.js (http://localhost:3000/_next/static/chunks/main-app.js?v=1790278457581:113:1)
    at options.factory (http://localhost:3000/_next/static/chunks/webpack.js?v=1790278457581:715:31)
    at __webpack_require__ (http://localhost:3000/_next/static/chunks/webpack.js?v=1790278457581:37:33)
    at fn (http://localhost:3000/_next/static/chunks/webpack.js?v=1790278457581:371:21)
    at  (webpack-internal:///(app-pages-browser)/./node_modules/next/dist/compiled/scheduler/index.js:4:20)
    at (app-pages-browser)/./node_modules/next/dist/compiled/scheduler/index.js (http://localhost:3000/_next/static/chunks/main-app.js?v=1790278457581:124:1)
    at options.factory (http://localhost:3000/_next/static/chunks/webpack.js?v=1790278457581:715:31)
    at __webpack_require__ (http://localhost:3000/_next/static/chunks/webpack.js?v=1790278457581:37:33)
    at fn (http://localhost:3000/_next/static/chunks/webpack.js?v=1790278457581:371:21)
    at  (webpack-internal:///(app-pages-browser)/./node_modules/next/dist/compiled/react-dom/cjs/react-dom.development.js:27:36)
    at  (webpack-internal:///(app-pages-browser)/./node_modules/next/dist/compiled/react-dom/cjs/react-dom.development.js:38595:5)
    at (app-pages-browser)/./node_modules/next/dist/compiled/react-dom/cjs/react-dom.development.js (http://localhost:3000/_next/static/chunks/main-app.js?v=1790278457581:1847:1)
    at options.factory (http://localhost:3000/_next/static/chunks/webpack.js?v=1790278457581:715:31)
    at __webpack_require__ (http://localhost:3000/_next/static/chunks/webpack.js?v=1790278457581:37:33)
    at fn (http://localhost:3000/_next/static/chunks/webpack.js?v=1790278457581:371:21)
    at  (webpack-internal:///(app-pages-browser)/./node_modules/next/dist/compiled/react-dom/index.js:32:20)
    at (app-pages-browser)/./node_modules/next/dist/compiled/react-dom/index.js (http://localhost:3000/_next/static/chunks/main-app.js?v=1790278457581:1869:1)
    at options.factory (http://localhost:3000/_next/static/chunks/webpack.js?v=1790278457581:715:31)
    at __webpack_require__ (http://localhost:3000/_next/static/chunks/webpack.js?v=1790278457581:37:33)
    at fn (http://localhost:3000/_next/static/chunks/webpack.js?v=1790278457581:371:21)
    at  (webpack-internal:///(app-pages-browser)/./node_modules/next/dist/compiled/react-dom/client.js:3:28)
    at (app-pages-browser)/./node_modules/next/dist/compiled/react-dom/client.js (http://localhost:3000/_next/static/chunks/main-app.js?v=1790278457581:1858:1)
    at options.factory (http://localhost:3000/_next/static/chunks/webpack.js?v=1790278457581:715:31)
    at __webpack_require__ (http://localhost:3000/_next/static/chunks/webpack.js?v=1790278457581:37:33)
    at fn (http://localhost:3000/_next/static/chunks/webpack.js?v=1790278457581:371:21)
    at  (webpack-internal:///(app-pages-browser)/./node_modules/next/dist/client/app-index.js:15:58)
    at (app-pages-browser)/./node_modules/next/dist/client/app-index.js (http://localhost:3000/_next/static/chunks/main-app.js?v=1790278457581:244:1)
    at options.factory (http://localhost:3000/_next/static/chunks/webpack.js?v=1790278457581:715:31)
    at __webpack_require__ (http://localhost:3000/_next/static/chunks/webpack.js?v=1790278457581:37:33)
    at fn (http://localhost:3000/_next/static/chunks/webpack.js?v=1790278457581:371:21)
    at  (webpack-internal:///(app-pages-browser)/./node_modules/next/dist/client/app-next-dev.js:9:44)
    at appBootstrap/< (webpack-internal:///(app-pages-browser)/./node_modules/next/dist/client/app-bootstrap.js:57:9)
    at loadScriptsInSequence (webpack-internal:///(app-pages-browser)/./node_modules/next/dist/client/app-bootstrap.js:23:16)
    at appBootstrap (webpack-internal:///(app-pages-browser)/./node_modules/next/dist/client/app-bootstrap.js:56:26)
    at  (webpack-internal:///(app-pages-browser)/./node_modules/next/dist/client/app-next-dev.js:8:32)
    at (app-pages-browser)/./node_modules/next/dist/client/app-next-dev.js (http://localhost:3000/_next/static/chunks/main-app.js?v=1790278457581:266:1)
[     546ms] Error: Text content does not match server-rendered HTML.
See more info here: https://nextjs.org/docs/messages/react-hydration-error
    at checkForUnmatchedText (webpack-internal:///(app-pages-browser)/./node_modules/next/dist/compiled/react-dom/cjs/react-dom.development.js:32797:11)
    at diffHydratedProperties (webpack-internal:///(app-pages-browser)/./node_modules/next/dist/compiled/react-dom/cjs/react-dom.development.js:35055:30)
    at hydrateInstance (webpack-internal:///(app-pages-browser)/./node_modules/next/dist/compiled/react-dom/cjs/react-dom.development.js:36127:25)
    at prepareToHydrateHostInstance (webpack-internal:///(app-pages-browser)/./node_modules/next/dist/compiled/react-dom/cjs/react-dom.development.js:7246:18)
    at completeWork (webpack-internal:///(app-pages-browser)/./node_modules/next/dist/compiled/react-dom/cjs/react-dom.development.js:19769:41)
    at completeUnitOfWork (webpack-internal:///(app-pages-browser)/./node_modules/next/dist/compiled/react-dom/cjs/react-dom.development.js:25963:14)
    at performUnitOfWork (webpack-internal:///(app-pages-browser)/./node_modules/next/dist/compiled/react-dom/cjs/react-dom.development.js:25759:23)
    at workLoopConcurrent (webpack-internal:///(app-pages-browser)/./node_modules/next/dist/compiled/react-dom/cjs/react-dom.development.js:25734:22)
    at renderRootConcurrent (webpack-internal:///(app-pages-browser)/./node_modules/next/dist/compiled/react-dom/cjs/react-dom.development.js:25690:9)
    at performConcurrentWorkOnRoot (webpack-internal:///(app-pages-browser)/./node_modules/next/dist/compiled/react-dom/cjs/react-dom.development.js:24504:38)
    at workLoop (webpack-internal:///(app-pages-browser)/./node_modules/next/dist/compiled/scheduler/cjs/scheduler.development.js:256:42)
    at flushWork (webpack-internal:///(app-pages-browser)/./node_modules/next/dist/compiled/scheduler/cjs/scheduler.development.js:225:14)
    at performWorkUntilDeadline (webpack-internal:///(app-pages-browser)/./node_modules/next/dist/compiled/scheduler/cjs/scheduler.development.js:534:21)
    at EventHandlerNonNull* (webpack-internal:///(app-pages-browser)/./node_modules/next/dist/compiled/scheduler/cjs/scheduler.development.js:569:3)
    at  (webpack-internal:///(app-pages-browser)/./node_modules/next/dist/compiled/scheduler/cjs/scheduler.development.js:630:5)
    at (app-pages-browser)/./node_modules/next/dist/compiled/scheduler/cjs/scheduler.development.js (http://localhost:3000/_next/static/chunks/main-app.js?v=1790278457581:113:1)
    at options.factory (http://localhost:3000/_next/static/chunks/webpack.js?v=1790278457581:715:31)
    at __webpack_require__ (http://localhost:3000/_next/static/chunks/webpack.js?v=1790278457581:37:33)
    at fn (http://localhost:3000/_next/static/chunks/webpack.js?v=1790278457581:371:21)
    at  (webpack-internal:///(app-pages-browser)/./node_modules/next/dist/compiled/scheduler/index.js:4:20)
    at (app-pages-browser)/./node_modules/next/dist/compiled/scheduler/index.js (http://localhost:3000/_next/static/chunks/main-app.js?v=1790278457581:124:1)
    at options.factory (http://localhost:3000/_next/static/chunks/webpack.js?v=1790278457581:715:31)
    at __webpack_require__ (http://localhost:3000/_next/static/chunks/webpack.js?v=1790278457581:37:33)
    at fn (http://localhost:3000/_next/static/chunks/webpack.js?v=1790278457581:371:21)
    at  (webpack-internal:///(app-pages-browser)/./node_modules/next/dist/compiled/react-dom/cjs/react-dom.development.js:27:36)
    at  (webpack-internal:///(app-pages-browser)/./node_modules/next/dist/compiled/react-dom/cjs/react-dom.development.js:38595:5)
    at (app-pages-browser)/./node_modules/next/dist/compiled/react-dom/cjs/react-dom.development.js (http://localhost:3000/_next/static/chunks/main-app.js?v=1790278457581:1847:1)
    at options.factory (http://localhost:3000/_next/static/chunks/webpack.js?v=1790278457581:715:31)
    at __webpack_require__ (http://localhost:3000/_next/static/chunks/webpack.js?v=1790278457581:37:33)
    at fn (http://localhost:3000/_next/static/chunks/webpack.js?v=1790278457581:371:21)
    at  (webpack-internal:///(app-pages-browser)/./node_modules/next/dist/compiled/react-dom/index.js:32:20)
    at (app-pages-browser)/./node_modules/next/dist/compiled/react-dom/index.js (http://localhost:3000/_next/static/chunks/main-app.js?v=1790278457581:1869:1)
    at options.factory (http://localhost:3000/_next/static/chunks/webpack.js?v=1790278457581:715:31)
    at __webpack_require__ (http://localhost:3000/_next/static/chunks/webpack.js?v=1790278457581:37:33)
    at fn (http://localhost:3000/_next/static/chunks/webpack.js?v=1790278457581:371:21)
    at  (webpack-internal:///(app-pages-browser)/./node_modules/next/dist/compiled/react-dom/client.js:3:28)
    at (app-pages-browser)/./node_modules/next/dist/compiled/react-dom/client.js (http://localhost:3000/_next/static/chunks/main-app.js?v=1790278457581:1858:1)
    at options.factory (http://localhost:3000/_next/static/chunks/webpack.js?v=1790278457581:715:31)
    at __webpack_require__ (http://localhost:3000/_next/static/chunks/webpack.js?v=1790278457581:37:33)
    at fn (http://localhost:3000/_next/static/chunks/webpack.js?v=1790278457581:371:21)
    at  (webpack-internal:///(app-pages-browser)/./node_modules/next/dist/client/app-index.js:15:58)
    at (app-pages-browser)/./node_modules/next/dist/client/app-index.js (http://localhost:3000/_next/static/chunks/main-app.js?v=1790278457581:244:1)
    at options.factory (http://localhost:3000/_next/static/chunks/webpack.js?v=1790278457581:715:31)
    at __webpack_require__ (http://localhost:3000/_next/static/chunks/webpack.js?v=1790278457581:37:33)
    at fn (http://localhost:3000/_next/static/chunks/webpack.js?v=1790278457581:371:21)
    at  (webpack-internal:///(app-pages-browser)/./node_modules/next/dist/client/app-next-dev.js:9:44)
    at appBootstrap/< (webpack-internal:///(app-pages-browser)/./node_modules/next/dist/client/app-bootstrap.js:57:9)
    at loadScriptsInSequence (webpack-internal:///(app-pages-browser)/./node_modules/next/dist/client/app-bootstrap.js:23:16)
    at appBootstrap (webpack-internal:///(app-pages-browser)/./node_modules/next/dist/client/app-bootstrap.js:56:26)
    at  (webpack-internal:///(app-pages-browser)/./node_modules/next/dist/client/app-next-dev.js:8:32)
    at (app-pages-browser)/./node_modules/next/dist/client/app-next-dev.js (http://localhost:3000/_next/static/chunks/main-app.js?v=1790278457581:266:1)
[     546ms] Error: Text content does not match server-rendered HTML.
See more info here: https://nextjs.org/docs/messages/react-hydration-error
    at checkForUnmatchedText (webpack-internal:///(app-pages-browser)/./node_modules/next/dist/compiled/react-dom/cjs/react-dom.development.js:32797:11)
    at diffHydratedProperties (webpack-internal:///(app-pages-browser)/./node_modules/next/dist/compiled/react-dom/cjs/react-dom.development.js:35055:30)
    at hydrateInstance (webpack-internal:///(app-pages-browser)/./node_modules/next/dist/compiled/react-dom/cjs/react-dom.development.js:36127:25)
    at prepareToHydrateHostInstance (webpack-internal:///(app-pages-browser)/./node_modules/next/dist/compiled/react-dom/cjs/react-dom.development.js:7246:18)
    at completeWork (webpack-internal:///(app-pages-browser)/./node_modules/next/dist/compiled/react-dom/cjs/react-dom.development.js:19769:41)
    at completeUnitOfWork (webpack-internal:///(app-pages-browser)/./node_modules/next/dist/compiled/react-dom/cjs/react-dom.development.js:25963:14)
    at performUnitOfWork (webpack-internal:///(app-pages-browser)/./node_modules/next/dist/compiled/react-dom/cjs/react-dom.development.js:25759:23)
    at workLoopConcurrent (webpack-internal:///(app-pages-browser)/./node_modules/next/dist/compiled/react-dom/cjs/react-dom.development.js:25734:22)
    at renderRootConcurrent (webpack-internal:///(app-pages-browser)/./node_modules/next/dist/compiled/react-dom/cjs/react-dom.development.js:25690:9)
    at performConcurrentWorkOnRoot (webpack-internal:///(app-pages-browser)/./node_modules/next/dist/compiled/react-dom/cjs/react-dom.development.js:24504:38)
    at workLoop (webpack-internal:///(app-pages-browser)/./node_modules/next/dist/compiled/scheduler/cjs/scheduler.development.js:256:42)
    at flushWork (webpack-internal:///(app-pages-browser)/./node_modules/next/dist/compiled/scheduler/cjs/scheduler.development.js:225:14)
    at performWorkUntilDeadline (webpack-internal:///(app-pages-browser)/./node_modules/next/dist/compiled/scheduler/cjs/scheduler.development.js:534:21)
    at EventHandlerNonNull* (webpack-internal:///(app-pages-browser)/./node_modules/next/dist/compiled/scheduler/cjs/scheduler.development.js:569:3)
    at  (webpack-internal:///(app-pages-browser)/./node_modules/next/dist/compiled/scheduler/cjs/scheduler.development.js:630:5)
    at (app-pages-browser)/./node_modules/next/dist/compiled/scheduler/cjs/scheduler.development.js (http://localhost:3000/_next/static/chunks/main-app.js?v=1790278457581:113:1)
    at options.factory (http://localhost:3000/_next/static/chunks/webpack.js?v=1790278457581:715:31)
    at __webpack_require__ (http://localhost:3000/_next/static/chunks/webpack.js?v=1790278457581:37:33)
    at fn (http://localhost:3000/_next/static/chunks/webpack.js?v=1790278457581:371:21)
    at  (webpack-internal:///(app-pages-browser)/./node_modules/next/dist/compiled/scheduler/index.js:4:20)
    at (app-pages-browser)/./node_modules/next/dist/compiled/scheduler/index.js (http://localhost:3000/_next/static/chunks/main-app.js?v=1790278457581:124:1)
    at options.factory (http://localhost:3000/_next/static/chunks/webpack.js?v=1790278457581:715:31)
    at __webpack_require__ (http://localhost:3000/_next/static/chunks/webpack.js?v=1790278457581:37:33)
    at fn (http://localhost:3000/_next/static/chunks/webpack.js?v=1790278457581:371:21)
    at  (webpack-internal:///(app-pages-browser)/./node_modules/next/dist/compiled/react-dom/cjs/react-dom.development.js:27:36)
    at  (webpack-internal:///(app-pages-browser)/./node_modules/next/dist/compiled/react-dom/cjs/react-dom.development.js:38595:5)
    at (app-pages-browser)/./node_modules/next/dist/compiled/react-dom/cjs/react-dom.development.js (http://localhost:3000/_next/static/chunks/main-app.js?v=1790278457581:1847:1)
    at options.factory (http://localhost:3000/_next/static/chunks/webpack.js?v=1790278457581:715:31)
    at __webpack_require__ (http://localhost:3000/_next/static/chunks/webpack.js?v=1790278457581:37:33)
    at fn (http://localhost:3000/_next/static/chunks/webpack.js?v=1790278457581:371:21)
    at  (webpack-internal:///(app-pages-browser)/./node_modules/next/dist/compiled/react-dom/index.js:32:20)
    at (app-pages-browser)/./node_modules/next/dist/compiled/react-dom/index.js (http://localhost:3000/_next/static/chunks/main-app.js?v=1790278457581:1869:1)
    at options.factory (http://localhost:3000/_next/static/chunks/webpack.js?v=1790278457581:715:31)
    at __webpack_require__ (http://localhost:3000/_next/static/chunks/webpack.js?v=1790278457581:37:33)
    at fn (http://localhost:3000/_next/static/chunks/webpack.js?v=1790278457581:371:21)
    at  (webpack-internal:///(app-pages-browser)/./node_modules/next/dist/compiled/react-dom/client.js:3:28)
    at (app-pages-browser)/./node_modules/next/dist/compiled/react-dom/client.js (http://localhost:3000/_next/static/chunks/main-app.js?v=1790278457581:1858:1)
    at options.factory (http://localhost:3000/_next/static/chunks/webpack.js?v=1790278457581:715:31)
    at __webpack_require__ (http://localhost:3000/_next/static/chunks/webpack.js?v=1790278457581:37:33)
    at fn (http://localhost:3000/_next/static/chunks/webpack.js?v=1790278457581:371:21)
    at  (webpack-internal:///(app-pages-browser)/./node_modules/next/dist/client/app-index.js:15:58)
    at (app-pages-browser)/./node_modules/next/dist/client/app-index.js (http://localhost:3000/_next/static/chunks/main-app.js?v=1790278457581:244:1)
    at options.factory (http://localhost:3000/_next/static/chunks/webpack.js?v=1790278457581:715:31)
    at __webpack_require__ (http://localhost:3000/_next/static/chunks/webpack.js?v=1790278457581:37:33)
    at fn (http://localhost:3000/_next/static/chunks/webpack.js?v=1790278457581:371:21)
    at  (webpack-internal:///(app-pages-browser)/./node_modules/next/dist/client/app-next-dev.js:9:44)
    at appBootstrap/< (webpack-internal:///(app-pages-browser)/./node_modules/next/dist/client/app-bootstrap.js:57:9)
    at loadScriptsInSequence (webpack-internal:///(app-pages-browser)/./node_modules/next/dist/client/app-bootstrap.js:23:16)
    at appBootstrap (webpack-internal:///(app-pages-browser)/./node_modules/next/dist/client/app-bootstrap.js:56:26)
    at  (webpack-internal:///(app-pages-browser)/./node_modules/next/dist/client/app-next-dev.js:8:32)
    at (app-pages-browser)/./node_modules/next/dist/client/app-next-dev.js (http://localhost:3000/_next/static/chunks/main-app.js?v=1790278457581:266:1)
[     546ms] Error: Text content does not match server-rendered HTML.
See more info here: https://nextjs.org/docs/messages/react-hydration-error
    at checkForUnmatchedText (webpack-internal:///(app-pages-browser)/./node_modules/next/dist/compiled/react-dom/cjs/react-dom.development.js:32797:11)
    at diffHydratedProperties (webpack-internal:///(app-pages-browser)/./node_modules/next/dist/compiled/react-dom/cjs/react-dom.development.js:35055:30)
    at hydrateInstance (webpack-internal:///(app-pages-browser)/./node_modules/next/dist/compiled/react-dom/cjs/react-dom.development.js:36127:25)
    at prepareToHydrateHostInstance (webpack-internal:///(app-pages-browser)/./node_modules/next/dist/compiled/react-dom/cjs/react-dom.development.js:7246:18)
    at completeWork (webpack-internal:///(app-pages-browser)/./node_modules/next/dist/compiled/react-dom/cjs/react-dom.development.js:19769:41)
    at completeUnitOfWork (webpack-internal:///(app-pages-browser)/./node_modules/next/dist/compiled/react-dom/cjs/react-dom.development.js:25963:14)
    at performUnitOfWork (webpack-internal:///(app-pages-browser)/./node_modules/next/dist/compiled/react-dom/cjs/react-dom.development.js:25759:23)
    at workLoopConcurrent (webpack-internal:///(app-pages-browser)/./node_modules/next/dist/compiled/react-dom/cjs/react-dom.development.js:25734:22)
    at renderRootConcurrent (webpack-internal:///(app-pages-browser)/./node_modules/next/dist/compiled/react-dom/cjs/react-dom.development.js:25690:9)
    at performConcurrentWorkOnRoot (webpack-internal:///(app-pages-browser)/./node_modules/next/dist/compiled/react-dom/cjs/react-dom.development.js:24504:38)
    at workLoop (webpack-internal:///(app-pages-browser)/./node_modules/next/dist/compiled/scheduler/cjs/scheduler.development.js:256:42)
    at flushWork (webpack-internal:///(app-pages-browser)/./node_modules/next/dist/compiled/scheduler/cjs/scheduler.development.js:225:14)
    at performWorkUntilDeadline (webpack-internal:///(app-pages-browser)/./node_modules/next/dist/compiled/scheduler/cjs/scheduler.development.js:534:21)
    at EventHandlerNonNull* (webpack-internal:///(app-pages-browser)/./node_modules/next/dist/compiled/scheduler/cjs/scheduler.development.js:569:3)
    at  (webpack-internal:///(app-pages-browser)/./node_modules/next/dist/compiled/scheduler/cjs/scheduler.development.js:630:5)
    at (app-pages-browser)/./node_modules/next/dist/compiled/scheduler/cjs/scheduler.development.js (http://localhost:3000/_next/static/chunks/main-app.js?v=1790278457581:113:1)
    at options.factory (http://localhost:3000/_next/static/chunks/webpack.js?v=1790278457581:715:31)
    at __webpack_require__ (http://localhost:3000/_next/static/chunks/webpack.js?v=1790278457581:37:33)
    at fn (http://localhost:3000/_next/static/chunks/webpack.js?v=1790278457581:371:21)
    at  (webpack-internal:///(app-pages-browser)/./node_modules/next/dist/compiled/scheduler/index.js:4:20)
    at (app-pages-browser)/./node_modules/next/dist/compiled/scheduler/index.js (http://localhost:3000/_next/static/chunks/main-app.js?v=1790278457581:124:1)
    at options.factory (http://localhost:3000/_next/static/chunks/webpack.js?v=1790278457581:715:31)
    at __webpack_require__ (http://localhost:3000/_next/static/chunks/webpack.js?v=1790278457581:37:33)
    at fn (http://localhost:3000/_next/static/chunks/webpack.js?v=1790278457581:371:21)
    at  (webpack-internal:///(app-pages-browser)/./node_modules/next/dist/compiled/react-dom/cjs/react-dom.development.js:27:36)
    at  (webpack-internal:///(app-pages-browser)/./node_modules/next/dist/compiled/react-dom/cjs/react-dom.development.js:38595:5)
    at (app-pages-browser)/./node_modules/next/dist/compiled/react-dom/cjs/react-dom.development.js (http://localhost:3000/_next/static/chunks/main-app.js?v=1790278457581:1847:1)
    at options.factory (http://localhost:3000/_next/static/chunks/webpack.js?v=1790278457581:715:31)
    at __webpack_require__ (http://localhost:3000/_next/static/chunks/webpack.js?v=1790278457581:37:33)
    at fn (http://localhost:3000/_next/static/chunks/webpack.js?v=1790278457581:371:21)
    at  (webpack-internal:///(app-pages-browser)/./node_modules/next/dist/compiled/react-dom/index.js:32:20)
    at (app-pages-browser)/./node_modules/next/dist/compiled/react-dom/index.js (http://localhost:3000/_next/static/chunks/main-app.js?v=1790278457581:1869:1)
    at options.factory (http://localhost:3000/_next/static/chunks/webpack.js?v=1790278457581:715:31)
    at __webpack_require__ (http://localhost:3000/_next/static/chunks/webpack.js?v=1790278457581:37:33)
    at fn (http://localhost:3000/_next/static/chunks/webpack.js?v=1790278457581:371:21)
    at  (webpack-internal:///(app-pages-browser)/./node_modules/next/dist/compiled/react-dom/client.js:3:28)
    at (app-pages-browser)/./node_modules/next/dist/compiled/react-dom/client.js (http://localhost:3000/_next/static/chunks/main-app.js?v=1790278457581:1858:1)
    at options.factory (http://localhost:3000/_next/static/chunks/webpack.js?v=1790278457581:715:31)
    at __webpack_require__ (http://localhost:3000/_next/static/chunks/webpack.js?v=1790278457581:37:33)
    at fn (http://localhost:3000/_next/static/chunks/webpack.js?v=1790278457581:371:21)
    at  (webpack-internal:///(app-pages-browser)/./node_modules/next/dist/client/app-index.js:15:58)
    at (app-pages-browser)/./node_modules/next/dist/client/app-index.js (http://localhost:3000/_next/static/chunks/main-app.js?v=1790278457581:244:1)
    at options.factory (http://localhost:3000/_next/static/chunks/webpack.js?v=1790278457581:715:31)
    at __webpack_require__ (http://localhost:3000/_next/static/chunks/webpack.js?v=1790278457581:37:33)
    at fn (http://localhost:3000/_next/static/chunks/webpack.js?v=1790278457581:371:21)
    at  (webpack-internal:///(app-pages-browser)/./node_modules/next/dist/client/app-next-dev.js:9:44)
    at appBootstrap/< (webpack-internal:///(app-pages-browser)/./node_modules/next/dist/client/app-bootstrap.js:57:9)
    at loadScriptsInSequence (webpack-internal:///(app-pages-browser)/./node_modules/next/dist/client/app-bootstrap.js:23:16)
    at appBootstrap (webpack-internal:///(app-pages-browser)/./node_modules/next/dist/client/app-bootstrap.js:56:26)
    at  (webpack-internal:///(app-pages-browser)/./node_modules/next/dist/client/app-next-dev.js:8:32)
    at (app-pages-browser)/./node_modules/next/dist/client/app-next-dev.js (http://localhost:3000/_next/static/chunks/main-app.js?v=1790278457581:266:1)
[     546ms] Error: Text content does not match server-rendered HTML.
See more info here: https://nextjs.org/docs/messages/react-hydration-error
    at checkForUnmatchedText (webpack-internal:///(app-pages-browser)/./node_modules/next/dist/compiled/react-dom/cjs/react-dom.development.js:32797:11)
    at diffHydratedProperties (webpack-internal:///(app-pages-browser)/./node_modules/next/dist/compiled/react-dom/cjs/react-dom.development.js:35055:30)
    at hydrateInstance (webpack-internal:///(app-pages-browser)/./node_modules/next/dist/compiled/react-dom/cjs/react-dom.development.js:36127:25)
    at prepareToHydrateHostInstance (webpack-internal:///(app-pages-browser)/./node_modules/next/dist/compiled/react-dom/cjs/react-dom.development.js:7246:18)
    at completeWork (webpack-internal:///(app-pages-browser)/./node_modules/next/dist/compiled/react-dom/cjs/react-dom.development.js:19769:41)
    at completeUnitOfWork (webpack-internal:///(app-pages-browser)/./node_modules/next/dist/compiled/react-dom/cjs/react-dom.development.js:25963:14)
    at performUnitOfWork (webpack-internal:///(app-pages-browser)/./node_modules/next/dist/compiled/react-dom/cjs/react-dom.development.js:25759:23)
    at workLoopConcurrent (webpack-internal:///(app-pages-browser)/./node_modules/next/dist/compiled/react-dom/cjs/react-dom.development.js:25734:22)
    at renderRootConcurrent (webpack-internal:///(app-pages-browser)/./node_modules/next/dist/compiled/react-dom/cjs/react-dom.development.js:25690:9)
    at performConcurrentWorkOnRoot (webpack-internal:///(app-pages-browser)/./node_modules/next/dist/compiled/react-dom/cjs/react-dom.development.js:24504:38)
    at workLoop (webpack-internal:///(app-pages-browser)/./node_modules/next/dist/compiled/scheduler/cjs/scheduler.development.js:256:42)
    at flushWork (webpack-internal:///(app-pages-browser)/./node_modules/next/dist/compiled/scheduler/cjs/scheduler.development.js:225:14)
    at performWorkUntilDeadline (webpack-internal:///(app-pages-browser)/./node_modules/next/dist/compiled/scheduler/cjs/scheduler.development.js:534:21)
    at EventHandlerNonNull* (webpack-internal:///(app-pages-browser)/./node_modules/next/dist/compiled/scheduler/cjs/scheduler.development.js:569:3)
    at  (webpack-internal:///(app-pages-browser)/./node_modules/next/dist/compiled/scheduler/cjs/scheduler.development.js:630:5)
    at (app-pages-browser)/./node_modules/next/dist/compiled/scheduler/cjs/scheduler.development.js (http://localhost:3000/_next/static/chunks/main-app.js?v=1790278457581:113:1)
    at options.factory (http://localhost:3000/_next/static/chunks/webpack.js?v=1790278457581:715:31)
    at __webpack_require__ (http://localhost:3000/_next/static/chunks/webpack.js?v=1790278457581:37:33)
    at fn (http://localhost:3000/_next/static/chunks/webpack.js?v=1790278457581:371:21)
    at  (webpack-internal:///(app-pages-browser)/./node_modules/next/dist/compiled/scheduler/index.js:4:20)
    at (app-pages-browser)/./node_modules/next/dist/compiled/scheduler/index.js (http://localhost:3000/_next/static/chunks/main-app.js?v=1790278457581:124:1)
    at options.factory (http://localhost:3000/_next/static/chunks/webpack.js?v=1790278457581:715:31)
    at __webpack_require__ (http://localhost:3000/_next/static/chunks/webpack.js?v=1790278457581:37:33)
    at fn (http://localhost:3000/_next/static/chunks/webpack.js?v=1790278457581:371:21)
    at  (webpack-internal:///(app-pages-browser)/./node_modules/next/dist/compiled/react-dom/cjs/react-dom.development.js:27:36)
    at  (webpack-internal:///(app-pages-browser)/./node_modules/next/dist/compiled/react-dom/cjs/react-dom.development.js:38595:5)
    at (app-pages-browser)/./node_modules/next/dist/compiled/react-dom/cjs/react-dom.development.js (http://localhost:3000/_next/static/chunks/main-app.js?v=1790278457581:1847:1)
    at options.factory (http://localhost:3000/_next/static/chunks/webpack.js?v=1790278457581:715:31)
    at __webpack_require__ (http://localhost:3000/_next/static/chunks/webpack.js?v=1790278457581:37:33)
    at fn (http://localhost:3000/_next/static/chunks/webpack.js?v=1790278457581:371:21)
    at  (webpack-internal:///(app-pages-browser)/./node_modules/next/dist/compiled/react-dom/index.js:32:20)
    at (app-pages-browser)/./node_modules/next/dist/compiled/react-dom/index.js (http://localhost:3000/_next/static/chunks/main-app.js?v=1790278457581:1869:1)
    at options.factory (http://localhost:3000/_next/static/chunks/webpack.js?v=1790278457581:715:31)
    at __webpack_require__ (http://localhost:3000/_next/static/chunks/webpack.js?v=1790278457581:37:33)
    at fn (http://localhost:3000/_next/static/chunks/webpack.js?v=1790278457581:371:21)
    at  (webpack-internal:///(app-pages-browser)/./node_modules/next/dist/compiled/react-dom/client.js:3:28)
    at (app-pages-browser)/./node_modules/next/dist/compiled/react-dom/client.js (http://localhost:3000/_next/static/chunks/main-app.js?v=1790278457581:1858:1)
    at options.factory (http://localhost:3000/_next/static/chunks/webpack.js?v=1790278457581:715:31)
    at __webpack_require__ (http://localhost:3000/_next/static/chunks/webpack.js?v=1790278457581:37:33)
    at fn (http://localhost:3000/_next/static/chunks/webpack.js?v=1790278457581:371:21)
    at  (webpack-internal:///(app-pages-browser)/./node_modules/next/dist/client/app-index.js:15:58)
    at (app-pages-browser)/./node_modules/next/dist/client/app-index.js (http://localhost:3000/_next/static/chunks/main-app.js?v=1790278457581:244:1)
    at options.factory (http://localhost:3000/_next/static/chunks/webpack.js?v=1790278457581:715:31)
    at __webpack_require__ (http://localhost:3000/_next/static/chunks/webpack.js?v=1790278457581:37:33)
    at fn (http://localhost:3000/_next/static/chunks/webpack.js?v=1790278457581:371:21)
    at  (webpack-internal:///(app-pages-browser)/./node_modules/next/dist/client/app-next-dev.js:9:44)
    at appBootstrap/< (webpack-internal:///(app-pages-browser)/./node_modules/next/dist/client/app-bootstrap.js:57:9)
    at loadScriptsInSequence (webpack-internal:///(app-pages-browser)/./node_modules/next/dist/client/app-bootstrap.js:23:16)
    at appBootstrap (webpack-internal:///(app-pages-browser)/./node_modules/next/dist/client/app-bootstrap.js:56:26)
    at  (webpack-internal:///(app-pages-browser)/./node_modules/next/dist/client/app-next-dev.js:8:32)
    at (app-pages-browser)/./node_modules/next/dist/client/app-next-dev.js (http://localhost:3000/_next/static/chunks/main-app.js?v=1790278457581:266:1)
[     546ms] Error: Text content does not match server-rendered HTML.
See more info here: https://nextjs.org/docs/messages/react-hydration-error
    at checkForUnmatchedText (webpack-internal:///(app-pages-browser)/./node_modules/next/dist/compiled/react-dom/cjs/react-dom.development.js:32797:11)
    at diffHydratedProperties (webpack-internal:///(app-pages-browser)/./node_modules/next/dist/compiled/react-dom/cjs/react-dom.development.js:35055:30)
    at hydrateInstance (webpack-internal:///(app-pages-browser)/./node_modules/next/dist/compiled/react-dom/cjs/react-dom.development.js:36127:25)
    at prepareToHydrateHostInstance (webpack-internal:///(app-pages-browser)/./node_modules/next/dist/compiled/react-dom/cjs/react-dom.development.js:7246:18)
    at completeWork (webpack-internal:///(app-pages-browser)/./node_modules/next/dist/compiled/react-dom/cjs/react-dom.development.js:19769:41)
    at completeUnitOfWork (webpack-internal:///(app-pages-browser)/./node_modules/next/dist/compiled/react-dom/cjs/react-dom.development.js:25963:14)
    at performUnitOfWork (webpack-internal:///(app-pages-browser)/./node_modules/next/dist/compiled/react-dom/cjs/react-dom.development.js:25759:23)
    at workLoopConcurrent (webpack-internal:///(app-pages-browser)/./node_modules/next/dist/compiled/react-dom/cjs/react-dom.development.js:25734:22)
    at renderRootConcurrent (webpack-internal:///(app-pages-browser)/./node_modules/next/dist/compiled/react-dom/cjs/react-dom.development.js:25690:9)
    at performConcurrentWorkOnRoot (webpack-internal:///(app-pages-browser)/./node_modules/next/dist/compiled/react-dom/cjs/react-dom.development.js:24504:38)
    at workLoop (webpack-internal:///(app-pages-browser)/./node_modules/next/dist/compiled/scheduler/cjs/scheduler.development.js:256:42)
    at flushWork (webpack-internal:///(app-pages-browser)/./node_modules/next/dist/compiled/scheduler/cjs/scheduler.development.js:225:14)
    at performWorkUntilDeadline (webpack-internal:///(app-pages-browser)/./node_modules/next/dist/compiled/scheduler/cjs/scheduler.development.js:534:21)
    at EventHandlerNonNull* (webpack-internal:///(app-pages-browser)/./node_modules/next/dist/compiled/scheduler/cjs/scheduler.development.js:569:3)
    at  (webpack-internal:///(app-pages-browser)/./node_modules/next/dist/compiled/scheduler/cjs/scheduler.development.js:630:5)
    at (app-pages-browser)/./node_modules/next/dist/compiled/scheduler/cjs/scheduler.development.js (http://localhost:3000/_next/static/chunks/main-app.js?v=1790278457581:113:1)
    at options.factory (http://localhost:3000/_next/static/chunks/webpack.js?v=1790278457581:715:31)
    at __webpack_require__ (http://localhost:3000/_next/static/chunks/webpack.js?v=1790278457581:37:33)
    at fn (http://localhost:3000/_next/static/chunks/webpack.js?v=1790278457581:371:21)
    at  (webpack-internal:///(app-pages-browser)/./node_modules/next/dist/compiled/scheduler/index.js:4:20)
    at (app-pages-browser)/./node_modules/next/dist/compiled/scheduler/index.js (http://localhost:3000/_next/static/chunks/main-app.js?v=1790278457581:124:1)
    at options.factory (http://localhost:3000/_next/static/chunks/webpack.js?v=1790278457581:715:31)
    at __webpack_require__ (http://localhost:3000/_next/static/chunks/webpack.js?v=1790278457581:37:33)
    at fn (http://localhost:3000/_next/static/chunks/webpack.js?v=1790278457581:371:21)
    at  (webpack-internal:///(app-pages-browser)/./node_modules/next/dist/compiled/react-dom/cjs/react-dom.development.js:27:36)
    at  (webpack-internal:///(app-pages-browser)/./node_modules/next/dist/compiled/react-dom/cjs/react-dom.development.js:38595:5)
    at (app-pages-browser)/./node_modules/next/dist/compiled/react-dom/cjs/react-dom.development.js (http://localhost:3000/_next/static/chunks/main-app.js?v=1790278457581:1847:1)
    at options.factory (http://localhost:3000/_next/static/chunks/webpack.js?v=1790278457581:715:31)
    at __webpack_require__ (http://localhost:3000/_next/static/chunks/webpack.js?v=1790278457581:37:33)
    at fn (http://localhost:3000/_next/static/chunks/webpack.js?v=1790278457581:371:21)
    at  (webpack-internal:///(app-pages-browser)/./node_modules/next/dist/compiled/react-dom/index.js:32:20)
    at (app-pages-browser)/./node_modules/next/dist/compiled/react-dom/index.js (http://localhost:3000/_next/static/chunks/main-app.js?v=1790278457581:1869:1)
    at options.factory (http://localhost:3000/_next/static/chunks/webpack.js?v=1790278457581:715:31)
    at __webpack_require__ (http://localhost:3000/_next/static/chunks/webpack.js?v=1790278457581:37:33)
    at fn (http://localhost:3000/_next/static/chunks/webpack.js?v=1790278457581:371:21)
    at  (webpack-internal:///(app-pages-browser)/./node_modules/next/dist/compiled/react-dom/client.js:3:28)
    at (app-pages-browser)/./node_modules/next/dist/compiled/react-dom/client.js (http://localhost:3000/_next/static/chunks/main-app.js?v=1790278457581:1858:1)
    at options.factory (http://localhost:3000/_next/static/chunks/webpack.js?v=1790278457581:715:31)
    at __webpack_require__ (http://localhost:3000/_next/static/chunks/webpack.js?v=1790278457581:37:33)
    at fn (http://localhost:3000/_next/static/chunks/webpack.js?v=1790278457581:371:21)
    at  (webpack-internal:///(app-pages-browser)/./node_modules/next/dist/client/app-index.js:15:58)
    at (app-pages-browser)/./node_modules/next/dist/client/app-index.js (http://localhost:3000/_next/static/chunks/main-app.js?v=1790278457581:244:1)
    at options.factory (http://localhost:3000/_next/static/chunks/webpack.js?v=1790278457581:715:31)
    at __webpack_require__ (http://localhost:3000/_next/static/chunks/webpack.js?v=1790278457581:37:33)
    at fn (http://localhost:3000/_next/static/chunks/webpack.js?v=1790278457581:371:21)
    at  (webpack-internal:///(app-pages-browser)/./node_modules/next/dist/client/app-next-dev.js:9:44)
    at appBootstrap/< (webpack-internal:///(app-pages-browser)/./node_modules/next/dist/client/app-bootstrap.js:57:9)
    at loadScriptsInSequence (webpack-internal:///(app-pages-browser)/./node_modules/next/dist/client/app-bootstrap.js:23:16)
    at appBootstrap (webpack-internal:///(app-pages-browser)/./node_modules/next/dist/client/app-bootstrap.js:56:26)
    at  (webpack-internal:///(app-pages-browser)/./node_modules/next/dist/client/app-next-dev.js:8:32)
    at (app-pages-browser)/./node_modules/next/dist/client/app-next-dev.js (http://localhost:3000/_next/static/chunks/main-app.js?v=1790278457581:266:1)
[     560ms] Error: There was an error while hydrating. Because the error happened outside of a Suspense boundary, the entire root will switch to client rendering.
    at updateHostRoot (webpack-internal:///(app-pages-browser)/./node_modules/next/dist/compiled/react-dom/cjs/react-dom.development.js:16571:57)
    at beginWork$1 (webpack-internal:///(app-pages-browser)/./node_modules/next/dist/compiled/react-dom/cjs/react-dom.development.js:18486:14)
    at beginWork (webpack-internal:///(app-pages-browser)/./node_modules/next/dist/compiled/react-dom/cjs/react-dom.development.js:26927:14)
    at performUnitOfWork (webpack-internal:///(app-pages-browser)/./node_modules/next/dist/compiled/react-dom/cjs/react-dom.development.js:25748:12)
    at workLoopSync (webpack-internal:///(app-pages-browser)/./node_modules/next/dist/compiled/react-dom/cjs/react-dom.development.js:25464:22)
    at renderRootSync (webpack-internal:///(app-pages-browser)/./node_modules/next/dist/compiled/react-dom/cjs/react-dom.development.js:25419:7)
    at recoverFromConcurrentError (webpack-internal:///(app-pages-browser)/./node_modules/next/dist/compiled/react-dom/cjs/react-dom.development.js:24597:34)
    at performConcurrentWorkOnRoot (webpack-internal:///(app-pages-browser)/./node_modules/next/dist/compiled/react-dom/cjs/react-dom.development.js:24542:26)
    at workLoop (webpack-internal:///(app-pages-browser)/./node_modules/next/dist/compiled/scheduler/cjs/scheduler.development.js:256:42)
    at flushWork (webpack-internal:///(app-pages-browser)/./node_modules/next/dist/compiled/scheduler/cjs/scheduler.development.js:225:14)
    at performWorkUntilDeadline (webpack-internal:///(app-pages-browser)/./node_modules/next/dist/compiled/scheduler/cjs/scheduler.development.js:534:21)
    at EventHandlerNonNull* (webpack-internal:///(app-pages-browser)/./node_modules/next/dist/compiled/scheduler/cjs/scheduler.development.js:569:3)
    at  (webpack-internal:///(app-pages-browser)/./node_modules/next/dist/compiled/scheduler/cjs/scheduler.development.js:630:5)
    at (app-pages-browser)/./node_modules/next/dist/compiled/scheduler/cjs/scheduler.development.js (http://localhost:3000/_next/static/chunks/main-app.js?v=1790278457581:113:1)
    at options.factory (http://localhost:3000/_next/static/chunks/webpack.js?v=1790278457581:715:31)
    at __webpack_require__ (http://localhost:3000/_next/static/chunks/webpack.js?v=1790278457581:37:33)
    at fn (http://localhost:3000/_next/static/chunks/webpack.js?v=1790278457581:371:21)
    at  (webpack-internal:///(app-pages-browser)/./node_modules/next/dist/compiled/scheduler/index.js:4:20)
    at (app-pages-browser)/./node_modules/next/dist/compiled/scheduler/index.js (http://localhost:3000/_next/static/chunks/main-app.js?v=1790278457581:124:1)
    at options.factory (http://localhost:3000/_next/static/chunks/webpack.js?v=1790278457581:715:31)
    at __webpack_require__ (http://localhost:3000/_next/static/chunks/webpack.js?v=1790278457581:37:33)
    at fn (http://localhost:3000/_next/static/chunks/webpack.js?v=1790278457581:371:21)
    at  (webpack-internal:///(app-pages-browser)/./node_modules/next/dist/compiled/react-dom/cjs/react-dom.development.js:27:36)
    at  (webpack-internal:///(app-pages-browser)/./node_modules/next/dist/compiled/react-dom/cjs/react-dom.development.js:38595:5)
    at (app-pages-browser)/./node_modules/next/dist/compiled/react-dom/cjs/react-dom.development.js (http://localhost:3000/_next/static/chunks/main-app.js?v=1790278457581:1847:1)
    at options.factory (http://localhost:3000/_next/static/chunks/webpack.js?v=1790278457581:715:31)
    at __webpack_require__ (http://localhost:3000/_next/static/chunks/webpack.js?v=1790278457581:37:33)
    at fn (http://localhost:3000/_next/static/chunks/webpack.js?v=1790278457581:371:21)
    at  (webpack-internal:///(app-pages-browser)/./node_modules/next/dist/compiled/react-dom/index.js:32:20)
    at (app-pages-browser)/./node_modules/next/dist/compiled/react-dom/index.js (http://localhost:3000/_next/static/chunks/main-app.js?v=1790278457581:1869:1)
    at options.factory (http://localhost:3000/_next/static/chunks/webpack.js?v=1790278457581:715:31)
    at __webpack_require__ (http://localhost:3000/_next/static/chunks/webpack.js?v=1790278457581:37:33)
    at fn (http://localhost:3000/_next/static/chunks/webpack.js?v=1790278457581:371:21)
    at  (webpack-internal:///(app-pages-browser)/./node_modules/next/dist/compiled/react-dom/client.js:3:28)
    at (app-pages-browser)/./node_modules/next/dist/compiled/react-dom/client.js (http://localhost:3000/_next/static/chunks/main-app.js?v=1790278457581:1858:1)
    at options.factory (http://localhost:3000/_next/static/chunks/webpack.js?v=1790278457581:715:31)
    at __webpack_require__ (http://localhost:3000/_next/static/chunks/webpack.js?v=1790278457581:37:33)
    at fn (http://localhost:3000/_next/static/chunks/webpack.js?v=1790278457581:371:21)
    at  (webpack-internal:///(app-pages-browser)/./node_modules/next/dist/client/app-index.js:15:58)
    at (app-pages-browser)/./node_modules/next/dist/client/app-index.js (http://localhost:3000/_next/static/chunks/main-app.js?v=1790278457581:244:1)
    at options.factory (http://localhost:3000/_next/static/chunks/webpack.js?v=1790278457581:715:31)
    at __webpack_require__ (http://localhost:3000/_next/static/chunks/webpack.js?v=1790278457581:37:33)
    at fn (http://localhost:3000/_next/static/chunks/webpack.js?v=1790278457581:371:21)
    at  (webpack-internal:///(app-pages-browser)/./node_modules/next/dist/client/app-next-dev.js:9:44)
    at appBootstrap/< (webpack-internal:///(app-pages-browser)/./node_modules/next/dist/client/app-bootstrap.js:57:9)
    at loadScriptsInSequence (webpack-internal:///(app-pages-browser)/./node_modules/next/dist/client/app-bootstrap.js:23:16)
    at appBootstrap (webpack-internal:///(app-pages-browser)/./node_modules/next/dist/client/app-bootstrap.js:56:26)
    at  (webpack-internal:///(app-pages-browser)/./node_modules/next/dist/client/app-next-dev.js:8:32)
    at (app-pages-browser)/./node_modules/next/dist/client/app-next-dev.js (http://localhost:3000/_next/static/chunks/main-app.js?v=1790278457581:266:1)
    at options.factory (http://localhost:3000/_next/static/chunks/webpack.js?v=1790278457581:715:31)
    at __webpack_require__ (http://localhost:3000/_next/static/chunks/webpack.js?v=1790278457581:37:33)
[     903ms] [WARNING] [JavaScript Warning: "A resource is blocked by OpaqueResponseBlocking, please check browser console for details." {file: "https://lh3.googleusercontent.com/aida/AEtjO1X846d3k35eqtuPzI3ksBZBgmsuatplYf7WFWYM_h4CQ9S0k_6yUwv3OxFWwjbIzs3k1JV2GDlAvxoRA-gLT5iFVboFFwqvpvgYPsc_RyoM3YuBNu9NzPARAaC6kV6UJAhH0RowmMOGkuZnERI4p8pDkvgiSk39AQI3ZKfgNVDlH8G2iRraUJ4l3kVc7G4FOOYXP0NMkYeXWm6DwN2oPcnaPAhJ9SrQiTBLsgXyla-zluPTCI_cNnaWLpKk" line: 0}] @ https://lh3.googleusercontent.com/aida/AEtjO1X846d3k35eqtuPzI3ksBZBgmsuatplYf7WFWYM_h4CQ9S0k_6yUwv3OxFWwjbIzs3k1JV2GDlAvxoRA-gLT5iFVboFFwqvpvgYPsc_RyoM3YuBNu9NzPARAaC6kV6UJAhH0RowmMOGkuZnERI4p8pDkvgiSk39AQI3ZKfgNVDlH8G2iRraUJ4l3kVc7G4FOOYXP0NMkYeXWm6DwN2oPcnaPAhJ9SrQiTBLsgXyla-zluPTCI_cNnaWLpKk:0
[    1030ms] [ERROR] [JavaScript Error: "Firefox can’t establish a connection to the server at ws://localhost:8001/ws/pulse." {file: "http://localhost:3000/_next/static/chunks/_app-pages-browser_src_components_LiveTelemetryMap_tsx.js line 39 > eval" line: 135}] @ http://localhost:3000/_next/static/chunks/_app-pages-browser_src_components_LiveTelemetryMap_tsx.js line 39 > eval:135
[    1037ms] [ERROR] [JavaScript Error: "The connection to ws://localhost:8001/ws/pulse was interrupted while the page was loading." {file: "http://localhost:3000/_next/static/chunks/_app-pages-browser_src_components_LiveTelemetryMap_tsx.js line 39 > eval" line: 135}] @ http://localhost:3000/_next/static/chunks/_app-pages-browser_src_components_LiveTelemetryMap_tsx.js line 39 > eval:135
[    1177ms] [ERROR] The above error occurred in the <NotFoundErrorBoundary> component:

div
MapContainerComponent@webpack-internal:///(app-pages-browser)/./node_modules/react-leaflet/lib/MapContainer.js:25:31
div
div
LiveTelemetryMap@webpack-internal:///(app-pages-browser)/./src/components/LiveTelemetryMap.tsx:99:80
BailoutToCSR@webpack-internal:///(app-pages-browser)/./node_modules/next/dist/shared/lib/lazy-dynamic/dynamic-bailout-to-csr.js:13:32
Suspense
LoadableComponent
section
main
OverviewPage@webpack-internal:///(app-pages-browser)/./src/app/overview/page.tsx:52:72
ClientPageRoot@webpack-internal:///(app-pages-browser)/./node_modules/next/dist/client/components/client-page.js:14:32
InnerLayoutRouter@webpack-internal:///(app-pages-browser)/./node_modules/next/dist/client/components/layout-router.js:244:18
RedirectErrorBoundary@webpack-internal:///(app-pages-browser)/./node_modules/next/dist/client/components/redirect-boundary.js:74:9
RedirectBoundary@webpack-internal:///(app-pages-browser)/./node_modules/next/dist/client/components/redirect-boundary.js:82:24
NotFoundBoundary@webpack-internal:///(app-pages-browser)/./node_modules/next/dist/client/components/not-found-boundary.js:84:62
LoadingBoundary@webpack-internal:///(app-pages-browser)/./node_modules/next/dist/client/components/layout-router.js:349:76
ErrorBoundary@webpack-internal:///(app-pages-browser)/./node_modules/next/dist/client/components/error-boundary.js:160:67
InnerScrollAndFocusHandler@webpack-internal:///(app-pages-browser)/./node_modules/next/dist/client/components/layout-router.js:153:9
ScrollAndFocusHandler@webpack-internal:///(app-pages-browser)/./node_modules/next/dist/client/components/layout-router.js:228:37
RenderFromTemplateContext@webpack-internal:///(app-pages-browser)/./node_modules/next/dist/client/components/render-from-template-context.js:16:44
OuterLayoutRouter@webpack-internal:///(app-pages-browser)/./node_modules/next/dist/client/components/layout-router.js:370:149
InnerLayoutRouter@webpack-internal:///(app-pages-browser)/./node_modules/next/dist/client/components/layout-router.js:244:18
RedirectErrorBoundary@webpack-internal:///(app-pages-browser)/./node_modules/next/dist/client/components/redirect-boundary.js:74:9
RedirectBoundary@webpack-internal:///(app-pages-browser)/./node_modules/next/dist/client/components/redirect-boundary.js:82:24
NotFoundErrorBoundary@webpack-internal:///(app-pages-browser)/./node_modules/next/dist/client/components/not-found-boundary.js:76:9
NotFoundBoundary@webpack-internal:///(app-pages-browser)/./node_modules/next/dist/client/components/not-found-boundary.js:84:62
LoadingBoundary@webpack-internal:///(app-pages-browser)/./node_modules/next/dist/client/components/layout-router.js:349:76
ErrorBoundary@webpack-internal:///(app-pages-browser)/./node_modules/next/dist/client/components/error-boundary.js:160:67
InnerScrollAndFocusHandler@webpack-internal:///(app-pages-browser)/./node_modules/next/dist/client/components/layout-router.js:153:9
ScrollAndFocusHandler@webpack-internal:///(app-pages-browser)/./node_modules/next/dist/client/components/layout-router.js:228:37
RenderFromTemplateContext@webpack-internal:///(app-pages-browser)/./node_modules/next/dist/client/components/render-from-template-context.js:16:44
OuterLayoutRouter@webpack-internal:///(app-pages-browser)/./node_modules/next/dist/client/components/layout-router.js:370:149
body
html
RootLayout (Server)
RedirectErrorBoundary@webpack-internal:///(app-pages-browser)/./node_modules/next/dist/client/components/redirect-boundary.js:74:9
RedirectBoundary@webpack-internal:///(app-pages-browser)/./node_modules/next/dist/client/components/redirect-boundary.js:82:24
NotFoundErrorBoundary@webpack-internal:///(app-pages-browser)/./node_modules/next/dist/client/components/not-found-boundary.js:76:9
NotFoundBoundary@webpack-internal:///(app-pages-browser)/./node_modules/next/dist/client/components/not-found-boundary.js:84:62
DevRootNotFoundBoundary@webpack-internal:///(app-pages-browser)/./node_modules/next/dist/client/components/dev-root-not-found-boundary.js:33:24
ReactDevOverlay@webpack-internal:///(app-pages-browser)/./node_modules/next/dist/client/components/react-dev-overlay/app/ReactDevOverlay.js:87:9
HotReload@webpack-internal:///(app-pages-browser)/./node_modules/next/dist/client/components/react-dev-overlay/app/hot-reloader-client.js:321:37
Router@webpack-internal:///(app-pages-browser)/./node_modules/next/dist/client/components/app-router.js:207:123
ErrorBoundaryHandler@webpack-internal:///(app-pages-browser)/./node_modules/next/dist/client/components/error-boundary.js:113:9
ErrorBoundary@webpack-internal:///(app-pages-browser)/./node_modules/next/dist/client/components/error-boundary.js:160:67
AppRouter@webpack-internal:///(app-pages-browser)/./node_modules/next/dist/client/components/app-router.js:585:47
ServerRoot@webpack-internal:///(app-pages-browser)/./node_modules/next/dist/client/app-index.js:112:27
Root@webpack-internal:///(app-pages-browser)/./node_modules/next/dist/client/app-index.js:117:24

React will try to recreate this component tree from scratch using the error boundary you provided, ReactDevOverlay. @ webpack-internal:///(app-pages-browser)/./node_modules/next/dist/client/app-index.js:32
[    1211ms] Error: Map container is already initialized.
    at _initContainer (webpack-internal:///(app-pages-browser)/./node_modules/leaflet/dist/leaflet-src.js:4206:12)
    at initialize (webpack-internal:///(app-pages-browser)/./node_modules/leaflet/dist/leaflet-src.js:3248:10)
    at NewClass (webpack-internal:///(app-pages-browser)/./node_modules/leaflet/dist/leaflet-src.js:301:22)
    at MapContainerComponent/mapRef< (webpack-internal:///(app-pages-browser)/./node_modules/react-leaflet/lib/MapContainer.js:37:25)
    at commitAttachRef (webpack-internal:///(app-pages-browser)/./node_modules/next/dist/compiled/react-dom/cjs/react-dom.development.js:21677:37)
    at safelyAttachRef (webpack-internal:///(app-pages-browser)/./node_modules/next/dist/compiled/react-dom/cjs/react-dom.development.js:20803:20)
    at reappearLayoutEffects (webpack-internal:///(app-pages-browser)/./node_modules/next/dist/compiled/react-dom/cjs/react-dom.development.js:23082:24)
    at recursivelyTraverseReappearLayoutEffects (webpack-internal:///(app-pages-browser)/./node_modules/next/dist/compiled/react-dom/cjs/react-dom.development.js:23142:26)
    at reappearLayoutEffects (webpack-internal:///(app-pages-browser)/./node_modules/next/dist/compiled/react-dom/cjs/react-dom.development.js:23024:49)
    at recursivelyTraverseReappearLayoutEffects (webpack-internal:///(app-pages-browser)/./node_modules/next/dist/compiled/react-dom/cjs/react-dom.development.js:23142:26)
    at reappearLayoutEffects (webpack-internal:///(app-pages-browser)/./node_modules/next/dist/compiled/react-dom/cjs/react-dom.development.js:23072:49)
    at recursivelyTraverseReappearLayoutEffects (webpack-internal:///(app-pages-browser)/./node_modules/next/dist/compiled/react-dom/cjs/react-dom.development.js:23142:26)
    at reappearLayoutEffects (webpack-internal:///(app-pages-browser)/./node_modules/next/dist/compiled/react-dom/cjs/react-dom.development.js:23072:49)
    at recursivelyTraverseReappearLayoutEffects (webpack-internal:///(app-pages-browser)/./node_modules/next/dist/compiled/react-dom/cjs/react-dom.development.js:23142:26)
    at reappearLayoutEffects (webpack-internal:///(app-pages-browser)/./node_modules/next/dist/compiled/react-dom/cjs/react-dom.development.js:23024:49)
    at recursivelyTraverseReappearLayoutEffects (webpack-internal:///(app-pages-browser)/./node_modules/next/dist/compiled/react-dom/cjs/react-dom.development.js:23142:26)
    at reappearLayoutEffects (webpack-internal:///(app-pages-browser)/./node_modules/next/dist/compiled/react-dom/cjs/react-dom.development.js:23024:49)
    at recursivelyTraverseReappearLayoutEffects (webpack-internal:///(app-pages-browser)/./node_modules/next/dist/compiled/react-dom/cjs/react-dom.development.js:23142:26)
    at commitLayoutEffectOnFiber (webpack-internal:///(app-pages-browser)/./node_modules/next/dist/compiled/react-dom/cjs/react-dom.development.js:21550:55)
    at recursivelyTraverseLayoutEffects (webpack-internal:///(app-pages-browser)/./node_modules/next/dist/compiled/react-dom/cjs/react-dom.development.js:22926:32)
    at commitLayoutEffectOnFiber (webpack-internal:///(app-pages-browser)/./node_modules/next/dist/compiled/react-dom/cjs/react-dom.development.js:21518:41)
    at recursivelyTraverseLayoutEffects (webpack-internal:///(app-pages-browser)/./node_modules/next/dist/compiled/react-dom/cjs/react-dom.development.js:22926:32)
    at commitLayoutEffectOnFiber (webpack-internal:///(app-pages-browser)/./node_modules/next/dist/compiled/react-dom/cjs/react-dom.development.js:21407:41)
    at recursivelyTraverseLayoutEffects (webpack-internal:///(app-pages-browser)/./node_modules/next/dist/compiled/react-dom/cjs/react-dom.development.js:22926:32)
    at commitLayoutEffectOnFiber (webpack-internal:///(app-pages-browser)/./node_modules/next/dist/compiled/react-dom/cjs/react-dom.development.js:21488:41)
    at recursivelyTraverseLayoutEffects (webpack-internal:///(app-pages-browser)/./node_modules/next/dist/compiled/react-dom/cjs/react-dom.development.js:22926:32)
    at commitLayoutEffectOnFiber (webpack-internal:///(app-pages-browser)/./node_modules/next/dist/compiled/react-dom/cjs/react-dom.development.js:21488:41)
    at recursivelyTraverseLayoutEffects (webpack-internal:///(app-pages-browser)/./node_modules/next/dist/compiled/react-dom/cjs/react-dom.development.js:22926:32)
    at commitLayoutEffectOnFiber (webpack-internal:///(app-pages-browser)/./node_modules/next/dist/compiled/react-dom/cjs/react-dom.development.js:21407:41)
    at recursivelyTraverseLayoutEffects (webpack-internal:///(app-pages-browser)/./node_modules/next/dist/compiled/react-dom/cjs/react-dom.development.js:22926:32)
    at commitLayoutEffectOnFiber (webpack-internal:///(app-pages-browser)/./node_modules/next/dist/compiled/react-dom/cjs/react-dom.development.js:21407:41)
    at recursivelyTraverseLayoutEffects (webpack-internal:///(app-pages-browser)/./node_modules/next/dist/compiled/react-dom/cjs/react-dom.development.js:22926:32)
    at commitLayoutEffectOnFiber (webpack-internal:///(app-pages-browser)/./node_modules/next/dist/compiled/react-dom/cjs/react-dom.development.js:21577:41)
    at recursivelyTraverseLayoutEffects (webpack-internal:///(app-pages-browser)/./node_modules/next/dist/compiled/react-dom/cjs/react-dom.development.js:22926:32)
    at commitLayoutEffectOnFiber (webpack-internal:///(app-pages-browser)/./node_modules/next/dist/compiled/react-dom/cjs/react-dom.development.js:21577:41)
    at recursivelyTraverseLayoutEffects (webpack-internal:///(app-pages-browser)/./node_modules/next/dist/compiled/react-dom/cjs/react-dom.development.js:22926:32)
    at commitLayoutEffectOnFiber (webpack-internal:///(app-pages-browser)/./node_modules/next/dist/compiled/react-dom/cjs/react-dom.development.js:21407:41)
    at recursivelyTraverseLayoutEffects (webpack-internal:///(app-pages-browser)/./node_modules/next/dist/compiled/react-dom/cjs/react-dom.development.js:22926:32)
    at commitLayoutEffectOnFiber (webpack-internal:///(app-pages-browser)/./node_modules/next/dist/compiled/react-dom/cjs/react-dom.development.js:21418:41)
    at recursivelyTraverseLayoutEffects (webpack-internal:///(app-pages-browser)/./node_modules/next/dist/compiled/react-dom/cjs/react-dom.development.js:22926:32)
    at commitLayoutEffectOnFiber (webpack-internal:///(app-pages-browser)/./node_modules/next/dist/compiled/react-dom/cjs/react-dom.development.js:21407:41)
    at recursivelyTraverseLayoutEffects (webpack-internal:///(app-pages-browser)/./node_modules/next/dist/compiled/react-dom/cjs/react-dom.development.js:22926:32)
    at commitLayoutEffectOnFiber (webpack-internal:///(app-pages-browser)/./node_modules/next/dist/compiled/react-dom/cjs/react-dom.development.js:21407:41)
    at recursivelyTraverseLayoutEffects (webpack-internal:///(app-pages-browser)/./node_modules/next/dist/compiled/react-dom/cjs/react-dom.development.js:22926:32)
    at commitLayoutEffectOnFiber (webpack-internal:///(app-pages-browser)/./node_modules/next/dist/compiled/react-dom/cjs/react-dom.development.js:21407:41)
    at recursivelyTraverseLayoutEffects (webpack-internal:///(app-pages-browser)/./node_modules/next/dist/compiled/react-dom/cjs/react-dom.development.js:22926:32)
    at commitLayoutEffectOnFiber (webpack-internal:///(app-pages-browser)/./node_modules/next/dist/compiled/react-dom/cjs/react-dom.development.js:21407:41)
    at recursivelyTraverseLayoutEffects (webpack-internal:///(app-pages-browser)/./node_modules/next/dist/compiled/react-dom/cjs/react-dom.development.js:22926:32)
    at commitLayoutEffectOnFiber (webpack-internal:///(app-pages-browser)/./node_modules/next/dist/compiled/react-dom/cjs/react-dom.development.js:21418:41)
    at recursivelyTraverseLayoutEffects (webpack-internal:///(app-pages-browser)/./node_modules/next/dist/compiled/react-dom/cjs/react-dom.development.js:22926:32)
[    1211ms] Error: Map container is already initialized.
    at _initContainer (webpack-internal:///(app-pages-browser)/./node_modules/leaflet/dist/leaflet-src.js:4206:12)
    at initialize (webpack-internal:///(app-pages-browser)/./node_modules/leaflet/dist/leaflet-src.js:3248:10)
    at NewClass (webpack-internal:///(app-pages-browser)/./node_modules/leaflet/dist/leaflet-src.js:301:22)
    at MapContainerComponent/mapRef< (webpack-internal:///(app-pages-browser)/./node_modules/react-leaflet/lib/MapContainer.js:37:25)
    at commitAttachRef (webpack-internal:///(app-pages-browser)/./node_modules/next/dist/compiled/react-dom/cjs/react-dom.development.js:21677:37)
    at safelyAttachRef (webpack-internal:///(app-pages-browser)/./node_modules/next/dist/compiled/react-dom/cjs/react-dom.development.js:20803:20)
    at reappearLayoutEffects (webpack-internal:///(app-pages-browser)/./node_modules/next/dist/compiled/react-dom/cjs/react-dom.development.js:23082:24)
    at recursivelyTraverseReappearLayoutEffects (webpack-internal:///(app-pages-browser)/./node_modules/next/dist/compiled/react-dom/cjs/react-dom.development.js:23142:26)
    at reappearLayoutEffects (webpack-internal:///(app-pages-browser)/./node_modules/next/dist/compiled/react-dom/cjs/react-dom.development.js:23024:49)
    at recursivelyTraverseReappearLayoutEffects (webpack-internal:///(app-pages-browser)/./node_modules/next/dist/compiled/react-dom/cjs/react-dom.development.js:23142:26)
    at reappearLayoutEffects (webpack-internal:///(app-pages-browser)/./node_modules/next/dist/compiled/react-dom/cjs/react-dom.development.js:23072:49)
    at recursivelyTraverseReappearLayoutEffects (webpack-internal:///(app-pages-browser)/./node_modules/next/dist/compiled/react-dom/cjs/react-dom.development.js:23142:26)
    at reappearLayoutEffects (webpack-internal:///(app-pages-browser)/./node_modules/next/dist/compiled/react-dom/cjs/react-dom.development.js:23072:49)
    at recursivelyTraverseReappearLayoutEffects (webpack-internal:///(app-pages-browser)/./node_modules/next/dist/compiled/react-dom/cjs/react-dom.development.js:23142:26)
    at reappearLayoutEffects (webpack-internal:///(app-pages-browser)/./node_modules/next/dist/compiled/react-dom/cjs/react-dom.development.js:23024:49)
    at recursivelyTraverseReappearLayoutEffects (webpack-internal:///(app-pages-browser)/./node_modules/next/dist/compiled/react-dom/cjs/react-dom.development.js:23142:26)
    at reappearLayoutEffects (webpack-internal:///(app-pages-browser)/./node_modules/next/dist/compiled/react-dom/cjs/react-dom.development.js:23024:49)
    at recursivelyTraverseReappearLayoutEffects (webpack-internal:///(app-pages-browser)/./node_modules/next/dist/compiled/react-dom/cjs/react-dom.development.js:23142:26)
    at commitLayoutEffectOnFiber (webpack-internal:///(app-pages-browser)/./node_modules/next/dist/compiled/react-dom/cjs/react-dom.development.js:21550:55)
    at recursivelyTraverseLayoutEffects (webpack-internal:///(app-pages-browser)/./node_modules/next/dist/compiled/react-dom/cjs/react-dom.development.js:22926:32)
    at commitLayoutEffectOnFiber (webpack-internal:///(app-pages-browser)/./node_modules/next/dist/compiled/react-dom/cjs/react-dom.development.js:21518:41)
    at recursivelyTraverseLayoutEffects (webpack-internal:///(app-pages-browser)/./node_modules/next/dist/compiled/react-dom/cjs/react-dom.development.js:22926:32)
    at commitLayoutEffectOnFiber (webpack-internal:///(app-pages-browser)/./node_modules/next/dist/compiled/react-dom/cjs/react-dom.development.js:21407:41)
    at recursivelyTraverseLayoutEffects (webpack-internal:///(app-pages-browser)/./node_modules/next/dist/compiled/react-dom/cjs/react-dom.development.js:22926:32)
    at commitLayoutEffectOnFiber (webpack-internal:///(app-pages-browser)/./node_modules/next/dist/compiled/react-dom/cjs/react-dom.development.js:21488:41)
    at recursivelyTraverseLayoutEffects (webpack-internal:///(app-pages-browser)/./node_modules/next/dist/compiled/react-dom/cjs/react-dom.development.js:22926:32)
    at commitLayoutEffectOnFiber (webpack-internal:///(app-pages-browser)/./node_modules/next/dist/compiled/react-dom/cjs/react-dom.development.js:21488:41)
    at recursivelyTraverseLayoutEffects (webpack-internal:///(app-pages-browser)/./node_modules/next/dist/compiled/react-dom/cjs/react-dom.development.js:22926:32)
    at commitLayoutEffectOnFiber (webpack-internal:///(app-pages-browser)/./node_modules/next/dist/compiled/react-dom/cjs/react-dom.development.js:21407:41)
    at recursivelyTraverseLayoutEffects (webpack-internal:///(app-pages-browser)/./node_modules/next/dist/compiled/react-dom/cjs/react-dom.development.js:22926:32)
    at commitLayoutEffectOnFiber (webpack-internal:///(app-pages-browser)/./node_modules/next/dist/compiled/react-dom/cjs/react-dom.development.js:21407:41)
    at recursivelyTraverseLayoutEffects (webpack-internal:///(app-pages-browser)/./node_modules/next/dist/compiled/react-dom/cjs/react-dom.development.js:22926:32)
    at commitLayoutEffectOnFiber (webpack-internal:///(app-pages-browser)/./node_modules/next/dist/compiled/react-dom/cjs/react-dom.development.js:21577:41)
    at recursivelyTraverseLayoutEffects (webpack-internal:///(app-pages-browser)/./node_modules/next/dist/compiled/react-dom/cjs/react-dom.development.js:22926:32)
    at commitLayoutEffectOnFiber (webpack-internal:///(app-pages-browser)/./node_modules/next/dist/compiled/react-dom/cjs/react-dom.development.js:21577:41)
    at recursivelyTraverseLayoutEffects (webpack-internal:///(app-pages-browser)/./node_modules/next/dist/compiled/react-dom/cjs/react-dom.development.js:22926:32)
    at commitLayoutEffectOnFiber (webpack-internal:///(app-pages-browser)/./node_modules/next/dist/compiled/react-dom/cjs/react-dom.development.js:21407:41)
    at recursivelyTraverseLayoutEffects (webpack-internal:///(app-pages-browser)/./node_modules/next/dist/compiled/react-dom/cjs/react-dom.development.js:22926:32)
    at commitLayoutEffectOnFiber (webpack-internal:///(app-pages-browser)/./node_modules/next/dist/compiled/react-dom/cjs/react-dom.development.js:21418:41)
    at recursivelyTraverseLayoutEffects (webpack-internal:///(app-pages-browser)/./node_modules/next/dist/compiled/react-dom/cjs/react-dom.development.js:22926:32)
    at commitLayoutEffectOnFiber (webpack-internal:///(app-pages-browser)/./node_modules/next/dist/compiled/react-dom/cjs/react-dom.development.js:21407:41)
    at recursivelyTraverseLayoutEffects (webpack-internal:///(app-pages-browser)/./node_modules/next/dist/compiled/react-dom/cjs/react-dom.development.js:22926:32)
    at commitLayoutEffectOnFiber (webpack-internal:///(app-pages-browser)/./node_modules/next/dist/compiled/react-dom/cjs/react-dom.development.js:21407:41)
    at recursivelyTraverseLayoutEffects (webpack-internal:///(app-pages-browser)/./node_modules/next/dist/compiled/react-dom/cjs/react-dom.development.js:22926:32)
    at commitLayoutEffectOnFiber (webpack-internal:///(app-pages-browser)/./node_modules/next/dist/compiled/react-dom/cjs/react-dom.development.js:21407:41)
    at recursivelyTraverseLayoutEffects (webpack-internal:///(app-pages-browser)/./node_modules/next/dist/compiled/react-dom/cjs/react-dom.development.js:22926:32)
    at commitLayoutEffectOnFiber (webpack-internal:///(app-pages-browser)/./node_modules/next/dist/compiled/react-dom/cjs/react-dom.development.js:21407:41)
    at recursivelyTraverseLayoutEffects (webpack-internal:///(app-pages-browser)/./node_modules/next/dist/compiled/react-dom/cjs/react-dom.development.js:22926:32)
    at commitLayoutEffectOnFiber (webpack-internal:///(app-pages-browser)/./node_modules/next/dist/compiled/react-dom/cjs/react-dom.development.js:21418:41)
    at recursivelyTraverseLayoutEffects (webpack-internal:///(app-pages-browser)/./node_modules/next/dist/compiled/react-dom/cjs/react-dom.development.js:22926:32)
[    1212ms] Error: Map container is already initialized.
    at _initContainer (webpack-internal:///(app-pages-browser)/./node_modules/leaflet/dist/leaflet-src.js:4206:12)
    at initialize (webpack-internal:///(app-pages-browser)/./node_modules/leaflet/dist/leaflet-src.js:3248:10)
    at NewClass (webpack-internal:///(app-pages-browser)/./node_modules/leaflet/dist/leaflet-src.js:301:22)
    at MapContainerComponent/mapRef< (webpack-internal:///(app-pages-browser)/./node_modules/react-leaflet/lib/MapContainer.js:37:25)
    at commitAttachRef (webpack-internal:///(app-pages-browser)/./node_modules/next/dist/compiled/react-dom/cjs/react-dom.development.js:21677:37)
    at safelyAttachRef (webpack-internal:///(app-pages-browser)/./node_modules/next/dist/compiled/react-dom/cjs/react-dom.development.js:20803:20)
    at reappearLayoutEffects (webpack-internal:///(app-pages-browser)/./node_modules/next/dist/compiled/react-dom/cjs/react-dom.development.js:23082:24)
    at recursivelyTraverseReappearLayoutEffects (webpack-internal:///(app-pages-browser)/./node_modules/next/dist/compiled/react-dom/cjs/react-dom.development.js:23142:26)
    at reappearLayoutEffects (webpack-internal:///(app-pages-browser)/./node_modules/next/dist/compiled/react-dom/cjs/react-dom.development.js:23024:49)
    at recursivelyTraverseReappearLayoutEffects (webpack-internal:///(app-pages-browser)/./node_modules/next/dist/compiled/react-dom/cjs/react-dom.development.js:23142:26)
    at reappearLayoutEffects (webpack-internal:///(app-pages-browser)/./node_modules/next/dist/compiled/react-dom/cjs/react-dom.development.js:23072:49)
    at recursivelyTraverseReappearLayoutEffects (webpack-internal:///(app-pages-browser)/./node_modules/next/dist/compiled/react-dom/cjs/react-dom.development.js:23142:26)
    at reappearLayoutEffects (webpack-internal:///(app-pages-browser)/./node_modules/next/dist/compiled/react-dom/cjs/react-dom.development.js:23072:49)
    at recursivelyTraverseReappearLayoutEffects (webpack-internal:///(app-pages-browser)/./node_modules/next/dist/compiled/react-dom/cjs/react-dom.development.js:23142:26)
    at reappearLayoutEffects (webpack-internal:///(app-pages-browser)/./node_modules/next/dist/compiled/react-dom/cjs/react-dom.development.js:23024:49)
    at recursivelyTraverseReappearLayoutEffects (webpack-internal:///(app-pages-browser)/./node_modules/next/dist/compiled/react-dom/cjs/react-dom.development.js:23142:26)
    at reappearLayoutEffects (webpack-internal:///(app-pages-browser)/./node_modules/next/dist/compiled/react-dom/cjs/react-dom.development.js:23024:49)
    at recursivelyTraverseReappearLayoutEffects (webpack-internal:///(app-pages-browser)/./node_modules/next/dist/compiled/react-dom/cjs/react-dom.development.js:23142:26)
    at commitLayoutEffectOnFiber (webpack-internal:///(app-pages-browser)/./node_modules/next/dist/compiled/react-dom/cjs/react-dom.development.js:21550:55)
    at recursivelyTraverseLayoutEffects (webpack-internal:///(app-pages-browser)/./node_modules/next/dist/compiled/react-dom/cjs/react-dom.development.js:22926:32)
    at commitLayoutEffectOnFiber (webpack-internal:///(app-pages-browser)/./node_modules/next/dist/compiled/react-dom/cjs/react-dom.development.js:21518:41)
    at recursivelyTraverseLayoutEffects (webpack-internal:///(app-pages-browser)/./node_modules/next/dist/compiled/react-dom/cjs/react-dom.development.js:22926:32)
    at commitLayoutEffectOnFiber (webpack-internal:///(app-pages-browser)/./node_modules/next/dist/compiled/react-dom/cjs/react-dom.development.js:21407:41)
    at recursivelyTraverseLayoutEffects (webpack-internal:///(app-pages-browser)/./node_modules/next/dist/compiled/react-dom/cjs/react-dom.development.js:22926:32)
    at commitLayoutEffectOnFiber (webpack-internal:///(app-pages-browser)/./node_modules/next/dist/compiled/react-dom/cjs/react-dom.development.js:21488:41)
    at recursivelyTraverseLayoutEffects (webpack-internal:///(app-pages-browser)/./node_modules/next/dist/compiled/react-dom/cjs/react-dom.development.js:22926:32)
    at commitLayoutEffectOnFiber (webpack-internal:///(app-pages-browser)/./node_modules/next/dist/compiled/react-dom/cjs/react-dom.development.js:21488:41)
    at recursivelyTraverseLayoutEffects (webpack-internal:///(app-pages-browser)/./node_modules/next/dist/compiled/react-dom/cjs/react-dom.development.js:22926:32)
    at commitLayoutEffectOnFiber (webpack-internal:///(app-pages-browser)/./node_modules/next/dist/compiled/react-dom/cjs/react-dom.development.js:21407:41)
    at recursivelyTraverseLayoutEffects (webpack-internal:///(app-pages-browser)/./node_modules/next/dist/compiled/react-dom/cjs/react-dom.development.js:22926:32)
    at commitLayoutEffectOnFiber (webpack-internal:///(app-pages-browser)/./node_modules/next/dist/compiled/react-dom/cjs/react-dom.development.js:21407:41)
    at recursivelyTraverseLayoutEffects (webpack-internal:///(app-pages-browser)/./node_modules/next/dist/compiled/react-dom/cjs/react-dom.development.js:22926:32)
    at commitLayoutEffectOnFiber (webpack-internal:///(app-pages-browser)/./node_modules/next/dist/compiled/react-dom/cjs/react-dom.development.js:21577:41)
    at recursivelyTraverseLayoutEffects (webpack-internal:///(app-pages-browser)/./node_modules/next/dist/compiled/react-dom/cjs/react-dom.development.js:22926:32)
    at commitLayoutEffectOnFiber (webpack-internal:///(app-pages-browser)/./node_modules/next/dist/compiled/react-dom/cjs/react-dom.development.js:21577:41)
    at recursivelyTraverseLayoutEffects (webpack-internal:///(app-pages-browser)/./node_modules/next/dist/compiled/react-dom/cjs/react-dom.development.js:22926:32)
    at commitLayoutEffectOnFiber (webpack-internal:///(app-pages-browser)/./node_modules/next/dist/compiled/react-dom/cjs/react-dom.development.js:21407:41)
    at recursivelyTraverseLayoutEffects (webpack-internal:///(app-pages-browser)/./node_modules/next/dist/compiled/react-dom/cjs/react-dom.development.js:22926:32)
    at commitLayoutEffectOnFiber (webpack-internal:///(app-pages-browser)/./node_modules/next/dist/compiled/react-dom/cjs/react-dom.development.js:21418:41)
    at recursivelyTraverseLayoutEffects (webpack-internal:///(app-pages-browser)/./node_modules/next/dist/compiled/react-dom/cjs/react-dom.development.js:22926:32)
    at commitLayoutEffectOnFiber (webpack-internal:///(app-pages-browser)/./node_modules/next/dist/compiled/react-dom/cjs/react-dom.development.js:21407:41)
    at recursivelyTraverseLayoutEffects (webpack-internal:///(app-pages-browser)/./node_modules/next/dist/compiled/react-dom/cjs/react-dom.development.js:22926:32)
    at commitLayoutEffectOnFiber (webpack-internal:///(app-pages-browser)/./node_modules/next/dist/compiled/react-dom/cjs/react-dom.development.js:21407:41)
    at recursivelyTraverseLayoutEffects (webpack-internal:///(app-pages-browser)/./node_modules/next/dist/compiled/react-dom/cjs/react-dom.development.js:22926:32)
    at commitLayoutEffectOnFiber (webpack-internal:///(app-pages-browser)/./node_modules/next/dist/compiled/react-dom/cjs/react-dom.development.js:21407:41)
    at recursivelyTraverseLayoutEffects (webpack-internal:///(app-pages-browser)/./node_modules/next/dist/compiled/react-dom/cjs/react-dom.development.js:22926:32)
    at commitLayoutEffectOnFiber (webpack-internal:///(app-pages-browser)/./node_modules/next/dist/compiled/react-dom/cjs/react-dom.development.js:21407:41)
    at recursivelyTraverseLayoutEffects (webpack-internal:///(app-pages-browser)/./node_modules/next/dist/compiled/react-dom/cjs/react-dom.development.js:22926:32)
    at commitLayoutEffectOnFiber (webpack-internal:///(app-pages-browser)/./node_modules/next/dist/compiled/react-dom/cjs/react-dom.development.js:21418:41)
    at recursivelyTraverseLayoutEffects (webpack-internal:///(app-pages-browser)/./node_modules/next/dist/compiled/react-dom/cjs/react-dom.development.js:22926:32)
[    1212ms] Error: Map container is already initialized.
    at _initContainer (webpack-internal:///(app-pages-browser)/./node_modules/leaflet/dist/leaflet-src.js:4206:12)
    at initialize (webpack-internal:///(app-pages-browser)/./node_modules/leaflet/dist/leaflet-src.js:3248:10)
    at NewClass (webpack-internal:///(app-pages-browser)/./node_modules/leaflet/dist/leaflet-src.js:301:22)
    at MapContainerComponent/mapRef< (webpack-internal:///(app-pages-browser)/./node_modules/react-leaflet/lib/MapContainer.js:37:25)
    at commitAttachRef (webpack-internal:///(app-pages-browser)/./node_modules/next/dist/compiled/react-dom/cjs/react-dom.development.js:21677:37)
    at safelyAttachRef (webpack-internal:///(app-pages-browser)/./node_modules/next/dist/compiled/react-dom/cjs/react-dom.development.js:20803:20)
    at reappearLayoutEffects (webpack-internal:///(app-pages-browser)/./node_modules/next/dist/compiled/react-dom/cjs/react-dom.development.js:23082:24)
    at recursivelyTraverseReappearLayoutEffects (webpack-internal:///(app-pages-browser)/./node_modules/next/dist/compiled/react-dom/cjs/react-dom.development.js:23142:26)
    at reappearLayoutEffects (webpack-internal:///(app-pages-browser)/./node_modules/next/dist/compiled/react-dom/cjs/react-dom.development.js:23024:49)
    at recursivelyTraverseReappearLayoutEffects (webpack-internal:///(app-pages-browser)/./node_modules/next/dist/compiled/react-dom/cjs/react-dom.development.js:23142:26)
    at reappearLayoutEffects (webpack-internal:///(app-pages-browser)/./node_modules/next/dist/compiled/react-dom/cjs/react-dom.development.js:23072:49)
    at recursivelyTraverseReappearLayoutEffects (webpack-internal:///(app-pages-browser)/./node_modules/next/dist/compiled/react-dom/cjs/react-dom.development.js:23142:26)
    at reappearLayoutEffects (webpack-internal:///(app-pages-browser)/./node_modules/next/dist/compiled/react-dom/cjs/react-dom.development.js:23072:49)
    at recursivelyTraverseReappearLayoutEffects (webpack-internal:///(app-pages-browser)/./node_modules/next/dist/compiled/react-dom/cjs/react-dom.development.js:23142:26)
    at reappearLayoutEffects (webpack-internal:///(app-pages-browser)/./node_modules/next/dist/compiled/react-dom/cjs/react-dom.development.js:23024:49)
    at recursivelyTraverseReappearLayoutEffects (webpack-internal:///(app-pages-browser)/./node_modules/next/dist/compiled/react-dom/cjs/react-dom.development.js:23142:26)
    at reappearLayoutEffects (webpack-internal:///(app-pages-browser)/./node_modules/next/dist/compiled/react-dom/cjs/react-dom.development.js:23024:49)
    at recursivelyTraverseReappearLayoutEffects (webpack-internal:///(app-pages-browser)/./node_modules/next/dist/compiled/react-dom/cjs/react-dom.development.js:23142:26)
    at commitLayoutEffectOnFiber (webpack-internal:///(app-pages-browser)/./node_modules/next/dist/compiled/react-dom/cjs/react-dom.development.js:21550:55)
    at recursivelyTraverseLayoutEffects (webpack-internal:///(app-pages-browser)/./node_modules/next/dist/compiled/react-dom/cjs/react-dom.development.js:22926:32)
    at commitLayoutEffectOnFiber (webpack-internal:///(app-pages-browser)/./node_modules/next/dist/compiled/react-dom/cjs/react-dom.development.js:21518:41)
    at recursivelyTraverseLayoutEffects (webpack-internal:///(app-pages-browser)/./node_modules/next/dist/compiled/react-dom/cjs/react-dom.development.js:22926:32)
    at commitLayoutEffectOnFiber (webpack-internal:///(app-pages-browser)/./node_modules/next/dist/compiled/react-dom/cjs/react-dom.development.js:21407:41)
    at recursivelyTraverseLayoutEffects (webpack-internal:///(app-pages-browser)/./node_modules/next/dist/compiled/react-dom/cjs/react-dom.development.js:22926:32)
    at commitLayoutEffectOnFiber (webpack-internal:///(app-pages-browser)/./node_modules/next/dist/compiled/react-dom/cjs/react-dom.development.js:21488:41)
    at recursivelyTraverseLayoutEffects (webpack-internal:///(app-pages-browser)/./node_modules/next/dist/compiled/react-dom/cjs/react-dom.development.js:22926:32)
    at commitLayoutEffectOnFiber (webpack-internal:///(app-pages-browser)/./node_modules/next/dist/compiled/react-dom/cjs/react-dom.development.js:21488:41)
    at recursivelyTraverseLayoutEffects (webpack-internal:///(app-pages-browser)/./node_modules/next/dist/compiled/react-dom/cjs/react-dom.development.js:22926:32)
    at commitLayoutEffectOnFiber (webpack-internal:///(app-pages-browser)/./node_modules/next/dist/compiled/react-dom/cjs/react-dom.development.js:21407:41)
    at recursivelyTraverseLayoutEffects (webpack-internal:///(app-pages-browser)/./node_modules/next/dist/compiled/react-dom/cjs/react-dom.development.js:22926:32)
    at commitLayoutEffectOnFiber (webpack-internal:///(app-pages-browser)/./node_modules/next/dist/compiled/react-dom/cjs/react-dom.development.js:21407:41)
    at recursivelyTraverseLayoutEffects (webpack-internal:///(app-pages-browser)/./node_modules/next/dist/compiled/react-dom/cjs/react-dom.development.js:22926:32)
    at commitLayoutEffectOnFiber (webpack-internal:///(app-pages-browser)/./node_modules/next/dist/compiled/react-dom/cjs/react-dom.development.js:21577:41)
    at recursivelyTraverseLayoutEffects (webpack-internal:///(app-pages-browser)/./node_modules/next/dist/compiled/react-dom/cjs/react-dom.development.js:22926:32)
    at commitLayoutEffectOnFiber (webpack-internal:///(app-pages-browser)/./node_modules/next/dist/compiled/react-dom/cjs/react-dom.development.js:21577:41)
    at recursivelyTraverseLayoutEffects (webpack-internal:///(app-pages-browser)/./node_modules/next/dist/compiled/react-dom/cjs/react-dom.development.js:22926:32)
    at commitLayoutEffectOnFiber (webpack-internal:///(app-pages-browser)/./node_modules/next/dist/compiled/react-dom/cjs/react-dom.development.js:21407:41)
    at recursivelyTraverseLayoutEffects (webpack-internal:///(app-pages-browser)/./node_modules/next/dist/compiled/react-dom/cjs/react-dom.development.js:22926:32)
    at commitLayoutEffectOnFiber (webpack-internal:///(app-pages-browser)/./node_modules/next/dist/compiled/react-dom/cjs/react-dom.development.js:21418:41)
    at recursivelyTraverseLayoutEffects (webpack-internal:///(app-pages-browser)/./node_modules/next/dist/compiled/react-dom/cjs/react-dom.development.js:22926:32)
    at commitLayoutEffectOnFiber (webpack-internal:///(app-pages-browser)/./node_modules/next/dist/compiled/react-dom/cjs/react-dom.development.js:21407:41)
    at recursivelyTraverseLayoutEffects (webpack-internal:///(app-pages-browser)/./node_modules/next/dist/compiled/react-dom/cjs/react-dom.development.js:22926:32)
    at commitLayoutEffectOnFiber (webpack-internal:///(app-pages-browser)/./node_modules/next/dist/compiled/react-dom/cjs/react-dom.development.js:21407:41)
    at recursivelyTraverseLayoutEffects (webpack-internal:///(app-pages-browser)/./node_modules/next/dist/compiled/react-dom/cjs/react-dom.development.js:22926:32)
    at commitLayoutEffectOnFiber (webpack-internal:///(app-pages-browser)/./node_modules/next/dist/compiled/react-dom/cjs/react-dom.development.js:21407:41)
    at recursivelyTraverseLayoutEffects (webpack-internal:///(app-pages-browser)/./node_modules/next/dist/compiled/react-dom/cjs/react-dom.development.js:22926:32)
    at commitLayoutEffectOnFiber (webpack-internal:///(app-pages-browser)/./node_modules/next/dist/compiled/react-dom/cjs/react-dom.development.js:21407:41)
    at recursivelyTraverseLayoutEffects (webpack-internal:///(app-pages-browser)/./node_modules/next/dist/compiled/react-dom/cjs/react-dom.development.js:22926:32)
    at commitLayoutEffectOnFiber (webpack-internal:///(app-pages-browser)/./node_modules/next/dist/compiled/react-dom/cjs/react-dom.development.js:21418:41)
    at recursivelyTraverseLayoutEffects (webpack-internal:///(app-pages-browser)/./node_modules/next/dist/compiled/react-dom/cjs/react-dom.development.js:22926:32)
[    1212ms] Error: Map container is already initialized.
    at _initContainer (webpack-internal:///(app-pages-browser)/./node_modules/leaflet/dist/leaflet-src.js:4206:12)
    at initialize (webpack-internal:///(app-pages-browser)/./node_modules/leaflet/dist/leaflet-src.js:3248:10)
    at NewClass (webpack-internal:///(app-pages-browser)/./node_modules/leaflet/dist/leaflet-src.js:301:22)
    at MapContainerComponent/mapRef< (webpack-internal:///(app-pages-browser)/./node_modules/react-leaflet/lib/MapContainer.js:37:25)
    at commitAttachRef (webpack-internal:///(app-pages-browser)/./node_modules/next/dist/compiled/react-dom/cjs/react-dom.development.js:21677:37)
    at safelyAttachRef (webpack-internal:///(app-pages-browser)/./node_modules/next/dist/compiled/react-dom/cjs/react-dom.development.js:20803:20)
    at reappearLayoutEffects (webpack-internal:///(app-pages-browser)/./node_modules/next/dist/compiled/react-dom/cjs/react-dom.development.js:23082:24)
    at recursivelyTraverseReappearLayoutEffects (webpack-internal:///(app-pages-browser)/./node_modules/next/dist/compiled/react-dom/cjs/react-dom.development.js:23142:26)
    at reappearLayoutEffects (webpack-internal:///(app-pages-browser)/./node_modules/next/dist/compiled/react-dom/cjs/react-dom.development.js:23024:49)
    at recursivelyTraverseReappearLayoutEffects (webpack-internal:///(app-pages-browser)/./node_modules/next/dist/compiled/react-dom/cjs/react-dom.development.js:23142:26)
    at reappearLayoutEffects (webpack-internal:///(app-pages-browser)/./node_modules/next/dist/compiled/react-dom/cjs/react-dom.development.js:23072:49)
    at recursivelyTraverseReappearLayoutEffects (webpack-internal:///(app-pages-browser)/./node_modules/next/dist/compiled/react-dom/cjs/react-dom.development.js:23142:26)
    at reappearLayoutEffects (webpack-internal:///(app-pages-browser)/./node_modules/next/dist/compiled/react-dom/cjs/react-dom.development.js:23072:49)
    at recursivelyTraverseReappearLayoutEffects (webpack-internal:///(app-pages-browser)/./node_modules/next/dist/compiled/react-dom/cjs/react-dom.development.js:23142:26)
    at reappearLayoutEffects (webpack-internal:///(app-pages-browser)/./node_modules/next/dist/compiled/react-dom/cjs/react-dom.development.js:23024:49)
    at recursivelyTraverseReappearLayoutEffects (webpack-internal:///(app-pages-browser)/./node_modules/next/dist/compiled/react-dom/cjs/react-dom.development.js:23142:26)
    at reappearLayoutEffects (webpack-internal:///(app-pages-browser)/./node_modules/next/dist/compiled/react-dom/cjs/react-dom.development.js:23024:49)
    at recursivelyTraverseReappearLayoutEffects (webpack-internal:///(app-pages-browser)/./node_modules/next/dist/compiled/react-dom/cjs/react-dom.development.js:23142:26)
    at commitLayoutEffectOnFiber (webpack-internal:///(app-pages-browser)/./node_modules/next/dist/compiled/react-dom/cjs/react-dom.development.js:21550:55)
    at recursivelyTraverseLayoutEffects (webpack-internal:///(app-pages-browser)/./node_modules/next/dist/compiled/react-dom/cjs/react-dom.development.js:22926:32)
    at commitLayoutEffectOnFiber (webpack-internal:///(app-pages-browser)/./node_modules/next/dist/compiled/react-dom/cjs/react-dom.development.js:21518:41)
    at recursivelyTraverseLayoutEffects (webpack-internal:///(app-pages-browser)/./node_modules/next/dist/compiled/react-dom/cjs/react-dom.development.js:22926:32)
    at commitLayoutEffectOnFiber (webpack-internal:///(app-pages-browser)/./node_modules/next/dist/compiled/react-dom/cjs/react-dom.development.js:21407:41)
    at recursivelyTraverseLayoutEffects (webpack-internal:///(app-pages-browser)/./node_modules/next/dist/compiled/react-dom/cjs/react-dom.development.js:22926:32)
    at commitLayoutEffectOnFiber (webpack-internal:///(app-pages-browser)/./node_modules/next/dist/compiled/react-dom/cjs/react-dom.development.js:21488:41)
    at recursivelyTraverseLayoutEffects (webpack-internal:///(app-pages-browser)/./node_modules/next/dist/compiled/react-dom/cjs/react-dom.development.js:22926:32)
    at commitLayoutEffectOnFiber (webpack-internal:///(app-pages-browser)/./node_modules/next/dist/compiled/react-dom/cjs/react-dom.development.js:21488:41)
    at recursivelyTraverseLayoutEffects (webpack-internal:///(app-pages-browser)/./node_modules/next/dist/compiled/react-dom/cjs/react-dom.development.js:22926:32)
    at commitLayoutEffectOnFiber (webpack-internal:///(app-pages-browser)/./node_modules/next/dist/compiled/react-dom/cjs/react-dom.development.js:21407:41)
    at recursivelyTraverseLayoutEffects (webpack-internal:///(app-pages-browser)/./node_modules/next/dist/compiled/react-dom/cjs/react-dom.development.js:22926:32)
    at commitLayoutEffectOnFiber (webpack-internal:///(app-pages-browser)/./node_modules/next/dist/compiled/react-dom/cjs/react-dom.development.js:21407:41)
    at recursivelyTraverseLayoutEffects (webpack-internal:///(app-pages-browser)/./node_modules/next/dist/compiled/react-dom/cjs/react-dom.development.js:22926:32)
    at commitLayoutEffectOnFiber (webpack-internal:///(app-pages-browser)/./node_modules/next/dist/compiled/react-dom/cjs/react-dom.development.js:21577:41)
    at recursivelyTraverseLayoutEffects (webpack-internal:///(app-pages-browser)/./node_modules/next/dist/compiled/react-dom/cjs/react-dom.development.js:22926:32)
    at commitLayoutEffectOnFiber (webpack-internal:///(app-pages-browser)/./node_modules/next/dist/compiled/react-dom/cjs/react-dom.development.js:21577:41)
    at recursivelyTraverseLayoutEffects (webpack-internal:///(app-pages-browser)/./node_modules/next/dist/compiled/react-dom/cjs/react-dom.development.js:22926:32)
    at commitLayoutEffectOnFiber (webpack-internal:///(app-pages-browser)/./node_modules/next/dist/compiled/react-dom/cjs/react-dom.development.js:21407:41)
    at recursivelyTraverseLayoutEffects (webpack-internal:///(app-pages-browser)/./node_modules/next/dist/compiled/react-dom/cjs/react-dom.development.js:22926:32)
    at commitLayoutEffectOnFiber (webpack-internal:///(app-pages-browser)/./node_modules/next/dist/compiled/react-dom/cjs/react-dom.development.js:21418:41)
    at recursivelyTraverseLayoutEffects (webpack-internal:///(app-pages-browser)/./node_modules/next/dist/compiled/react-dom/cjs/react-dom.development.js:22926:32)
    at commitLayoutEffectOnFiber (webpack-internal:///(app-pages-browser)/./node_modules/next/dist/compiled/react-dom/cjs/react-dom.development.js:21407:41)
    at recursivelyTraverseLayoutEffects (webpack-internal:///(app-pages-browser)/./node_modules/next/dist/compiled/react-dom/cjs/react-dom.development.js:22926:32)
    at commitLayoutEffectOnFiber (webpack-internal:///(app-pages-browser)/./node_modules/next/dist/compiled/react-dom/cjs/react-dom.development.js:21407:41)
    at recursivelyTraverseLayoutEffects (webpack-internal:///(app-pages-browser)/./node_modules/next/dist/compiled/react-dom/cjs/react-dom.development.js:22926:32)
    at commitLayoutEffectOnFiber (webpack-internal:///(app-pages-browser)/./node_modules/next/dist/compiled/react-dom/cjs/react-dom.development.js:21407:41)
    at recursivelyTraverseLayoutEffects (webpack-internal:///(app-pages-browser)/./node_modules/next/dist/compiled/react-dom/cjs/react-dom.development.js:22926:32)
    at commitLayoutEffectOnFiber (webpack-internal:///(app-pages-browser)/./node_modules/next/dist/compiled/react-dom/cjs/react-dom.development.js:21407:41)
    at recursivelyTraverseLayoutEffects (webpack-internal:///(app-pages-browser)/./node_modules/next/dist/compiled/react-dom/cjs/react-dom.development.js:22926:32)
    at commitLayoutEffectOnFiber (webpack-internal:///(app-pages-browser)/./node_modules/next/dist/compiled/react-dom/cjs/react-dom.development.js:21418:41)
    at recursivelyTraverseLayoutEffects (webpack-internal:///(app-pages-browser)/./node_modules/next/dist/compiled/react-dom/cjs/react-dom.development.js:22926:32)
[    1213ms] Error: Map container is already initialized.
    at _initContainer (webpack-internal:///(app-pages-browser)/./node_modules/leaflet/dist/leaflet-src.js:4206:12)
    at initialize (webpack-internal:///(app-pages-browser)/./node_modules/leaflet/dist/leaflet-src.js:3248:10)
    at NewClass (webpack-internal:///(app-pages-browser)/./node_modules/leaflet/dist/leaflet-src.js:301:22)
    at MapContainerComponent/mapRef< (webpack-internal:///(app-pages-browser)/./node_modules/react-leaflet/lib/MapContainer.js:37:25)
    at commitAttachRef (webpack-internal:///(app-pages-browser)/./node_modules/next/dist/compiled/react-dom/cjs/react-dom.development.js:21677:37)
    at safelyAttachRef (webpack-internal:///(app-pages-browser)/./node_modules/next/dist/compiled/react-dom/cjs/react-dom.development.js:20803:20)
    at reappearLayoutEffects (webpack-internal:///(app-pages-browser)/./node_modules/next/dist/compiled/react-dom/cjs/react-dom.development.js:23082:24)
    at recursivelyTraverseReappearLayoutEffects (webpack-internal:///(app-pages-browser)/./node_modules/next/dist/compiled/react-dom/cjs/react-dom.development.js:23142:26)
    at reappearLayoutEffects (webpack-internal:///(app-pages-browser)/./node_modules/next/dist/compiled/react-dom/cjs/react-dom.development.js:23024:49)
    at recursivelyTraverseReappearLayoutEffects (webpack-internal:///(app-pages-browser)/./node_modules/next/dist/compiled/react-dom/cjs/react-dom.development.js:23142:26)
    at reappearLayoutEffects (webpack-internal:///(app-pages-browser)/./node_modules/next/dist/compiled/react-dom/cjs/react-dom.development.js:23072:49)
    at recursivelyTraverseReappearLayoutEffects (webpack-internal:///(app-pages-browser)/./node_modules/next/dist/compiled/react-dom/cjs/react-dom.development.js:23142:26)
    at reappearLayoutEffects (webpack-internal:///(app-pages-browser)/./node_modules/next/dist/compiled/react-dom/cjs/react-dom.development.js:23072:49)
    at recursivelyTraverseReappearLayoutEffects (webpack-internal:///(app-pages-browser)/./node_modules/next/dist/compiled/react-dom/cjs/react-dom.development.js:23142:26)
    at reappearLayoutEffects (webpack-internal:///(app-pages-browser)/./node_modules/next/dist/compiled/react-dom/cjs/react-dom.development.js:23024:49)
    at recursivelyTraverseReappearLayoutEffects (webpack-internal:///(app-pages-browser)/./node_modules/next/dist/compiled/react-dom/cjs/react-dom.development.js:23142:26)
    at reappearLayoutEffects (webpack-internal:///(app-pages-browser)/./node_modules/next/dist/compiled/react-dom/cjs/react-dom.development.js:23024:49)
    at recursivelyTraverseReappearLayoutEffects (webpack-internal:///(app-pages-browser)/./node_modules/next/dist/compiled/react-dom/cjs/react-dom.development.js:23142:26)
    at commitLayoutEffectOnFiber (webpack-internal:///(app-pages-browser)/./node_modules/next/dist/compiled/react-dom/cjs/react-dom.development.js:21550:55)
    at recursivelyTraverseLayoutEffects (webpack-internal:///(app-pages-browser)/./node_modules/next/dist/compiled/react-dom/cjs/react-dom.development.js:22926:32)
    at commitLayoutEffectOnFiber (webpack-internal:///(app-pages-browser)/./node_modules/next/dist/compiled/react-dom/cjs/react-dom.development.js:21518:41)
    at recursivelyTraverseLayoutEffects (webpack-internal:///(app-pages-browser)/./node_modules/next/dist/compiled/react-dom/cjs/react-dom.development.js:22926:32)
    at commitLayoutEffectOnFiber (webpack-internal:///(app-pages-browser)/./node_modules/next/dist/compiled/react-dom/cjs/react-dom.development.js:21407:41)
    at recursivelyTraverseLayoutEffects (webpack-internal:///(app-pages-browser)/./node_modules/next/dist/compiled/react-dom/cjs/react-dom.development.js:22926:32)
    at commitLayoutEffectOnFiber (webpack-internal:///(app-pages-browser)/./node_modules/next/dist/compiled/react-dom/cjs/react-dom.development.js:21488:41)
    at recursivelyTraverseLayoutEffects (webpack-internal:///(app-pages-browser)/./node_modules/next/dist/compiled/react-dom/cjs/react-dom.development.js:22926:32)
    at commitLayoutEffectOnFiber (webpack-internal:///(app-pages-browser)/./node_modules/next/dist/compiled/react-dom/cjs/react-dom.development.js:21488:41)
    at recursivelyTraverseLayoutEffects (webpack-internal:///(app-pages-browser)/./node_modules/next/dist/compiled/react-dom/cjs/react-dom.development.js:22926:32)
    at commitLayoutEffectOnFiber (webpack-internal:///(app-pages-browser)/./node_modules/next/dist/compiled/react-dom/cjs/react-dom.development.js:21407:41)
    at recursivelyTraverseLayoutEffects (webpack-internal:///(app-pages-browser)/./node_modules/next/dist/compiled/react-dom/cjs/react-dom.development.js:22926:32)
    at commitLayoutEffectOnFiber (webpack-internal:///(app-pages-browser)/./node_modules/next/dist/compiled/react-dom/cjs/react-dom.development.js:21407:41)
    at recursivelyTraverseLayoutEffects (webpack-internal:///(app-pages-browser)/./node_modules/next/dist/compiled/react-dom/cjs/react-dom.development.js:22926:32)
    at commitLayoutEffectOnFiber (webpack-internal:///(app-pages-browser)/./node_modules/next/dist/compiled/react-dom/cjs/react-dom.development.js:21577:41)
    at recursivelyTraverseLayoutEffects (webpack-internal:///(app-pages-browser)/./node_modules/next/dist/compiled/react-dom/cjs/react-dom.development.js:22926:32)
    at commitLayoutEffectOnFiber (webpack-internal:///(app-pages-browser)/./node_modules/next/dist/compiled/react-dom/cjs/react-dom.development.js:21577:41)
    at recursivelyTraverseLayoutEffects (webpack-internal:///(app-pages-browser)/./node_modules/next/dist/compiled/react-dom/cjs/react-dom.development.js:22926:32)
    at commitLayoutEffectOnFiber (webpack-internal:///(app-pages-browser)/./node_modules/next/dist/compiled/react-dom/cjs/react-dom.development.js:21407:41)
    at recursivelyTraverseLayoutEffects (webpack-internal:///(app-pages-browser)/./node_modules/next/dist/compiled/react-dom/cjs/react-dom.development.js:22926:32)
    at commitLayoutEffectOnFiber (webpack-internal:///(app-pages-browser)/./node_modules/next/dist/compiled/react-dom/cjs/react-dom.development.js:21418:41)
    at recursivelyTraverseLayoutEffects (webpack-internal:///(app-pages-browser)/./node_modules/next/dist/compiled/react-dom/cjs/react-dom.development.js:22926:32)
    at commitLayoutEffectOnFiber (webpack-internal:///(app-pages-browser)/./node_modules/next/dist/compiled/react-dom/cjs/react-dom.development.js:21407:41)
    at recursivelyTraverseLayoutEffects (webpack-internal:///(app-pages-browser)/./node_modules/next/dist/compiled/react-dom/cjs/react-dom.development.js:22926:32)
    at commitLayoutEffectOnFiber (webpack-internal:///(app-pages-browser)/./node_modules/next/dist/compiled/react-dom/cjs/react-dom.development.js:21407:41)
    at recursivelyTraverseLayoutEffects (webpack-internal:///(app-pages-browser)/./node_modules/next/dist/compiled/react-dom/cjs/react-dom.development.js:22926:32)
    at commitLayoutEffectOnFiber (webpack-internal:///(app-pages-browser)/./node_modules/next/dist/compiled/react-dom/cjs/react-dom.development.js:21407:41)
    at recursivelyTraverseLayoutEffects (webpack-internal:///(app-pages-browser)/./node_modules/next/dist/compiled/react-dom/cjs/react-dom.development.js:22926:32)
    at commitLayoutEffectOnFiber (webpack-internal:///(app-pages-browser)/./node_modules/next/dist/compiled/react-dom/cjs/react-dom.development.js:21407:41)
    at recursivelyTraverseLayoutEffects (webpack-internal:///(app-pages-browser)/./node_modules/next/dist/compiled/react-dom/cjs/react-dom.development.js:22926:32)
    at commitLayoutEffectOnFiber (webpack-internal:///(app-pages-browser)/./node_modules/next/dist/compiled/react-dom/cjs/react-dom.development.js:21418:41)
    at recursivelyTraverseLayoutEffects (webpack-internal:///(app-pages-browser)/./node_modules/next/dist/compiled/react-dom/cjs/react-dom.development.js:22926:32)
[    1213ms] Error: Map container is already initialized.
    at _initContainer (webpack-internal:///(app-pages-browser)/./node_modules/leaflet/dist/leaflet-src.js:4206:12)
    at initialize (webpack-internal:///(app-pages-browser)/./node_modules/leaflet/dist/leaflet-src.js:3248:10)
    at NewClass (webpack-internal:///(app-pages-browser)/./node_modules/leaflet/dist/leaflet-src.js:301:22)
    at MapContainerComponent/mapRef< (webpack-internal:///(app-pages-browser)/./node_modules/react-leaflet/lib/MapContainer.js:37:25)
    at commitAttachRef (webpack-internal:///(app-pages-browser)/./node_modules/next/dist/compiled/react-dom/cjs/react-dom.development.js:21677:37)
    at safelyAttachRef (webpack-internal:///(app-pages-browser)/./node_modules/next/dist/compiled/react-dom/cjs/react-dom.development.js:20803:20)
    at reappearLayoutEffects (webpack-internal:///(app-pages-browser)/./node_modules/next/dist/compiled/react-dom/cjs/react-dom.development.js:23082:24)
    at recursivelyTraverseReappearLayoutEffects (webpack-internal:///(app-pages-browser)/./node_modules/next/dist/compiled/react-dom/cjs/react-dom.development.js:23142:26)
    at reappearLayoutEffects (webpack-internal:///(app-pages-browser)/./node_modules/next/dist/compiled/react-dom/cjs/react-dom.development.js:23024:49)
    at recursivelyTraverseReappearLayoutEffects (webpack-internal:///(app-pages-browser)/./node_modules/next/dist/compiled/react-dom/cjs/react-dom.development.js:23142:26)
    at reappearLayoutEffects (webpack-internal:///(app-pages-browser)/./node_modules/next/dist/compiled/react-dom/cjs/react-dom.development.js:23072:49)
    at recursivelyTraverseReappearLayoutEffects (webpack-internal:///(app-pages-browser)/./node_modules/next/dist/compiled/react-dom/cjs/react-dom.development.js:23142:26)
    at reappearLayoutEffects (webpack-internal:///(app-pages-browser)/./node_modules/next/dist/compiled/react-dom/cjs/react-dom.development.js:23072:49)
    at recursivelyTraverseReappearLayoutEffects (webpack-internal:///(app-pages-browser)/./node_modules/next/dist/compiled/react-dom/cjs/react-dom.development.js:23142:26)
    at reappearLayoutEffects (webpack-internal:///(app-pages-browser)/./node_modules/next/dist/compiled/react-dom/cjs/react-dom.development.js:23024:49)
    at recursivelyTraverseReappearLayoutEffects (webpack-internal:///(app-pages-browser)/./node_modules/next/dist/compiled/react-dom/cjs/react-dom.development.js:23142:26)
    at reappearLayoutEffects (webpack-internal:///(app-pages-browser)/./node_modules/next/dist/compiled/react-dom/cjs/react-dom.development.js:23024:49)
    at recursivelyTraverseReappearLayoutEffects (webpack-internal:///(app-pages-browser)/./node_modules/next/dist/compiled/react-dom/cjs/react-dom.development.js:23142:26)
    at commitLayoutEffectOnFiber (webpack-internal:///(app-pages-browser)/./node_modules/next/dist/compiled/react-dom/cjs/react-dom.development.js:21550:55)
    at recursivelyTraverseLayoutEffects (webpack-internal:///(app-pages-browser)/./node_modules/next/dist/compiled/react-dom/cjs/react-dom.development.js:22926:32)
    at commitLayoutEffectOnFiber (webpack-internal:///(app-pages-browser)/./node_modules/next/dist/compiled/react-dom/cjs/react-dom.development.js:21518:41)
    at recursivelyTraverseLayoutEffects (webpack-internal:///(app-pages-browser)/./node_modules/next/dist/compiled/react-dom/cjs/react-dom.development.js:22926:32)
    at commitLayoutEffectOnFiber (webpack-internal:///(app-pages-browser)/./node_modules/next/dist/compiled/react-dom/cjs/react-dom.development.js:21407:41)
    at recursivelyTraverseLayoutEffects (webpack-internal:///(app-pages-browser)/./node_modules/next/dist/compiled/react-dom/cjs/react-dom.development.js:22926:32)
    at commitLayoutEffectOnFiber (webpack-internal:///(app-pages-browser)/./node_modules/next/dist/compiled/react-dom/cjs/react-dom.development.js:21488:41)
    at recursivelyTraverseLayoutEffects (webpack-internal:///(app-pages-browser)/./node_modules/next/dist/compiled/react-dom/cjs/react-dom.development.js:22926:32)
    at commitLayoutEffectOnFiber (webpack-internal:///(app-pages-browser)/./node_modules/next/dist/compiled/react-dom/cjs/react-dom.development.js:21488:41)
    at recursivelyTraverseLayoutEffects (webpack-internal:///(app-pages-browser)/./node_modules/next/dist/compiled/react-dom/cjs/react-dom.development.js:22926:32)
    at commitLayoutEffectOnFiber (webpack-internal:///(app-pages-browser)/./node_modules/next/dist/compiled/react-dom/cjs/react-dom.development.js:21407:41)
    at recursivelyTraverseLayoutEffects (webpack-internal:///(app-pages-browser)/./node_modules/next/dist/compiled/react-dom/cjs/react-dom.development.js:22926:32)
    at commitLayoutEffectOnFiber (webpack-internal:///(app-pages-browser)/./node_modules/next/dist/compiled/react-dom/cjs/react-dom.development.js:21407:41)
    at recursivelyTraverseLayoutEffects (webpack-internal:///(app-pages-browser)/./node_modules/next/dist/compiled/react-dom/cjs/react-dom.development.js:22926:32)
    at commitLayoutEffectOnFiber (webpack-internal:///(app-pages-browser)/./node_modules/next/dist/compiled/react-dom/cjs/react-dom.development.js:21577:41)
    at recursivelyTraverseLayoutEffects (webpack-internal:///(app-pages-browser)/./node_modules/next/dist/compiled/react-dom/cjs/react-dom.development.js:22926:32)
    at commitLayoutEffectOnFiber (webpack-internal:///(app-pages-browser)/./node_modules/next/dist/compiled/react-dom/cjs/react-dom.development.js:21577:41)
    at recursivelyTraverseLayoutEffects (webpack-internal:///(app-pages-browser)/./node_modules/next/dist/compiled/react-dom/cjs/react-dom.development.js:22926:32)
    at commitLayoutEffectOnFiber (webpack-internal:///(app-pages-browser)/./node_modules/next/dist/compiled/react-dom/cjs/react-dom.development.js:21407:41)
    at recursivelyTraverseLayoutEffects (webpack-internal:///(app-pages-browser)/./node_modules/next/dist/compiled/react-dom/cjs/react-dom.development.js:22926:32)
    at commitLayoutEffectOnFiber (webpack-internal:///(app-pages-browser)/./node_modules/next/dist/compiled/react-dom/cjs/react-dom.development.js:21418:41)
    at recursivelyTraverseLayoutEffects (webpack-internal:///(app-pages-browser)/./node_modules/next/dist/compiled/react-dom/cjs/react-dom.development.js:22926:32)
    at commitLayoutEffectOnFiber (webpack-internal:///(app-pages-browser)/./node_modules/next/dist/compiled/react-dom/cjs/react-dom.development.js:21407:41)
    at recursivelyTraverseLayoutEffects (webpack-internal:///(app-pages-browser)/./node_modules/next/dist/compiled/react-dom/cjs/react-dom.development.js:22926:32)
    at commitLayoutEffectOnFiber (webpack-internal:///(app-pages-browser)/./node_modules/next/dist/compiled/react-dom/cjs/react-dom.development.js:21407:41)
    at recursivelyTraverseLayoutEffects (webpack-internal:///(app-pages-browser)/./node_modules/next/dist/compiled/react-dom/cjs/react-dom.development.js:22926:32)
    at commitLayoutEffectOnFiber (webpack-internal:///(app-pages-browser)/./node_modules/next/dist/compiled/react-dom/cjs/react-dom.development.js:21407:41)
    at recursivelyTraverseLayoutEffects (webpack-internal:///(app-pages-browser)/./node_modules/next/dist/compiled/react-dom/cjs/react-dom.development.js:22926:32)
    at commitLayoutEffectOnFiber (webpack-internal:///(app-pages-browser)/./node_modules/next/dist/compiled/react-dom/cjs/react-dom.development.js:21407:41)
    at recursivelyTraverseLayoutEffects (webpack-internal:///(app-pages-browser)/./node_modules/next/dist/compiled/react-dom/cjs/react-dom.development.js:22926:32)
    at commitLayoutEffectOnFiber (webpack-internal:///(app-pages-browser)/./node_modules/next/dist/compiled/react-dom/cjs/react-dom.development.js:21418:41)
    at recursivelyTraverseLayoutEffects (webpack-internal:///(app-pages-browser)/./node_modules/next/dist/compiled/react-dom/cjs/react-dom.development.js:22926:32)
[    1215ms] Error: Map container is already initialized.
    at _initContainer (webpack-internal:///(app-pages-browser)/./node_modules/leaflet/dist/leaflet-src.js:4206:12)
    at initialize (webpack-internal:///(app-pages-browser)/./node_modules/leaflet/dist/leaflet-src.js:3248:10)
    at NewClass (webpack-internal:///(app-pages-browser)/./node_modules/leaflet/dist/leaflet-src.js:301:22)
    at MapContainerComponent/mapRef< (webpack-internal:///(app-pages-browser)/./node_modules/react-leaflet/lib/MapContainer.js:37:25)
    at commitAttachRef (webpack-internal:///(app-pages-browser)/./node_modules/next/dist/compiled/react-dom/cjs/react-dom.development.js:21677:37)
    at safelyAttachRef (webpack-internal:///(app-pages-browser)/./node_modules/next/dist/compiled/react-dom/cjs/react-dom.development.js:20803:20)
    at reappearLayoutEffects (webpack-internal:///(app-pages-browser)/./node_modules/next/dist/compiled/react-dom/cjs/react-dom.development.js:23082:24)
    at recursivelyTraverseReappearLayoutEffects (webpack-internal:///(app-pages-browser)/./node_modules/next/dist/compiled/react-dom/cjs/react-dom.development.js:23142:26)
    at reappearLayoutEffects (webpack-internal:///(app-pages-browser)/./node_modules/next/dist/compiled/react-dom/cjs/react-dom.development.js:23024:49)
    at recursivelyTraverseReappearLayoutEffects (webpack-internal:///(app-pages-browser)/./node_modules/next/dist/compiled/react-dom/cjs/react-dom.development.js:23142:26)
    at reappearLayoutEffects (webpack-internal:///(app-pages-browser)/./node_modules/next/dist/compiled/react-dom/cjs/react-dom.development.js:23072:49)
    at recursivelyTraverseReappearLayoutEffects (webpack-internal:///(app-pages-browser)/./node_modules/next/dist/compiled/react-dom/cjs/react-dom.development.js:23142:26)
    at reappearLayoutEffects (webpack-internal:///(app-pages-browser)/./node_modules/next/dist/compiled/react-dom/cjs/react-dom.development.js:23072:49)
    at recursivelyTraverseReappearLayoutEffects (webpack-internal:///(app-pages-browser)/./node_modules/next/dist/compiled/react-dom/cjs/react-dom.development.js:23142:26)
    at reappearLayoutEffects (webpack-internal:///(app-pages-browser)/./node_modules/next/dist/compiled/react-dom/cjs/react-dom.development.js:23024:49)
    at recursivelyTraverseReappearLayoutEffects (webpack-internal:///(app-pages-browser)/./node_modules/next/dist/compiled/react-dom/cjs/react-dom.development.js:23142:26)
    at reappearLayoutEffects (webpack-internal:///(app-pages-browser)/./node_modules/next/dist/compiled/react-dom/cjs/react-dom.development.js:23024:49)
    at recursivelyTraverseReappearLayoutEffects (webpack-internal:///(app-pages-browser)/./node_modules/next/dist/compiled/react-dom/cjs/react-dom.development.js:23142:26)
    at commitLayoutEffectOnFiber (webpack-internal:///(app-pages-browser)/./node_modules/next/dist/compiled/react-dom/cjs/react-dom.development.js:21550:55)
    at recursivelyTraverseLayoutEffects (webpack-internal:///(app-pages-browser)/./node_modules/next/dist/compiled/react-dom/cjs/react-dom.development.js:22926:32)
    at commitLayoutEffectOnFiber (webpack-internal:///(app-pages-browser)/./node_modules/next/dist/compiled/react-dom/cjs/react-dom.development.js:21518:41)
    at recursivelyTraverseLayoutEffects (webpack-internal:///(app-pages-browser)/./node_modules/next/dist/compiled/react-dom/cjs/react-dom.development.js:22926:32)
    at commitLayoutEffectOnFiber (webpack-internal:///(app-pages-browser)/./node_modules/next/dist/compiled/react-dom/cjs/react-dom.development.js:21407:41)
    at recursivelyTraverseLayoutEffects (webpack-internal:///(app-pages-browser)/./node_modules/next/dist/compiled/react-dom/cjs/react-dom.development.js:22926:32)
    at commitLayoutEffectOnFiber (webpack-internal:///(app-pages-browser)/./node_modules/next/dist/compiled/react-dom/cjs/react-dom.development.js:21488:41)
    at recursivelyTraverseLayoutEffects (webpack-internal:///(app-pages-browser)/./node_modules/next/dist/compiled/react-dom/cjs/react-dom.development.js:22926:32)
    at commitLayoutEffectOnFiber (webpack-internal:///(app-pages-browser)/./node_modules/next/dist/compiled/react-dom/cjs/react-dom.development.js:21488:41)
    at recursivelyTraverseLayoutEffects (webpack-internal:///(app-pages-browser)/./node_modules/next/dist/compiled/react-dom/cjs/react-dom.development.js:22926:32)
    at commitLayoutEffectOnFiber (webpack-internal:///(app-pages-browser)/./node_modules/next/dist/compiled/react-dom/cjs/react-dom.development.js:21407:41)
    at recursivelyTraverseLayoutEffects (webpack-internal:///(app-pages-browser)/./node_modules/next/dist/compiled/react-dom/cjs/react-dom.development.js:22926:32)
    at commitLayoutEffectOnFiber (webpack-internal:///(app-pages-browser)/./node_modules/next/dist/compiled/react-dom/cjs/react-dom.development.js:21407:41)
    at recursivelyTraverseLayoutEffects (webpack-internal:///(app-pages-browser)/./node_modules/next/dist/compiled/react-dom/cjs/react-dom.development.js:22926:32)
    at commitLayoutEffectOnFiber (webpack-internal:///(app-pages-browser)/./node_modules/next/dist/compiled/react-dom/cjs/react-dom.development.js:21577:41)
    at recursivelyTraverseLayoutEffects (webpack-internal:///(app-pages-browser)/./node_modules/next/dist/compiled/react-dom/cjs/react-dom.development.js:22926:32)
    at commitLayoutEffectOnFiber (webpack-internal:///(app-pages-browser)/./node_modules/next/dist/compiled/react-dom/cjs/react-dom.development.js:21577:41)
    at recursivelyTraverseLayoutEffects (webpack-internal:///(app-pages-browser)/./node_modules/next/dist/compiled/react-dom/cjs/react-dom.development.js:22926:32)
    at commitLayoutEffectOnFiber (webpack-internal:///(app-pages-browser)/./node_modules/next/dist/compiled/react-dom/cjs/react-dom.development.js:21407:41)
    at recursivelyTraverseLayoutEffects (webpack-internal:///(app-pages-browser)/./node_modules/next/dist/compiled/react-dom/cjs/react-dom.development.js:22926:32)
    at commitLayoutEffectOnFiber (webpack-internal:///(app-pages-browser)/./node_modules/next/dist/compiled/react-dom/cjs/react-dom.development.js:21418:41)
    at recursivelyTraverseLayoutEffects (webpack-internal:///(app-pages-browser)/./node_modules/next/dist/compiled/react-dom/cjs/react-dom.development.js:22926:32)
    at commitLayoutEffectOnFiber (webpack-internal:///(app-pages-browser)/./node_modules/next/dist/compiled/react-dom/cjs/react-dom.development.js:21407:41)
    at recursivelyTraverseLayoutEffects (webpack-internal:///(app-pages-browser)/./node_modules/next/dist/compiled/react-dom/cjs/react-dom.development.js:22926:32)
    at commitLayoutEffectOnFiber (webpack-internal:///(app-pages-browser)/./node_modules/next/dist/compiled/react-dom/cjs/react-dom.development.js:21407:41)
    at recursivelyTraverseLayoutEffects (webpack-internal:///(app-pages-browser)/./node_modules/next/dist/compiled/react-dom/cjs/react-dom.development.js:22926:32)
    at commitLayoutEffectOnFiber (webpack-internal:///(app-pages-browser)/./node_modules/next/dist/compiled/react-dom/cjs/react-dom.development.js:21407:41)
    at recursivelyTraverseLayoutEffects (webpack-internal:///(app-pages-browser)/./node_modules/next/dist/compiled/react-dom/cjs/react-dom.development.js:22926:32)
    at commitLayoutEffectOnFiber (webpack-internal:///(app-pages-browser)/./node_modules/next/dist/compiled/react-dom/cjs/react-dom.development.js:21407:41)
    at recursivelyTraverseLayoutEffects (webpack-internal:///(app-pages-browser)/./node_modules/next/dist/compiled/react-dom/cjs/react-dom.development.js:22926:32)
    at commitLayoutEffectOnFiber (webpack-internal:///(app-pages-browser)/./node_modules/next/dist/compiled/react-dom/cjs/react-dom.development.js:21418:41)
    at recursivelyTraverseLayoutEffects (webpack-internal:///(app-pages-browser)/./node_modules/next/dist/compiled/react-dom/cjs/react-dom.development.js:22926:32)
[    1216ms] Error: Map container is already initialized.
    at _initContainer (webpack-internal:///(app-pages-browser)/./node_modules/leaflet/dist/leaflet-src.js:4206:12)
    at initialize (webpack-internal:///(app-pages-browser)/./node_modules/leaflet/dist/leaflet-src.js:3248:10)
    at NewClass (webpack-internal:///(app-pages-browser)/./node_modules/leaflet/dist/leaflet-src.js:301:22)
    at MapContainerComponent/mapRef< (webpack-internal:///(app-pages-browser)/./node_modules/react-leaflet/lib/MapContainer.js:37:25)
    at commitAttachRef (webpack-internal:///(app-pages-browser)/./node_modules/next/dist/compiled/react-dom/cjs/react-dom.development.js:21677:37)
    at safelyAttachRef (webpack-internal:///(app-pages-browser)/./node_modules/next/dist/compiled/react-dom/cjs/react-dom.development.js:20803:20)
    at reappearLayoutEffects (webpack-internal:///(app-pages-browser)/./node_modules/next/dist/compiled/react-dom/cjs/react-dom.development.js:23082:24)
    at recursivelyTraverseReappearLayoutEffects (webpack-internal:///(app-pages-browser)/./node_modules/next/dist/compiled/react-dom/cjs/react-dom.development.js:23142:26)
    at reappearLayoutEffects (webpack-internal:///(app-pages-browser)/./node_modules/next/dist/compiled/react-dom/cjs/react-dom.development.js:23024:49)
    at recursivelyTraverseReappearLayoutEffects (webpack-internal:///(app-pages-browser)/./node_modules/next/dist/compiled/react-dom/cjs/react-dom.development.js:23142:26)
    at reappearLayoutEffects (webpack-internal:///(app-pages-browser)/./node_modules/next/dist/compiled/react-dom/cjs/react-dom.development.js:23072:49)
    at recursivelyTraverseReappearLayoutEffects (webpack-internal:///(app-pages-browser)/./node_modules/next/dist/compiled/react-dom/cjs/react-dom.development.js:23142:26)
    at reappearLayoutEffects (webpack-internal:///(app-pages-browser)/./node_modules/next/dist/compiled/react-dom/cjs/react-dom.development.js:23072:49)
    at recursivelyTraverseReappearLayoutEffects (webpack-internal:///(app-pages-browser)/./node_modules/next/dist/compiled/react-dom/cjs/react-dom.development.js:23142:26)
    at reappearLayoutEffects (webpack-internal:///(app-pages-browser)/./node_modules/next/dist/compiled/react-dom/cjs/react-dom.development.js:23024:49)
    at recursivelyTraverseReappearLayoutEffects (webpack-internal:///(app-pages-browser)/./node_modules/next/dist/compiled/react-dom/cjs/react-dom.development.js:23142:26)
    at reappearLayoutEffects (webpack-internal:///(app-pages-browser)/./node_modules/next/dist/compiled/react-dom/cjs/react-dom.development.js:23024:49)
    at recursivelyTraverseReappearLayoutEffects (webpack-internal:///(app-pages-browser)/./node_modules/next/dist/compiled/react-dom/cjs/react-dom.development.js:23142:26)
    at commitLayoutEffectOnFiber (webpack-internal:///(app-pages-browser)/./node_modules/next/dist/compiled/react-dom/cjs/react-dom.development.js:21550:55)
    at recursivelyTraverseLayoutEffects (webpack-internal:///(app-pages-browser)/./node_modules/next/dist/compiled/react-dom/cjs/react-dom.development.js:22926:32)
    at commitLayoutEffectOnFiber (webpack-internal:///(app-pages-browser)/./node_modules/next/dist/compiled/react-dom/cjs/react-dom.development.js:21518:41)
    at recursivelyTraverseLayoutEffects (webpack-internal:///(app-pages-browser)/./node_modules/next/dist/compiled/react-dom/cjs/react-dom.development.js:22926:32)
    at commitLayoutEffectOnFiber (webpack-internal:///(app-pages-browser)/./node_modules/next/dist/compiled/react-dom/cjs/react-dom.development.js:21407:41)
    at recursivelyTraverseLayoutEffects (webpack-internal:///(app-pages-browser)/./node_modules/next/dist/compiled/react-dom/cjs/react-dom.development.js:22926:32)
    at commitLayoutEffectOnFiber (webpack-internal:///(app-pages-browser)/./node_modules/next/dist/compiled/react-dom/cjs/react-dom.development.js:21488:41)
    at recursivelyTraverseLayoutEffects (webpack-internal:///(app-pages-browser)/./node_modules/next/dist/compiled/react-dom/cjs/react-dom.development.js:22926:32)
    at commitLayoutEffectOnFiber (webpack-internal:///(app-pages-browser)/./node_modules/next/dist/compiled/react-dom/cjs/react-dom.development.js:21488:41)
    at recursivelyTraverseLayoutEffects (webpack-internal:///(app-pages-browser)/./node_modules/next/dist/compiled/react-dom/cjs/react-dom.development.js:22926:32)
    at commitLayoutEffectOnFiber (webpack-internal:///(app-pages-browser)/./node_modules/next/dist/compiled/react-dom/cjs/react-dom.development.js:21407:41)
    at recursivelyTraverseLayoutEffects (webpack-internal:///(app-pages-browser)/./node_modules/next/dist/compiled/react-dom/cjs/react-dom.development.js:22926:32)
    at commitLayoutEffectOnFiber (webpack-internal:///(app-pages-browser)/./node_modules/next/dist/compiled/react-dom/cjs/react-dom.development.js:21407:41)
    at recursivelyTraverseLayoutEffects (webpack-internal:///(app-pages-browser)/./node_modules/next/dist/compiled/react-dom/cjs/react-dom.development.js:22926:32)
    at commitLayoutEffectOnFiber (webpack-internal:///(app-pages-browser)/./node_modules/next/dist/compiled/react-dom/cjs/react-dom.development.js:21577:41)
    at recursivelyTraverseLayoutEffects (webpack-internal:///(app-pages-browser)/./node_modules/next/dist/compiled/react-dom/cjs/react-dom.development.js:22926:32)
    at commitLayoutEffectOnFiber (webpack-internal:///(app-pages-browser)/./node_modules/next/dist/compiled/react-dom/cjs/react-dom.development.js:21577:41)
    at recursivelyTraverseLayoutEffects (webpack-internal:///(app-pages-browser)/./node_modules/next/dist/compiled/react-dom/cjs/react-dom.development.js:22926:32)
    at commitLayoutEffectOnFiber (webpack-internal:///(app-pages-browser)/./node_modules/next/dist/compiled/react-dom/cjs/react-dom.development.js:21407:41)
    at recursivelyTraverseLayoutEffects (webpack-internal:///(app-pages-browser)/./node_modules/next/dist/compiled/react-dom/cjs/react-dom.development.js:22926:32)
    at commitLayoutEffectOnFiber (webpack-internal:///(app-pages-browser)/./node_modules/next/dist/compiled/react-dom/cjs/react-dom.development.js:21418:41)
    at recursivelyTraverseLayoutEffects (webpack-internal:///(app-pages-browser)/./node_modules/next/dist/compiled/react-dom/cjs/react-dom.development.js:22926:32)
    at commitLayoutEffectOnFiber (webpack-internal:///(app-pages-browser)/./node_modules/next/dist/compiled/react-dom/cjs/react-dom.development.js:21407:41)
    at recursivelyTraverseLayoutEffects (webpack-internal:///(app-pages-browser)/./node_modules/next/dist/compiled/react-dom/cjs/react-dom.development.js:22926:32)
    at commitLayoutEffectOnFiber (webpack-internal:///(app-pages-browser)/./node_modules/next/dist/compiled/react-dom/cjs/react-dom.development.js:21407:41)
    at recursivelyTraverseLayoutEffects (webpack-internal:///(app-pages-browser)/./node_modules/next/dist/compiled/react-dom/cjs/react-dom.development.js:22926:32)
    at commitLayoutEffectOnFiber (webpack-internal:///(app-pages-browser)/./node_modules/next/dist/compiled/react-dom/cjs/react-dom.development.js:21407:41)
    at recursivelyTraverseLayoutEffects (webpack-internal:///(app-pages-browser)/./node_modules/next/dist/compiled/react-dom/cjs/react-dom.development.js:22926:32)
    at commitLayoutEffectOnFiber (webpack-internal:///(app-pages-browser)/./node_modules/next/dist/compiled/react-dom/cjs/react-dom.development.js:21407:41)
    at recursivelyTraverseLayoutEffects (webpack-internal:///(app-pages-browser)/./node_modules/next/dist/compiled/react-dom/cjs/react-dom.development.js:22926:32)
    at commitLayoutEffectOnFiber (webpack-internal:///(app-pages-browser)/./node_modules/next/dist/compiled/react-dom/cjs/react-dom.development.js:21418:41)
    at recursivelyTraverseLayoutEffects (webpack-internal:///(app-pages-browser)/./node_modules/next/dist/compiled/react-dom/cjs/react-dom.development.js:22926:32)
[    1216ms] Error: Map container is already initialized.
    at _initContainer (webpack-internal:///(app-pages-browser)/./node_modules/leaflet/dist/leaflet-src.js:4206:12)
    at initialize (webpack-internal:///(app-pages-browser)/./node_modules/leaflet/dist/leaflet-src.js:3248:10)
    at NewClass (webpack-internal:///(app-pages-browser)/./node_modules/leaflet/dist/leaflet-src.js:301:22)
    at MapContainerComponent/mapRef< (webpack-internal:///(app-pages-browser)/./node_modules/react-leaflet/lib/MapContainer.js:37:25)
    at commitAttachRef (webpack-internal:///(app-pages-browser)/./node_modules/next/dist/compiled/react-dom/cjs/react-dom.development.js:21677:37)
    at safelyAttachRef (webpack-internal:///(app-pages-browser)/./node_modules/next/dist/compiled/react-dom/cjs/react-dom.development.js:20803:20)
    at reappearLayoutEffects (webpack-internal:///(app-pages-browser)/./node_modules/next/dist/compiled/react-dom/cjs/react-dom.development.js:23082:24)
    at recursivelyTraverseReappearLayoutEffects (webpack-internal:///(app-pages-browser)/./node_modules/next/dist/compiled/react-dom/cjs/react-dom.development.js:23142:26)
    at reappearLayoutEffects (webpack-internal:///(app-pages-browser)/./node_modules/next/dist/compiled/react-dom/cjs/react-dom.development.js:23024:49)
    at recursivelyTraverseReappearLayoutEffects (webpack-internal:///(app-pages-browser)/./node_modules/next/dist/compiled/react-dom/cjs/react-dom.development.js:23142:26)
    at reappearLayoutEffects (webpack-internal:///(app-pages-browser)/./node_modules/next/dist/compiled/react-dom/cjs/react-dom.development.js:23072:49)
    at recursivelyTraverseReappearLayoutEffects (webpack-internal:///(app-pages-browser)/./node_modules/next/dist/compiled/react-dom/cjs/react-dom.development.js:23142:26)
    at reappearLayoutEffects (webpack-internal:///(app-pages-browser)/./node_modules/next/dist/compiled/react-dom/cjs/react-dom.development.js:23072:49)
    at recursivelyTraverseReappearLayoutEffects (webpack-internal:///(app-pages-browser)/./node_modules/next/dist/compiled/react-dom/cjs/react-dom.development.js:23142:26)
    at reappearLayoutEffects (webpack-internal:///(app-pages-browser)/./node_modules/next/dist/compiled/react-dom/cjs/react-dom.development.js:23024:49)
    at recursivelyTraverseReappearLayoutEffects (webpack-internal:///(app-pages-browser)/./node_modules/next/dist/compiled/react-dom/cjs/react-dom.development.js:23142:26)
    at reappearLayoutEffects (webpack-internal:///(app-pages-browser)/./node_modules/next/dist/compiled/react-dom/cjs/react-dom.development.js:23024:49)
    at recursivelyTraverseReappearLayoutEffects (webpack-internal:///(app-pages-browser)/./node_modules/next/dist/compiled/react-dom/cjs/react-dom.development.js:23142:26)
    at commitLayoutEffectOnFiber (webpack-internal:///(app-pages-browser)/./node_modules/next/dist/compiled/react-dom/cjs/react-dom.development.js:21550:55)
    at recursivelyTraverseLayoutEffects (webpack-internal:///(app-pages-browser)/./node_modules/next/dist/compiled/react-dom/cjs/react-dom.development.js:22926:32)
    at commitLayoutEffectOnFiber (webpack-internal:///(app-pages-browser)/./node_modules/next/dist/compiled/react-dom/cjs/react-dom.development.js:21518:41)
    at recursivelyTraverseLayoutEffects (webpack-internal:///(app-pages-browser)/./node_modules/next/dist/compiled/react-dom/cjs/react-dom.development.js:22926:32)
    at commitLayoutEffectOnFiber (webpack-internal:///(app-pages-browser)/./node_modules/next/dist/compiled/react-dom/cjs/react-dom.development.js:21407:41)
    at recursivelyTraverseLayoutEffects (webpack-internal:///(app-pages-browser)/./node_modules/next/dist/compiled/react-dom/cjs/react-dom.development.js:22926:32)
    at commitLayoutEffectOnFiber (webpack-internal:///(app-pages-browser)/./node_modules/next/dist/compiled/react-dom/cjs/react-dom.development.js:21488:41)
    at recursivelyTraverseLayoutEffects (webpack-internal:///(app-pages-browser)/./node_modules/next/dist/compiled/react-dom/cjs/react-dom.development.js:22926:32)
    at commitLayoutEffectOnFiber (webpack-internal:///(app-pages-browser)/./node_modules/next/dist/compiled/react-dom/cjs/react-dom.development.js:21488:41)
    at recursivelyTraverseLayoutEffects (webpack-internal:///(app-pages-browser)/./node_modules/next/dist/compiled/react-dom/cjs/react-dom.development.js:22926:32)
    at commitLayoutEffectOnFiber (webpack-internal:///(app-pages-browser)/./node_modules/next/dist/compiled/react-dom/cjs/react-dom.development.js:21407:41)
    at recursivelyTraverseLayoutEffects (webpack-internal:///(app-pages-browser)/./node_modules/next/dist/compiled/react-dom/cjs/react-dom.development.js:22926:32)
    at commitLayoutEffectOnFiber (webpack-internal:///(app-pages-browser)/./node_modules/next/dist/compiled/react-dom/cjs/react-dom.development.js:21407:41)
    at recursivelyTraverseLayoutEffects (webpack-internal:///(app-pages-browser)/./node_modules/next/dist/compiled/react-dom/cjs/react-dom.development.js:22926:32)
    at commitLayoutEffectOnFiber (webpack-internal:///(app-pages-browser)/./node_modules/next/dist/compiled/react-dom/cjs/react-dom.development.js:21577:41)
    at recursivelyTraverseLayoutEffects (webpack-internal:///(app-pages-browser)/./node_modules/next/dist/compiled/react-dom/cjs/react-dom.development.js:22926:32)
    at commitLayoutEffectOnFiber (webpack-internal:///(app-pages-browser)/./node_modules/next/dist/compiled/react-dom/cjs/react-dom.development.js:21577:41)
    at recursivelyTraverseLayoutEffects (webpack-internal:///(app-pages-browser)/./node_modules/next/dist/compiled/react-dom/cjs/react-dom.development.js:22926:32)
    at commitLayoutEffectOnFiber (webpack-internal:///(app-pages-browser)/./node_modules/next/dist/compiled/react-dom/cjs/react-dom.development.js:21407:41)
    at recursivelyTraverseLayoutEffects (webpack-internal:///(app-pages-browser)/./node_modules/next/dist/compiled/react-dom/cjs/react-dom.development.js:22926:32)
    at commitLayoutEffectOnFiber (webpack-internal:///(app-pages-browser)/./node_modules/next/dist/compiled/react-dom/cjs/react-dom.development.js:21418:41)
    at recursivelyTraverseLayoutEffects (webpack-internal:///(app-pages-browser)/./node_modules/next/dist/compiled/react-dom/cjs/react-dom.development.js:22926:32)
    at commitLayoutEffectOnFiber (webpack-internal:///(app-pages-browser)/./node_modules/next/dist/compiled/react-dom/cjs/react-dom.development.js:21407:41)
    at recursivelyTraverseLayoutEffects (webpack-internal:///(app-pages-browser)/./node_modules/next/dist/compiled/react-dom/cjs/react-dom.development.js:22926:32)
    at commitLayoutEffectOnFiber (webpack-internal:///(app-pages-browser)/./node_modules/next/dist/compiled/react-dom/cjs/react-dom.development.js:21407:41)
    at recursivelyTraverseLayoutEffects (webpack-internal:///(app-pages-browser)/./node_modules/next/dist/compiled/react-dom/cjs/react-dom.development.js:22926:32)
    at commitLayoutEffectOnFiber (webpack-internal:///(app-pages-browser)/./node_modules/next/dist/compiled/react-dom/cjs/react-dom.development.js:21407:41)
    at recursivelyTraverseLayoutEffects (webpack-internal:///(app-pages-browser)/./node_modules/next/dist/compiled/react-dom/cjs/react-dom.development.js:22926:32)
    at commitLayoutEffectOnFiber (webpack-internal:///(app-pages-browser)/./node_modules/next/dist/compiled/react-dom/cjs/react-dom.development.js:21407:41)
    at recursivelyTraverseLayoutEffects (webpack-internal:///(app-pages-browser)/./node_modules/next/dist/compiled/react-dom/cjs/react-dom.development.js:22926:32)
    at commitLayoutEffectOnFiber (webpack-internal:///(app-pages-browser)/./node_modules/next/dist/compiled/react-dom/cjs/react-dom.development.js:21418:41)
    at recursivelyTraverseLayoutEffects (webpack-internal:///(app-pages-browser)/./node_modules/next/dist/compiled/react-dom/cjs/react-dom.development.js:22926:32)
[    1217ms] Error: Map container is already initialized.
    at _initContainer (webpack-internal:///(app-pages-browser)/./node_modules/leaflet/dist/leaflet-src.js:4206:12)
    at initialize (webpack-internal:///(app-pages-browser)/./node_modules/leaflet/dist/leaflet-src.js:3248:10)
    at NewClass (webpack-internal:///(app-pages-browser)/./node_modules/leaflet/dist/leaflet-src.js:301:22)
    at MapContainerComponent/mapRef< (webpack-internal:///(app-pages-browser)/./node_modules/react-leaflet/lib/MapContainer.js:37:25)
    at commitAttachRef (webpack-internal:///(app-pages-browser)/./node_modules/next/dist/compiled/react-dom/cjs/react-dom.development.js:21677:37)
    at safelyAttachRef (webpack-internal:///(app-pages-browser)/./node_modules/next/dist/compiled/react-dom/cjs/react-dom.development.js:20803:20)
    at reappearLayoutEffects (webpack-internal:///(app-pages-browser)/./node_modules/next/dist/compiled/react-dom/cjs/react-dom.development.js:23082:24)
    at recursivelyTraverseReappearLayoutEffects (webpack-internal:///(app-pages-browser)/./node_modules/next/dist/compiled/react-dom/cjs/react-dom.development.js:23142:26)
    at reappearLayoutEffects (webpack-internal:///(app-pages-browser)/./node_modules/next/dist/compiled/react-dom/cjs/react-dom.development.js:23024:49)
    at recursivelyTraverseReappearLayoutEffects (webpack-internal:///(app-pages-browser)/./node_modules/next/dist/compiled/react-dom/cjs/react-dom.development.js:23142:26)
    at reappearLayoutEffects (webpack-internal:///(app-pages-browser)/./node_modules/next/dist/compiled/react-dom/cjs/react-dom.development.js:23072:49)
    at recursivelyTraverseReappearLayoutEffects (webpack-internal:///(app-pages-browser)/./node_modules/next/dist/compiled/react-dom/cjs/react-dom.development.js:23142:26)
    at reappearLayoutEffects (webpack-internal:///(app-pages-browser)/./node_modules/next/dist/compiled/react-dom/cjs/react-dom.development.js:23072:49)
    at recursivelyTraverseReappearLayoutEffects (webpack-internal:///(app-pages-browser)/./node_modules/next/dist/compiled/react-dom/cjs/react-dom.development.js:23142:26)
    at reappearLayoutEffects (webpack-internal:///(app-pages-browser)/./node_modules/next/dist/compiled/react-dom/cjs/react-dom.development.js:23024:49)
    at recursivelyTraverseReappearLayoutEffects (webpack-internal:///(app-pages-browser)/./node_modules/next/dist/compiled/react-dom/cjs/react-dom.development.js:23142:26)
    at reappearLayoutEffects (webpack-internal:///(app-pages-browser)/./node_modules/next/dist/compiled/react-dom/cjs/react-dom.development.js:23024:49)
    at recursivelyTraverseReappearLayoutEffects (webpack-internal:///(app-pages-browser)/./node_modules/next/dist/compiled/react-dom/cjs/react-dom.development.js:23142:26)
    at commitLayoutEffectOnFiber (webpack-internal:///(app-pages-browser)/./node_modules/next/dist/compiled/react-dom/cjs/react-dom.development.js:21550:55)
    at recursivelyTraverseLayoutEffects (webpack-internal:///(app-pages-browser)/./node_modules/next/dist/compiled/react-dom/cjs/react-dom.development.js:22926:32)
    at commitLayoutEffectOnFiber (webpack-internal:///(app-pages-browser)/./node_modules/next/dist/compiled/react-dom/cjs/react-dom.development.js:21518:41)
    at recursivelyTraverseLayoutEffects (webpack-internal:///(app-pages-browser)/./node_modules/next/dist/compiled/react-dom/cjs/react-dom.development.js:22926:32)
    at commitLayoutEffectOnFiber (webpack-internal:///(app-pages-browser)/./node_modules/next/dist/compiled/react-dom/cjs/react-dom.development.js:21407:41)
    at recursivelyTraverseLayoutEffects (webpack-internal:///(app-pages-browser)/./node_modules/next/dist/compiled/react-dom/cjs/react-dom.development.js:22926:32)
    at commitLayoutEffectOnFiber (webpack-internal:///(app-pages-browser)/./node_modules/next/dist/compiled/react-dom/cjs/react-dom.development.js:21488:41)
    at recursivelyTraverseLayoutEffects (webpack-internal:///(app-pages-browser)/./node_modules/next/dist/compiled/react-dom/cjs/react-dom.development.js:22926:32)
    at commitLayoutEffectOnFiber (webpack-internal:///(app-pages-browser)/./node_modules/next/dist/compiled/react-dom/cjs/react-dom.development.js:21488:41)
    at recursivelyTraverseLayoutEffects (webpack-internal:///(app-pages-browser)/./node_modules/next/dist/compiled/react-dom/cjs/react-dom.development.js:22926:32)
    at commitLayoutEffectOnFiber (webpack-internal:///(app-pages-browser)/./node_modules/next/dist/compiled/react-dom/cjs/react-dom.development.js:21407:41)
    at recursivelyTraverseLayoutEffects (webpack-internal:///(app-pages-browser)/./node_modules/next/dist/compiled/react-dom/cjs/react-dom.development.js:22926:32)
    at commitLayoutEffectOnFiber (webpack-internal:///(app-pages-browser)/./node_modules/next/dist/compiled/react-dom/cjs/react-dom.development.js:21407:41)
    at recursivelyTraverseLayoutEffects (webpack-internal:///(app-pages-browser)/./node_modules/next/dist/compiled/react-dom/cjs/react-dom.development.js:22926:32)
    at commitLayoutEffectOnFiber (webpack-internal:///(app-pages-browser)/./node_modules/next/dist/compiled/react-dom/cjs/react-dom.development.js:21577:41)
    at recursivelyTraverseLayoutEffects (webpack-internal:///(app-pages-browser)/./node_modules/next/dist/compiled/react-dom/cjs/react-dom.development.js:22926:32)
    at commitLayoutEffectOnFiber (webpack-internal:///(app-pages-browser)/./node_modules/next/dist/compiled/react-dom/cjs/react-dom.development.js:21577:41)
    at recursivelyTraverseLayoutEffects (webpack-internal:///(app-pages-browser)/./node_modules/next/dist/compiled/react-dom/cjs/react-dom.development.js:22926:32)
    at commitLayoutEffectOnFiber (webpack-internal:///(app-pages-browser)/./node_modules/next/dist/compiled/react-dom/cjs/react-dom.development.js:21407:41)
    at recursivelyTraverseLayoutEffects (webpack-internal:///(app-pages-browser)/./node_modules/next/dist/compiled/react-dom/cjs/react-dom.development.js:22926:32)
    at commitLayoutEffectOnFiber (webpack-internal:///(app-pages-browser)/./node_modules/next/dist/compiled/react-dom/cjs/react-dom.development.js:21418:41)
    at recursivelyTraverseLayoutEffects (webpack-internal:///(app-pages-browser)/./node_modules/next/dist/compiled/react-dom/cjs/react-dom.development.js:22926:32)
    at commitLayoutEffectOnFiber (webpack-internal:///(app-pages-browser)/./node_modules/next/dist/compiled/react-dom/cjs/react-dom.development.js:21407:41)
    at recursivelyTraverseLayoutEffects (webpack-internal:///(app-pages-browser)/./node_modules/next/dist/compiled/react-dom/cjs/react-dom.development.js:22926:32)
    at commitLayoutEffectOnFiber (webpack-internal:///(app-pages-browser)/./node_modules/next/dist/compiled/react-dom/cjs/react-dom.development.js:21407:41)
    at recursivelyTraverseLayoutEffects (webpack-internal:///(app-pages-browser)/./node_modules/next/dist/compiled/react-dom/cjs/react-dom.development.js:22926:32)
    at commitLayoutEffectOnFiber (webpack-internal:///(app-pages-browser)/./node_modules/next/dist/compiled/react-dom/cjs/react-dom.development.js:21407:41)
    at recursivelyTraverseLayoutEffects (webpack-internal:///(app-pages-browser)/./node_modules/next/dist/compiled/react-dom/cjs/react-dom.development.js:22926:32)
    at commitLayoutEffectOnFiber (webpack-internal:///(app-pages-browser)/./node_modules/next/dist/compiled/react-dom/cjs/react-dom.development.js:21407:41)
    at recursivelyTraverseLayoutEffects (webpack-internal:///(app-pages-browser)/./node_modules/next/dist/compiled/react-dom/cjs/react-dom.development.js:22926:32)
    at commitLayoutEffectOnFiber (webpack-internal:///(app-pages-browser)/./node_modules/next/dist/compiled/react-dom/cjs/react-dom.development.js:21418:41)
    at recursivelyTraverseLayoutEffects (webpack-internal:///(app-pages-browser)/./node_modules/next/dist/compiled/react-dom/cjs/react-dom.development.js:22926:32)
[    1944ms] [LOG] [Fast Refresh] rebuilding @ webpack-internal:///(app-pages-browser)/./node_modules/next/dist/client/components/react-dev-overlay/app/hot-reloader-client.js:186
[    2103ms] [LOG] [Fast Refresh] rebuilding @ webpack-internal:///(app-pages-browser)/./node_modules/next/dist/client/components/react-dev-overlay/app/hot-reloader-client.js:186
[    2297ms] [WARNING] [Fast Refresh] performing full reload because your application had an unrecoverable error @ webpack-internal:///(app-pages-browser)/./node_modules/next/dist/client/components/react-dev-overlay/app/hot-reloader-client.js:114
[    2321ms] [ERROR] [JavaScript Error: "Firefox can’t establish a connection to the server at ws://localhost:8001/ws/pulse." {file: "http://localhost:3000/_next/static/chunks/_app-pages-browser_src_components_LiveTelemetryMap_tsx.js line 39 > eval" line: 135}] @ http://localhost:3000/_next/static/chunks/_app-pages-browser_src_components_LiveTelemetryMap_tsx.js line 39 > eval:135
[    2323ms] [ERROR] [JavaScript Error: "The connection to ws://localhost:8001/ws/pulse was interrupted while the page was loading." {file: "http://localhost:3000/_next/static/chunks/_app-pages-browser_src_components_LiveTelemetryMap_tsx.js line 39 > eval" line: 135}] @ http://localhost:3000/_next/static/chunks/_app-pages-browser_src_components_LiveTelemetryMap_tsx.js line 39 > eval:135
[    2337ms] [ERROR] [CivicPulse] Failed to load cities @ webpack-internal:///(app-pages-browser)/./node_modules/next/dist/client/app-index.js:32
[    2353ms] [WARNING] [Fast Refresh] performing full reload

Fast Refresh will perform a full reload when you edit a file that's imported by modules outside of the React rendering tree.
You might have a file which exports a React component but also exports a value that is imported by a non-React component file.
Consider migrating the non-React component export to a separate file and importing it into both files.

It is also possible the parent component of the component you edited is a class component, which disables Fast Refresh.
Fast Refresh requires at least one parent function component in your React tree. @ webpack-internal:///(app-pages-browser)/./node_modules/next/dist/client/components/react-dev-overlay/app/hot-reloader-client.js:112
[    2355ms] [ERROR] [CivicPulse] Failed to load cities @ webpack-internal:///(app-pages-browser)/./node_modules/next/dist/client/app-index.js:32
[    2571ms] [WARNING] [JavaScript Warning: "A resource is blocked by OpaqueResponseBlocking, please check browser console for details." {file: "https://lh3.googleusercontent.com/aida/AEtjO1X846d3k35eqtuPzI3ksBZBgmsuatplYf7WFWYM_h4CQ9S0k_6yUwv3OxFWwjbIzs3k1JV2GDlAvxoRA-gLT5iFVboFFwqvpvgYPsc_RyoM3YuBNu9NzPARAaC6kV6UJAhH0RowmMOGkuZnERI4p8pDkvgiSk39AQI3ZKfgNVDlH8G2iRraUJ4l3kVc7G4FOOYXP0NMkYeXWm6DwN2oPcnaPAhJ9SrQiTBLsgXyla-zluPTCI_cNnaWLpKk" line: 0}] @ https://lh3.googleusercontent.com/aida/AEtjO1X846d3k35eqtuPzI3ksBZBgmsuatplYf7WFWYM_h4CQ9S0k_6yUwv3OxFWwjbIzs3k1JV2GDlAvxoRA-gLT5iFVboFFwqvpvgYPsc_RyoM3YuBNu9NzPARAaC6kV6UJAhH0RowmMOGkuZnERI4p8pDkvgiSk39AQI3ZKfgNVDlH8G2iRraUJ4l3kVc7G4FOOYXP0NMkYeXWm6DwN2oPcnaPAhJ9SrQiTBLsgXyla-zluPTCI_cNnaWLpKk:0
[    2683ms] [INFO] Download the React DevTools for a better development experience: https://reactjs.org/link/react-devtools @ webpack-internal:///(app-pages-browser)/./node_modules/next/dist/compiled/react-dom/cjs/react-dom.development.js:38559
[    2767ms] [ERROR] Warning: Text content did not match. Server: "9/25/2026, 1:04:19 AM" Client: "9/25/2026, 1:04:20 AM"
span
div
div
div
section
main
OverviewPage@webpack-internal:///(app-pages-browser)/./src/app/overview/page.tsx:52:72
ClientPageRoot@webpack-internal:///(app-pages-browser)/./node_modules/next/dist/client/components/client-page.js:14:32
InnerLayoutRouter@webpack-internal:///(app-pages-browser)/./node_modules/next/dist/client/components/layout-router.js:244:18
RedirectErrorBoundary@webpack-internal:///(app-pages-browser)/./node_modules/next/dist/client/components/redirect-boundary.js:74:9
RedirectBoundary@webpack-internal:///(app-pages-browser)/./node_modules/next/dist/client/components/redirect-boundary.js:82:24
NotFoundBoundary@webpack-internal:///(app-pages-browser)/./node_modules/next/dist/client/components/not-found-boundary.js:84:62
LoadingBoundary@webpack-internal:///(app-pages-browser)/./node_modules/next/dist/client/components/layout-router.js:349:76
ErrorBoundary@webpack-internal:///(app-pages-browser)/./node_modules/next/dist/client/components/error-boundary.js:160:67
InnerScrollAndFocusHandler@webpack-internal:///(app-pages-browser)/./node_modules/next/dist/client/components/layout-router.js:153:9
ScrollAndFocusHandler@webpack-internal:///(app-pages-browser)/./node_modules/next/dist/client/components/layout-router.js:228:37
RenderFromTemplateContext@webpack-internal:///(app-pages-browser)/./node_modules/next/dist/client/components/render-from-template-context.js:16:44
OuterLayoutRouter@webpack-internal:///(app-pages-browser)/./node_modules/next/dist/client/components/layout-router.js:370:149
InnerLayoutRouter@webpack-internal:///(app-pages-browser)/./node_modules/next/dist/client/components/layout-router.js:244:18
RedirectErrorBoundary@webpack-internal:///(app-pages-browser)/./node_modules/next/dist/client/components/redirect-boundary.js:74:9
RedirectBoundary@webpack-internal:///(app-pages-browser)/./node_modules/next/dist/client/components/redirect-boundary.js:82:24
NotFoundErrorBoundary@webpack-internal:///(app-pages-browser)/./node_modules/next/dist/client/components/not-found-boundary.js:76:9
NotFoundBoundary@webpack-internal:///(app-pages-browser)/./node_modules/next/dist/client/components/not-found-boundary.js:84:62
LoadingBoundary@webpack-internal:///(app-pages-browser)/./node_modules/next/dist/client/components/layout-router.js:349:76
ErrorBoundary@webpack-internal:///(app-pages-browser)/./node_modules/next/dist/client/components/error-boundary.js:160:67
InnerScrollAndFocusHandler@webpack-internal:///(app-pages-browser)/./node_modules/next/dist/client/components/layout-router.js:153:9
ScrollAndFocusHandler@webpack-internal:///(app-pages-browser)/./node_modules/next/dist/client/components/layout-router.js:228:37
RenderFromTemplateContext@webpack-internal:///(app-pages-browser)/./node_modules/next/dist/client/components/render-from-template-context.js:16:44
OuterLayoutRouter@webpack-internal:///(app-pages-browser)/./node_modules/next/dist/client/components/layout-router.js:370:149
body
html
RootLayout (Server)
RedirectErrorBoundary@webpack-internal:///(app-pages-browser)/./node_modules/next/dist/client/components/redirect-boundary.js:74:9
RedirectBoundary@webpack-internal:///(app-pages-browser)/./node_modules/next/dist/client/components/redirect-boundary.js:82:24
NotFoundErrorBoundary@webpack-internal:///(app-pages-browser)/./node_modules/next/dist/client/components/not-found-boundary.js:76:9
NotFoundBoundary@webpack-internal:///(app-pages-browser)/./node_modules/next/dist/client/components/not-found-boundary.js:84:62
DevRootNotFoundBoundary@webpack-internal:///(app-pages-browser)/./node_modules/next/dist/client/components/dev-root-not-found-boundary.js:33:24
ReactDevOverlay@webpack-internal:///(app-pages-browser)/./node_modules/next/dist/client/components/react-dev-overlay/app/ReactDevOverlay.js:87:9
HotReload@webpack-internal:///(app-pages-browser)/./node_modules/next/dist/client/components/react-dev-overlay/app/hot-reloader-client.js:321:37
Router@webpack-internal:///(app-pages-browser)/./node_modules/next/dist/client/components/app-router.js:207:123
ErrorBoundaryHandler@webpack-internal:///(app-pages-browser)/./node_modules/next/dist/client/components/error-boundary.js:113:9
ErrorBoundary@webpack-internal:///(app-pages-browser)/./node_modules/next/dist/client/components/error-boundary.js:160:67
AppRouter@webpack-internal:///(app-pages-browser)/./node_modules/next/dist/client/components/app-router.js:585:47
ServerRoot@webpack-internal:///(app-pages-browser)/./node_modules/next/dist/client/app-index.js:112:27
Root@webpack-internal:///(app-pages-browser)/./node_modules/next/dist/client/app-index.js:117:24 @ webpack-internal:///(app-pages-browser)/./node_modules/next/dist/client/app-index.js:32
[    2772ms] [ERROR] Warning: An error occurred during hydration. The server HTML was replaced with client content in <#document>. @ webpack-internal:///(app-pages-browser)/./node_modules/next/dist/client/app-index.js:32
[    2818ms] Error: Text content does not match server-rendered HTML.
    at checkForUnmatchedText (webpack-internal:///(app-pages-browser)/./node_modules/next/dist/compiled/react-dom/cjs/react-dom.development.js:32797:11)
    at diffHydratedProperties (webpack-internal:///(app-pages-browser)/./node_modules/next/dist/compiled/react-dom/cjs/react-dom.development.js:35055:30)
    at hydrateInstance (webpack-internal:///(app-pages-browser)/./node_modules/next/dist/compiled/react-dom/cjs/react-dom.development.js:36127:25)
    at prepareToHydrateHostInstance (webpack-internal:///(app-pages-browser)/./node_modules/next/dist/compiled/react-dom/cjs/react-dom.development.js:7246:18)
    at completeWork (webpack-internal:///(app-pages-browser)/./node_modules/next/dist/compiled/react-dom/cjs/react-dom.development.js:19769:41)
    at completeUnitOfWork (webpack-internal:///(app-pages-browser)/./node_modules/next/dist/compiled/react-dom/cjs/react-dom.development.js:25963:14)
    at performUnitOfWork (webpack-internal:///(app-pages-browser)/./node_modules/next/dist/compiled/react-dom/cjs/react-dom.development.js:25759:23)
    at workLoopConcurrent (webpack-internal:///(app-pages-browser)/./node_modules/next/dist/compiled/react-dom/cjs/react-dom.development.js:25734:22)
    at renderRootConcurrent (webpack-internal:///(app-pages-browser)/./node_modules/next/dist/compiled/react-dom/cjs/react-dom.development.js:25690:9)
    at performConcurrentWorkOnRoot (webpack-internal:///(app-pages-browser)/./node_modules/next/dist/compiled/react-dom/cjs/react-dom.development.js:24504:38)
    at workLoop (webpack-internal:///(app-pages-browser)/./node_modules/next/dist/compiled/scheduler/cjs/scheduler.development.js:256:42)
    at flushWork (webpack-internal:///(app-pages-browser)/./node_modules/next/dist/compiled/scheduler/cjs/scheduler.development.js:225:14)
    at performWorkUntilDeadline (webpack-internal:///(app-pages-browser)/./node_modules/next/dist/compiled/scheduler/cjs/scheduler.development.js:534:21)
    at EventHandlerNonNull* (webpack-internal:///(app-pages-browser)/./node_modules/next/dist/compiled/scheduler/cjs/scheduler.development.js:569:3)
    at  (webpack-internal:///(app-pages-browser)/./node_modules/next/dist/compiled/scheduler/cjs/scheduler.development.js:630:5)
    at (app-pages-browser)/./node_modules/next/dist/compiled/scheduler/cjs/scheduler.development.js (http://localhost:3000/_next/static/chunks/main-app.js?v=1790278459939:113:1)
    at options.factory (http://localhost:3000/_next/static/chunks/webpack.js?v=1790278459939:715:31)
    at __webpack_require__ (http://localhost:3000/_next/static/chunks/webpack.js?v=1790278459939:37:33)
    at fn (http://localhost:3000/_next/static/chunks/webpack.js?v=1790278459939:371:21)
    at  (webpack-internal:///(app-pages-browser)/./node_modules/next/dist/compiled/scheduler/index.js:4:20)
    at (app-pages-browser)/./node_modules/next/dist/compiled/scheduler/index.js (http://localhost:3000/_next/static/chunks/main-app.js?v=1790278459939:124:1)
    at options.factory (http://localhost:3000/_next/static/chunks/webpack.js?v=1790278459939:715:31)
    at __webpack_require__ (http://localhost:3000/_next/static/chunks/webpack.js?v=1790278459939:37:33)
    at fn (http://localhost:3000/_next/static/chunks/webpack.js?v=1790278459939:371:21)
    at  (webpack-internal:///(app-pages-browser)/./node_modules/next/dist/compiled/react-dom/cjs/react-dom.development.js:27:36)
    at  (webpack-internal:///(app-pages-browser)/./node_modules/next/dist/compiled/react-dom/cjs/react-dom.development.js:38595:5)
    at (app-pages-browser)/./node_modules/next/dist/compiled/react-dom/cjs/react-dom.development.js (http://localhost:3000/_next/static/chunks/main-app.js?v=1790278459939:1847:1)
    at options.factory (http://localhost:3000/_next/static/chunks/webpack.js?v=1790278459939:715:31)
    at __webpack_require__ (http://localhost:3000/_next/static/chunks/webpack.js?v=1790278459939:37:33)
    at fn (http://localhost:3000/_next/static/chunks/webpack.js?v=1790278459939:371:21)
    at  (webpack-internal:///(app-pages-browser)/./node_modules/next/dist/compiled/react-dom/index.js:32:20)
    at (app-pages-browser)/./node_modules/next/dist/compiled/react-dom/index.js (http://localhost:3000/_next/static/chunks/main-app.js?v=1790278459939:1869:1)
    at options.factory (http://localhost:3000/_next/static/chunks/webpack.js?v=1790278459939:715:31)
    at __webpack_require__ (http://localhost:3000/_next/static/chunks/webpack.js?v=1790278459939:37:33)
    at fn (http://localhost:3000/_next/static/chunks/webpack.js?v=1790278459939:371:21)
    at  (webpack-internal:///(app-pages-browser)/./node_modules/next/dist/compiled/react-dom/client.js:3:28)
    at (app-pages-browser)/./node_modules/next/dist/compiled/react-dom/client.js (http://localhost:3000/_next/static/chunks/main-app.js?v=1790278459939:1858:1)
    at options.factory (http://localhost:3000/_next/static/chunks/webpack.js?v=1790278459939:715:31)
    at __webpack_require__ (http://localhost:3000/_next/static/chunks/webpack.js?v=1790278459939:37:33)
    at fn (http://localhost:3000/_next/static/chunks/webpack.js?v=1790278459939:371:21)
    at  (webpack-internal:///(app-pages-browser)/./node_modules/next/dist/client/app-index.js:15:58)
    at (app-pages-browser)/./node_modules/next/dist/client/app-index.js (http://localhost:3000/_next/static/chunks/main-app.js?v=1790278459939:244:1)
    at options.factory (http://localhost:3000/_next/static/chunks/webpack.js?v=1790278459939:715:31)
    at __webpack_require__ (http://localhost:3000/_next/static/chunks/webpack.js?v=1790278459939:37:33)
    at fn (http://localhost:3000/_next/static/chunks/webpack.js?v=1790278459939:371:21)
    at  (webpack-internal:///(app-pages-browser)/./node_modules/next/dist/client/app-next-dev.js:9:44)
    at appBootstrap/< (webpack-internal:///(app-pages-browser)/./node_modules/next/dist/client/app-bootstrap.js:57:9)
    at loadScriptsInSequence (webpack-internal:///(app-pages-browser)/./node_modules/next/dist/client/app-bootstrap.js:23:16)
    at appBootstrap (webpack-internal:///(app-pages-browser)/./node_modules/next/dist/client/app-bootstrap.js:56:26)
    at  (webpack-internal:///(app-pages-browser)/./node_modules/next/dist/client/app-next-dev.js:8:32)
    at (app-pages-browser)/./node_modules/next/dist/client/app-next-dev.js (http://localhost:3000/_next/static/chunks/main-app.js?v=1790278459939:266:1)
[    2819ms] Error: Text content does not match server-rendered HTML.
See more info here: https://nextjs.org/docs/messages/react-hydration-error
    at checkForUnmatchedText (webpack-internal:///(app-pages-browser)/./node_modules/next/dist/compiled/react-dom/cjs/react-dom.development.js:32797:11)
    at diffHydratedProperties (webpack-internal:///(app-pages-browser)/./node_modules/next/dist/compiled/react-dom/cjs/react-dom.development.js:35055:30)
    at hydrateInstance (webpack-internal:///(app-pages-browser)/./node_modules/next/dist/compiled/react-dom/cjs/react-dom.development.js:36127:25)
    at prepareToHydrateHostInstance (webpack-internal:///(app-pages-browser)/./node_modules/next/dist/compiled/react-dom/cjs/react-dom.development.js:7246:18)
    at completeWork (webpack-internal:///(app-pages-browser)/./node_modules/next/dist/compiled/react-dom/cjs/react-dom.development.js:19769:41)
    at completeUnitOfWork (webpack-internal:///(app-pages-browser)/./node_modules/next/dist/compiled/react-dom/cjs/react-dom.development.js:25963:14)
    at performUnitOfWork (webpack-internal:///(app-pages-browser)/./node_modules/next/dist/compiled/react-dom/cjs/react-dom.development.js:25759:23)
    at workLoopConcurrent (webpack-internal:///(app-pages-browser)/./node_modules/next/dist/compiled/react-dom/cjs/react-dom.development.js:25734:22)
    at renderRootConcurrent (webpack-internal:///(app-pages-browser)/./node_modules/next/dist/compiled/react-dom/cjs/react-dom.development.js:25690:9)
    at performConcurrentWorkOnRoot (webpack-internal:///(app-pages-browser)/./node_modules/next/dist/compiled/react-dom/cjs/react-dom.development.js:24504:38)
    at workLoop (webpack-internal:///(app-pages-browser)/./node_modules/next/dist/compiled/scheduler/cjs/scheduler.development.js:256:42)
    at flushWork (webpack-internal:///(app-pages-browser)/./node_modules/next/dist/compiled/scheduler/cjs/scheduler.development.js:225:14)
    at performWorkUntilDeadline (webpack-internal:///(app-pages-browser)/./node_modules/next/dist/compiled/scheduler/cjs/scheduler.development.js:534:21)
    at EventHandlerNonNull* (webpack-internal:///(app-pages-browser)/./node_modules/next/dist/compiled/scheduler/cjs/scheduler.development.js:569:3)
    at  (webpack-internal:///(app-pages-browser)/./node_modules/next/dist/compiled/scheduler/cjs/scheduler.development.js:630:5)
    at (app-pages-browser)/./node_modules/next/dist/compiled/scheduler/cjs/scheduler.development.js (http://localhost:3000/_next/static/chunks/main-app.js?v=1790278459939:113:1)
    at options.factory (http://localhost:3000/_next/static/chunks/webpack.js?v=1790278459939:715:31)
    at __webpack_require__ (http://localhost:3000/_next/static/chunks/webpack.js?v=1790278459939:37:33)
    at fn (http://localhost:3000/_next/static/chunks/webpack.js?v=1790278459939:371:21)
    at  (webpack-internal:///(app-pages-browser)/./node_modules/next/dist/compiled/scheduler/index.js:4:20)
    at (app-pages-browser)/./node_modules/next/dist/compiled/scheduler/index.js (http://localhost:3000/_next/static/chunks/main-app.js?v=1790278459939:124:1)
    at options.factory (http://localhost:3000/_next/static/chunks/webpack.js?v=1790278459939:715:31)
    at __webpack_require__ (http://localhost:3000/_next/static/chunks/webpack.js?v=1790278459939:37:33)
    at fn (http://localhost:3000/_next/static/chunks/webpack.js?v=1790278459939:371:21)
    at  (webpack-internal:///(app-pages-browser)/./node_modules/next/dist/compiled/react-dom/cjs/react-dom.development.js:27:36)
    at  (webpack-internal:///(app-pages-browser)/./node_modules/next/dist/compiled/react-dom/cjs/react-dom.development.js:38595:5)
    at (app-pages-browser)/./node_modules/next/dist/compiled/react-dom/cjs/react-dom.development.js (http://localhost:3000/_next/static/chunks/main-app.js?v=1790278459939:1847:1)
    at options.factory (http://localhost:3000/_next/static/chunks/webpack.js?v=1790278459939:715:31)
    at __webpack_require__ (http://localhost:3000/_next/static/chunks/webpack.js?v=1790278459939:37:33)
    at fn (http://localhost:3000/_next/static/chunks/webpack.js?v=1790278459939:371:21)
    at  (webpack-internal:///(app-pages-browser)/./node_modules/next/dist/compiled/react-dom/index.js:32:20)
    at (app-pages-browser)/./node_modules/next/dist/compiled/react-dom/index.js (http://localhost:3000/_next/static/chunks/main-app.js?v=1790278459939:1869:1)
    at options.factory (http://localhost:3000/_next/static/chunks/webpack.js?v=1790278459939:715:31)
    at __webpack_require__ (http://localhost:3000/_next/static/chunks/webpack.js?v=1790278459939:37:33)
    at fn (http://localhost:3000/_next/static/chunks/webpack.js?v=1790278459939:371:21)
    at  (webpack-internal:///(app-pages-browser)/./node_modules/next/dist/compiled/react-dom/client.js:3:28)
    at (app-pages-browser)/./node_modules/next/dist/compiled/react-dom/client.js (http://localhost:3000/_next/static/chunks/main-app.js?v=1790278459939:1858:1)
    at options.factory (http://localhost:3000/_next/static/chunks/webpack.js?v=1790278459939:715:31)
    at __webpack_require__ (http://localhost:3000/_next/static/chunks/webpack.js?v=1790278459939:37:33)
    at fn (http://localhost:3000/_next/static/chunks/webpack.js?v=1790278459939:371:21)
    at  (webpack-internal:///(app-pages-browser)/./node_modules/next/dist/client/app-index.js:15:58)
    at (app-pages-browser)/./node_modules/next/dist/client/app-index.js (http://localhost:3000/_next/static/chunks/main-app.js?v=1790278459939:244:1)
    at options.factory (http://localhost:3000/_next/static/chunks/webpack.js?v=1790278459939:715:31)
    at __webpack_require__ (http://localhost:3000/_next/static/chunks/webpack.js?v=1790278459939:37:33)
    at fn (http://localhost:3000/_next/static/chunks/webpack.js?v=1790278459939:371:21)
    at  (webpack-internal:///(app-pages-browser)/./node_modules/next/dist/client/app-next-dev.js:9:44)
    at appBootstrap/< (webpack-internal:///(app-pages-browser)/./node_modules/next/dist/client/app-bootstrap.js:57:9)
    at loadScriptsInSequence (webpack-internal:///(app-pages-browser)/./node_modules/next/dist/client/app-bootstrap.js:23:16)
    at appBootstrap (webpack-internal:///(app-pages-browser)/./node_modules/next/dist/client/app-bootstrap.js:56:26)
    at  (webpack-internal:///(app-pages-browser)/./node_modules/next/dist/client/app-next-dev.js:8:32)
    at (app-pages-browser)/./node_modules/next/dist/client/app-next-dev.js (http://localhost:3000/_next/static/chunks/main-app.js?v=1790278459939:266:1)
[    2819ms] Error: Text content does not match server-rendered HTML.
See more info here: https://nextjs.org/docs/messages/react-hydration-error
    at checkForUnmatchedText (webpack-internal:///(app-pages-browser)/./node_modules/next/dist/compiled/react-dom/cjs/react-dom.development.js:32797:11)
    at diffHydratedProperties (webpack-internal:///(app-pages-browser)/./node_modules/next/dist/compiled/react-dom/cjs/react-dom.development.js:35055:30)
    at hydrateInstance (webpack-internal:///(app-pages-browser)/./node_modules/next/dist/compiled/react-dom/cjs/react-dom.development.js:36127:25)
    at prepareToHydrateHostInstance (webpack-internal:///(app-pages-browser)/./node_modules/next/dist/compiled/react-dom/cjs/react-dom.development.js:7246:18)
    at completeWork (webpack-internal:///(app-pages-browser)/./node_modules/next/dist/compiled/react-dom/cjs/react-dom.development.js:19769:41)
    at completeUnitOfWork (webpack-internal:///(app-pages-browser)/./node_modules/next/dist/compiled/react-dom/cjs/react-dom.development.js:25963:14)
    at performUnitOfWork (webpack-internal:///(app-pages-browser)/./node_modules/next/dist/compiled/react-dom/cjs/react-dom.development.js:25759:23)
    at workLoopConcurrent (webpack-internal:///(app-pages-browser)/./node_modules/next/dist/compiled/react-dom/cjs/react-dom.development.js:25734:22)
    at renderRootConcurrent (webpack-internal:///(app-pages-browser)/./node_modules/next/dist/compiled/react-dom/cjs/react-dom.development.js:25690:9)
    at performConcurrentWorkOnRoot (webpack-internal:///(app-pages-browser)/./node_modules/next/dist/compiled/react-dom/cjs/react-dom.development.js:24504:38)
    at workLoop (webpack-internal:///(app-pages-browser)/./node_modules/next/dist/compiled/scheduler/cjs/scheduler.development.js:256:42)
    at flushWork (webpack-internal:///(app-pages-browser)/./node_modules/next/dist/compiled/scheduler/cjs/scheduler.development.js:225:14)
    at performWorkUntilDeadline (webpack-internal:///(app-pages-browser)/./node_modules/next/dist/compiled/scheduler/cjs/scheduler.development.js:534:21)
    at EventHandlerNonNull* (webpack-internal:///(app-pages-browser)/./node_modules/next/dist/compiled/scheduler/cjs/scheduler.development.js:569:3)
    at  (webpack-internal:///(app-pages-browser)/./node_modules/next/dist/compiled/scheduler/cjs/scheduler.development.js:630:5)
    at (app-pages-browser)/./node_modules/next/dist/compiled/scheduler/cjs/scheduler.development.js (http://localhost:3000/_next/static/chunks/main-app.js?v=1790278459939:113:1)
    at options.factory (http://localhost:3000/_next/static/chunks/webpack.js?v=1790278459939:715:31)
    at __webpack_require__ (http://localhost:3000/_next/static/chunks/webpack.js?v=1790278459939:37:33)
    at fn (http://localhost:3000/_next/static/chunks/webpack.js?v=1790278459939:371:21)
    at  (webpack-internal:///(app-pages-browser)/./node_modules/next/dist/compiled/scheduler/index.js:4:20)
    at (app-pages-browser)/./node_modules/next/dist/compiled/scheduler/index.js (http://localhost:3000/_next/static/chunks/main-app.js?v=1790278459939:124:1)
    at options.factory (http://localhost:3000/_next/static/chunks/webpack.js?v=1790278459939:715:31)
    at __webpack_require__ (http://localhost:3000/_next/static/chunks/webpack.js?v=1790278459939:37:33)
    at fn (http://localhost:3000/_next/static/chunks/webpack.js?v=1790278459939:371:21)
    at  (webpack-internal:///(app-pages-browser)/./node_modules/next/dist/compiled/react-dom/cjs/react-dom.development.js:27:36)
    at  (webpack-internal:///(app-pages-browser)/./node_modules/next/dist/compiled/react-dom/cjs/react-dom.development.js:38595:5)
    at (app-pages-browser)/./node_modules/next/dist/compiled/react-dom/cjs/react-dom.development.js (http://localhost:3000/_next/static/chunks/main-app.js?v=1790278459939:1847:1)
    at options.factory (http://localhost:3000/_next/static/chunks/webpack.js?v=1790278459939:715:31)
    at __webpack_require__ (http://localhost:3000/_next/static/chunks/webpack.js?v=1790278459939:37:33)
    at fn (http://localhost:3000/_next/static/chunks/webpack.js?v=1790278459939:371:21)
    at  (webpack-internal:///(app-pages-browser)/./node_modules/next/dist/compiled/react-dom/index.js:32:20)
    at (app-pages-browser)/./node_modules/next/dist/compiled/react-dom/index.js (http://localhost:3000/_next/static/chunks/main-app.js?v=1790278459939:1869:1)
    at options.factory (http://localhost:3000/_next/static/chunks/webpack.js?v=1790278459939:715:31)
    at __webpack_require__ (http://localhost:3000/_next/static/chunks/webpack.js?v=1790278459939:37:33)
    at fn (http://localhost:3000/_next/static/chunks/webpack.js?v=1790278459939:371:21)
    at  (webpack-internal:///(app-pages-browser)/./node_modules/next/dist/compiled/react-dom/client.js:3:28)
    at (app-pages-browser)/./node_modules/next/dist/compiled/react-dom/client.js (http://localhost:3000/_next/static/chunks/main-app.js?v=1790278459939:1858:1)
    at options.factory (http://localhost:3000/_next/static/chunks/webpack.js?v=1790278459939:715:31)
    at __webpack_require__ (http://localhost:3000/_next/static/chunks/webpack.js?v=1790278459939:37:33)
    at fn (http://localhost:3000/_next/static/chunks/webpack.js?v=1790278459939:371:21)
    at  (webpack-internal:///(app-pages-browser)/./node_modules/next/dist/client/app-index.js:15:58)
    at (app-pages-browser)/./node_modules/next/dist/client/app-index.js (http://localhost:3000/_next/static/chunks/main-app.js?v=1790278459939:244:1)
    at options.factory (http://localhost:3000/_next/static/chunks/webpack.js?v=1790278459939:715:31)
    at __webpack_require__ (http://localhost:3000/_next/static/chunks/webpack.js?v=1790278459939:37:33)
    at fn (http://localhost:3000/_next/static/chunks/webpack.js?v=1790278459939:371:21)
    at  (webpack-internal:///(app-pages-browser)/./node_modules/next/dist/client/app-next-dev.js:9:44)
    at appBootstrap/< (webpack-internal:///(app-pages-browser)/./node_modules/next/dist/client/app-bootstrap.js:57:9)
    at loadScriptsInSequence (webpack-internal:///(app-pages-browser)/./node_modules/next/dist/client/app-bootstrap.js:23:16)
    at appBootstrap (webpack-internal:///(app-pages-browser)/./node_modules/next/dist/client/app-bootstrap.js:56:26)
    at  (webpack-internal:///(app-pages-browser)/./node_modules/next/dist/client/app-next-dev.js:8:32)
    at (app-pages-browser)/./node_modules/next/dist/client/app-next-dev.js (http://localhost:3000/_next/static/chunks/main-app.js?v=1790278459939:266:1)
[    2820ms] Error: Text content does not match server-rendered HTML.
See more info here: https://nextjs.org/docs/messages/react-hydration-error
    at checkForUnmatchedText (webpack-internal:///(app-pages-browser)/./node_modules/next/dist/compiled/react-dom/cjs/react-dom.development.js:32797:11)
    at diffHydratedProperties (webpack-internal:///(app-pages-browser)/./node_modules/next/dist/compiled/react-dom/cjs/react-dom.development.js:35055:30)
    at hydrateInstance (webpack-internal:///(app-pages-browser)/./node_modules/next/dist/compiled/react-dom/cjs/react-dom.development.js:36127:25)
    at prepareToHydrateHostInstance (webpack-internal:///(app-pages-browser)/./node_modules/next/dist/compiled/react-dom/cjs/react-dom.development.js:7246:18)
    at completeWork (webpack-internal:///(app-pages-browser)/./node_modules/next/dist/compiled/react-dom/cjs/react-dom.development.js:19769:41)
    at completeUnitOfWork (webpack-internal:///(app-pages-browser)/./node_modules/next/dist/compiled/react-dom/cjs/react-dom.development.js:25963:14)
    at performUnitOfWork (webpack-internal:///(app-pages-browser)/./node_modules/next/dist/compiled/react-dom/cjs/react-dom.development.js:25759:23)
    at workLoopConcurrent (webpack-internal:///(app-pages-browser)/./node_modules/next/dist/compiled/react-dom/cjs/react-dom.development.js:25734:22)
    at renderRootConcurrent (webpack-internal:///(app-pages-browser)/./node_modules/next/dist/compiled/react-dom/cjs/react-dom.development.js:25690:9)
    at performConcurrentWorkOnRoot (webpack-internal:///(app-pages-browser)/./node_modules/next/dist/compiled/react-dom/cjs/react-dom.development.js:24504:38)
    at workLoop (webpack-internal:///(app-pages-browser)/./node_modules/next/dist/compiled/scheduler/cjs/scheduler.development.js:256:42)
    at flushWork (webpack-internal:///(app-pages-browser)/./node_modules/next/dist/compiled/scheduler/cjs/scheduler.development.js:225:14)
    at performWorkUntilDeadline (webpack-internal:///(app-pages-browser)/./node_modules/next/dist/compiled/scheduler/cjs/scheduler.development.js:534:21)
    at EventHandlerNonNull* (webpack-internal:///(app-pages-browser)/./node_modules/next/dist/compiled/scheduler/cjs/scheduler.development.js:569:3)
    at  (webpack-internal:///(app-pages-browser)/./node_modules/next/dist/compiled/scheduler/cjs/scheduler.development.js:630:5)
    at (app-pages-browser)/./node_modules/next/dist/compiled/scheduler/cjs/scheduler.development.js (http://localhost:3000/_next/static/chunks/main-app.js?v=1790278459939:113:1)
    at options.factory (http://localhost:3000/_next/static/chunks/webpack.js?v=1790278459939:715:31)
    at __webpack_require__ (http://localhost:3000/_next/static/chunks/webpack.js?v=1790278459939:37:33)
    at fn (http://localhost:3000/_next/static/chunks/webpack.js?v=1790278459939:371:21)
    at  (webpack-internal:///(app-pages-browser)/./node_modules/next/dist/compiled/scheduler/index.js:4:20)
    at (app-pages-browser)/./node_modules/next/dist/compiled/scheduler/index.js (http://localhost:3000/_next/static/chunks/main-app.js?v=1790278459939:124:1)
    at options.factory (http://localhost:3000/_next/static/chunks/webpack.js?v=1790278459939:715:31)
    at __webpack_require__ (http://localhost:3000/_next/static/chunks/webpack.js?v=1790278459939:37:33)
    at fn (http://localhost:3000/_next/static/chunks/webpack.js?v=1790278459939:371:21)
    at  (webpack-internal:///(app-pages-browser)/./node_modules/next/dist/compiled/react-dom/cjs/react-dom.development.js:27:36)
    at  (webpack-internal:///(app-pages-browser)/./node_modules/next/dist/compiled/react-dom/cjs/react-dom.development.js:38595:5)
    at (app-pages-browser)/./node_modules/next/dist/compiled/react-dom/cjs/react-dom.development.js (http://localhost:3000/_next/static/chunks/main-app.js?v=1790278459939:1847:1)
    at options.factory (http://localhost:3000/_next/static/chunks/webpack.js?v=1790278459939:715:31)
    at __webpack_require__ (http://localhost:3000/_next/static/chunks/webpack.js?v=1790278459939:37:33)
    at fn (http://localhost:3000/_next/static/chunks/webpack.js?v=1790278459939:371:21)
    at  (webpack-internal:///(app-pages-browser)/./node_modules/next/dist/compiled/react-dom/index.js:32:20)
    at (app-pages-browser)/./node_modules/next/dist/compiled/react-dom/index.js (http://localhost:3000/_next/static/chunks/main-app.js?v=1790278459939:1869:1)
    at options.factory (http://localhost:3000/_next/static/chunks/webpack.js?v=1790278459939:715:31)
    at __webpack_require__ (http://localhost:3000/_next/static/chunks/webpack.js?v=1790278459939:37:33)
    at fn (http://localhost:3000/_next/static/chunks/webpack.js?v=1790278459939:371:21)
    at  (webpack-internal:///(app-pages-browser)/./node_modules/next/dist/compiled/react-dom/client.js:3:28)
    at (app-pages-browser)/./node_modules/next/dist/compiled/react-dom/client.js (http://localhost:3000/_next/static/chunks/main-app.js?v=1790278459939:1858:1)
    at options.factory (http://localhost:3000/_next/static/chunks/webpack.js?v=1790278459939:715:31)
    at __webpack_require__ (http://localhost:3000/_next/static/chunks/webpack.js?v=1790278459939:37:33)
    at fn (http://localhost:3000/_next/static/chunks/webpack.js?v=1790278459939:371:21)
    at  (webpack-internal:///(app-pages-browser)/./node_modules/next/dist/client/app-index.js:15:58)
    at (app-pages-browser)/./node_modules/next/dist/client/app-index.js (http://localhost:3000/_next/static/chunks/main-app.js?v=1790278459939:244:1)
    at options.factory (http://localhost:3000/_next/static/chunks/webpack.js?v=1790278459939:715:31)
    at __webpack_require__ (http://localhost:3000/_next/static/chunks/webpack.js?v=1790278459939:37:33)
    at fn (http://localhost:3000/_next/static/chunks/webpack.js?v=1790278459939:371:21)
    at  (webpack-internal:///(app-pages-browser)/./node_modules/next/dist/client/app-next-dev.js:9:44)
    at appBootstrap/< (webpack-internal:///(app-pages-browser)/./node_modules/next/dist/client/app-bootstrap.js:57:9)
    at loadScriptsInSequence (webpack-internal:///(app-pages-browser)/./node_modules/next/dist/client/app-bootstrap.js:23:16)
    at appBootstrap (webpack-internal:///(app-pages-browser)/./node_modules/next/dist/client/app-bootstrap.js:56:26)
    at  (webpack-internal:///(app-pages-browser)/./node_modules/next/dist/client/app-next-dev.js:8:32)
    at (app-pages-browser)/./node_modules/next/dist/client/app-next-dev.js (http://localhost:3000/_next/static/chunks/main-app.js?v=1790278459939:266:1)
[    2820ms] Error: Text content does not match server-rendered HTML.
See more info here: https://nextjs.org/docs/messages/react-hydration-error
    at checkForUnmatchedText (webpack-internal:///(app-pages-browser)/./node_modules/next/dist/compiled/react-dom/cjs/react-dom.development.js:32797:11)
    at diffHydratedProperties (webpack-internal:///(app-pages-browser)/./node_modules/next/dist/compiled/react-dom/cjs/react-dom.development.js:35055:30)
    at hydrateInstance (webpack-internal:///(app-pages-browser)/./node_modules/next/dist/compiled/react-dom/cjs/react-dom.development.js:36127:25)
    at prepareToHydrateHostInstance (webpack-internal:///(app-pages-browser)/./node_modules/next/dist/compiled/react-dom/cjs/react-dom.development.js:7246:18)
    at completeWork (webpack-internal:///(app-pages-browser)/./node_modules/next/dist/compiled/react-dom/cjs/react-dom.development.js:19769:41)
    at completeUnitOfWork (webpack-internal:///(app-pages-browser)/./node_modules/next/dist/compiled/react-dom/cjs/react-dom.development.js:25963:14)
    at performUnitOfWork (webpack-internal:///(app-pages-browser)/./node_modules/next/dist/compiled/react-dom/cjs/react-dom.development.js:25759:23)
    at workLoopConcurrent (webpack-internal:///(app-pages-browser)/./node_modules/next/dist/compiled/react-dom/cjs/react-dom.development.js:25734:22)
    at renderRootConcurrent (webpack-internal:///(app-pages-browser)/./node_modules/next/dist/compiled/react-dom/cjs/react-dom.development.js:25690:9)
    at performConcurrentWorkOnRoot (webpack-internal:///(app-pages-browser)/./node_modules/next/dist/compiled/react-dom/cjs/react-dom.development.js:24504:38)
    at workLoop (webpack-internal:///(app-pages-browser)/./node_modules/next/dist/compiled/scheduler/cjs/scheduler.development.js:256:42)
    at flushWork (webpack-internal:///(app-pages-browser)/./node_modules/next/dist/compiled/scheduler/cjs/scheduler.development.js:225:14)
    at performWorkUntilDeadline (webpack-internal:///(app-pages-browser)/./node_modules/next/dist/compiled/scheduler/cjs/scheduler.development.js:534:21)
    at EventHandlerNonNull* (webpack-internal:///(app-pages-browser)/./node_modules/next/dist/compiled/scheduler/cjs/scheduler.development.js:569:3)
    at  (webpack-internal:///(app-pages-browser)/./node_modules/next/dist/compiled/scheduler/cjs/scheduler.development.js:630:5)
    at (app-pages-browser)/./node_modules/next/dist/compiled/scheduler/cjs/scheduler.development.js (http://localhost:3000/_next/static/chunks/main-app.js?v=1790278459939:113:1)
    at options.factory (http://localhost:3000/_next/static/chunks/webpack.js?v=1790278459939:715:31)
    at __webpack_require__ (http://localhost:3000/_next/static/chunks/webpack.js?v=1790278459939:37:33)
    at fn (http://localhost:3000/_next/static/chunks/webpack.js?v=1790278459939:371:21)
    at  (webpack-internal:///(app-pages-browser)/./node_modules/next/dist/compiled/scheduler/index.js:4:20)
    at (app-pages-browser)/./node_modules/next/dist/compiled/scheduler/index.js (http://localhost:3000/_next/static/chunks/main-app.js?v=1790278459939:124:1)
    at options.factory (http://localhost:3000/_next/static/chunks/webpack.js?v=1790278459939:715:31)
    at __webpack_require__ (http://localhost:3000/_next/static/chunks/webpack.js?v=1790278459939:37:33)
    at fn (http://localhost:3000/_next/static/chunks/webpack.js?v=1790278459939:371:21)
    at  (webpack-internal:///(app-pages-browser)/./node_modules/next/dist/compiled/react-dom/cjs/react-dom.development.js:27:36)
    at  (webpack-internal:///(app-pages-browser)/./node_modules/next/dist/compiled/react-dom/cjs/react-dom.development.js:38595:5)
    at (app-pages-browser)/./node_modules/next/dist/compiled/react-dom/cjs/react-dom.development.js (http://localhost:3000/_next/static/chunks/main-app.js?v=1790278459939:1847:1)
    at options.factory (http://localhost:3000/_next/static/chunks/webpack.js?v=1790278459939:715:31)
    at __webpack_require__ (http://localhost:3000/_next/static/chunks/webpack.js?v=1790278459939:37:33)
    at fn (http://localhost:3000/_next/static/chunks/webpack.js?v=1790278459939:371:21)
    at  (webpack-internal:///(app-pages-browser)/./node_modules/next/dist/compiled/react-dom/index.js:32:20)
    at (app-pages-browser)/./node_modules/next/dist/compiled/react-dom/index.js (http://localhost:3000/_next/static/chunks/main-app.js?v=1790278459939:1869:1)
    at options.factory (http://localhost:3000/_next/static/chunks/webpack.js?v=1790278459939:715:31)
    at __webpack_require__ (http://localhost:3000/_next/static/chunks/webpack.js?v=1790278459939:37:33)
    at fn (http://localhost:3000/_next/static/chunks/webpack.js?v=1790278459939:371:21)
    at  (webpack-internal:///(app-pages-browser)/./node_modules/next/dist/compiled/react-dom/client.js:3:28)
    at (app-pages-browser)/./node_modules/next/dist/compiled/react-dom/client.js (http://localhost:3000/_next/static/chunks/main-app.js?v=1790278459939:1858:1)
    at options.factory (http://localhost:3000/_next/static/chunks/webpack.js?v=1790278459939:715:31)
    at __webpack_require__ (http://localhost:3000/_next/static/chunks/webpack.js?v=1790278459939:37:33)
    at fn (http://localhost:3000/_next/static/chunks/webpack.js?v=1790278459939:371:21)
    at  (webpack-internal:///(app-pages-browser)/./node_modules/next/dist/client/app-index.js:15:58)
    at (app-pages-browser)/./node_modules/next/dist/client/app-index.js (http://localhost:3000/_next/static/chunks/main-app.js?v=1790278459939:244:1)
    at options.factory (http://localhost:3000/_next/static/chunks/webpack.js?v=1790278459939:715:31)
    at __webpack_require__ (http://localhost:3000/_next/static/chunks/webpack.js?v=1790278459939:37:33)
    at fn (http://localhost:3000/_next/static/chunks/webpack.js?v=1790278459939:371:21)
    at  (webpack-internal:///(app-pages-browser)/./node_modules/next/dist/client/app-next-dev.js:9:44)
    at appBootstrap/< (webpack-internal:///(app-pages-browser)/./node_modules/next/dist/client/app-bootstrap.js:57:9)
    at loadScriptsInSequence (webpack-internal:///(app-pages-browser)/./node_modules/next/dist/client/app-bootstrap.js:23:16)
    at appBootstrap (webpack-internal:///(app-pages-browser)/./node_modules/next/dist/client/app-bootstrap.js:56:26)
    at  (webpack-internal:///(app-pages-browser)/./node_modules/next/dist/client/app-next-dev.js:8:32)
    at (app-pages-browser)/./node_modules/next/dist/client/app-next-dev.js (http://localhost:3000/_next/static/chunks/main-app.js?v=1790278459939:266:1)
[    2821ms] Error: Text content does not match server-rendered HTML.
See more info here: https://nextjs.org/docs/messages/react-hydration-error
    at checkForUnmatchedText (webpack-internal:///(app-pages-browser)/./node_modules/next/dist/compiled/react-dom/cjs/react-dom.development.js:32797:11)
    at diffHydratedProperties (webpack-internal:///(app-pages-browser)/./node_modules/next/dist/compiled/react-dom/cjs/react-dom.development.js:35055:30)
    at hydrateInstance (webpack-internal:///(app-pages-browser)/./node_modules/next/dist/compiled/react-dom/cjs/react-dom.development.js:36127:25)
    at prepareToHydrateHostInstance (webpack-internal:///(app-pages-browser)/./node_modules/next/dist/compiled/react-dom/cjs/react-dom.development.js:7246:18)
    at completeWork (webpack-internal:///(app-pages-browser)/./node_modules/next/dist/compiled/react-dom/cjs/react-dom.development.js:19769:41)
    at completeUnitOfWork (webpack-internal:///(app-pages-browser)/./node_modules/next/dist/compiled/react-dom/cjs/react-dom.development.js:25963:14)
    at performUnitOfWork (webpack-internal:///(app-pages-browser)/./node_modules/next/dist/compiled/react-dom/cjs/react-dom.development.js:25759:23)
    at workLoopConcurrent (webpack-internal:///(app-pages-browser)/./node_modules/next/dist/compiled/react-dom/cjs/react-dom.development.js:25734:22)
    at renderRootConcurrent (webpack-internal:///(app-pages-browser)/./node_modules/next/dist/compiled/react-dom/cjs/react-dom.development.js:25690:9)
    at performConcurrentWorkOnRoot (webpack-internal:///(app-pages-browser)/./node_modules/next/dist/compiled/react-dom/cjs/react-dom.development.js:24504:38)
    at workLoop (webpack-internal:///(app-pages-browser)/./node_modules/next/dist/compiled/scheduler/cjs/scheduler.development.js:256:42)
    at flushWork (webpack-internal:///(app-pages-browser)/./node_modules/next/dist/compiled/scheduler/cjs/scheduler.development.js:225:14)
    at performWorkUntilDeadline (webpack-internal:///(app-pages-browser)/./node_modules/next/dist/compiled/scheduler/cjs/scheduler.development.js:534:21)
    at EventHandlerNonNull* (webpack-internal:///(app-pages-browser)/./node_modules/next/dist/compiled/scheduler/cjs/scheduler.development.js:569:3)
    at  (webpack-internal:///(app-pages-browser)/./node_modules/next/dist/compiled/scheduler/cjs/scheduler.development.js:630:5)
    at (app-pages-browser)/./node_modules/next/dist/compiled/scheduler/cjs/scheduler.development.js (http://localhost:3000/_next/static/chunks/main-app.js?v=1790278459939:113:1)
    at options.factory (http://localhost:3000/_next/static/chunks/webpack.js?v=1790278459939:715:31)
    at __webpack_require__ (http://localhost:3000/_next/static/chunks/webpack.js?v=1790278459939:37:33)
    at fn (http://localhost:3000/_next/static/chunks/webpack.js?v=1790278459939:371:21)
    at  (webpack-internal:///(app-pages-browser)/./node_modules/next/dist/compiled/scheduler/index.js:4:20)
    at (app-pages-browser)/./node_modules/next/dist/compiled/scheduler/index.js (http://localhost:3000/_next/static/chunks/main-app.js?v=1790278459939:124:1)
    at options.factory (http://localhost:3000/_next/static/chunks/webpack.js?v=1790278459939:715:31)
    at __webpack_require__ (http://localhost:3000/_next/static/chunks/webpack.js?v=1790278459939:37:33)
    at fn (http://localhost:3000/_next/static/chunks/webpack.js?v=1790278459939:371:21)
    at  (webpack-internal:///(app-pages-browser)/./node_modules/next/dist/compiled/react-dom/cjs/react-dom.development.js:27:36)
    at  (webpack-internal:///(app-pages-browser)/./node_modules/next/dist/compiled/react-dom/cjs/react-dom.development.js:38595:5)
    at (app-pages-browser)/./node_modules/next/dist/compiled/react-dom/cjs/react-dom.development.js (http://localhost:3000/_next/static/chunks/main-app.js?v=1790278459939:1847:1)
    at options.factory (http://localhost:3000/_next/static/chunks/webpack.js?v=1790278459939:715:31)
    at __webpack_require__ (http://localhost:3000/_next/static/chunks/webpack.js?v=1790278459939:37:33)
    at fn (http://localhost:3000/_next/static/chunks/webpack.js?v=1790278459939:371:21)
    at  (webpack-internal:///(app-pages-browser)/./node_modules/next/dist/compiled/react-dom/index.js:32:20)
    at (app-pages-browser)/./node_modules/next/dist/compiled/react-dom/index.js (http://localhost:3000/_next/static/chunks/main-app.js?v=1790278459939:1869:1)
    at options.factory (http://localhost:3000/_next/static/chunks/webpack.js?v=1790278459939:715:31)
    at __webpack_require__ (http://localhost:3000/_next/static/chunks/webpack.js?v=1790278459939:37:33)
    at fn (http://localhost:3000/_next/static/chunks/webpack.js?v=1790278459939:371:21)
    at  (webpack-internal:///(app-pages-browser)/./node_modules/next/dist/compiled/react-dom/client.js:3:28)
    at (app-pages-browser)/./node_modules/next/dist/compiled/react-dom/client.js (http://localhost:3000/_next/static/chunks/main-app.js?v=1790278459939:1858:1)
    at options.factory (http://localhost:3000/_next/static/chunks/webpack.js?v=1790278459939:715:31)
    at __webpack_require__ (http://localhost:3000/_next/static/chunks/webpack.js?v=1790278459939:37:33)
    at fn (http://localhost:3000/_next/static/chunks/webpack.js?v=1790278459939:371:21)
    at  (webpack-internal:///(app-pages-browser)/./node_modules/next/dist/client/app-index.js:15:58)
    at (app-pages-browser)/./node_modules/next/dist/client/app-index.js (http://localhost:3000/_next/static/chunks/main-app.js?v=1790278459939:244:1)
    at options.factory (http://localhost:3000/_next/static/chunks/webpack.js?v=1790278459939:715:31)
    at __webpack_require__ (http://localhost:3000/_next/static/chunks/webpack.js?v=1790278459939:37:33)
    at fn (http://localhost:3000/_next/static/chunks/webpack.js?v=1790278459939:371:21)
    at  (webpack-internal:///(app-pages-browser)/./node_modules/next/dist/client/app-next-dev.js:9:44)
    at appBootstrap/< (webpack-internal:///(app-pages-browser)/./node_modules/next/dist/client/app-bootstrap.js:57:9)
    at loadScriptsInSequence (webpack-internal:///(app-pages-browser)/./node_modules/next/dist/client/app-bootstrap.js:23:16)
    at appBootstrap (webpack-internal:///(app-pages-browser)/./node_modules/next/dist/client/app-bootstrap.js:56:26)
    at  (webpack-internal:///(app-pages-browser)/./node_modules/next/dist/client/app-next-dev.js:8:32)
    at (app-pages-browser)/./node_modules/next/dist/client/app-next-dev.js (http://localhost:3000/_next/static/chunks/main-app.js?v=1790278459939:266:1)
[    2821ms] Error: There was an error while hydrating. Because the error happened outside of a Suspense boundary, the entire root will switch to client rendering.
    at updateHostRoot (webpack-internal:///(app-pages-browser)/./node_modules/next/dist/compiled/react-dom/cjs/react-dom.development.js:16571:57)
    at beginWork$1 (webpack-internal:///(app-pages-browser)/./node_modules/next/dist/compiled/react-dom/cjs/react-dom.development.js:18486:14)
    at beginWork (webpack-internal:///(app-pages-browser)/./node_modules/next/dist/compiled/react-dom/cjs/react-dom.development.js:26927:14)
    at performUnitOfWork (webpack-internal:///(app-pages-browser)/./node_modules/next/dist/compiled/react-dom/cjs/react-dom.development.js:25748:12)
    at workLoopSync (webpack-internal:///(app-pages-browser)/./node_modules/next/dist/compiled/react-dom/cjs/react-dom.development.js:25464:22)
    at renderRootSync (webpack-internal:///(app-pages-browser)/./node_modules/next/dist/compiled/react-dom/cjs/react-dom.development.js:25419:7)
    at recoverFromConcurrentError (webpack-internal:///(app-pages-browser)/./node_modules/next/dist/compiled/react-dom/cjs/react-dom.development.js:24597:34)
    at performConcurrentWorkOnRoot (webpack-internal:///(app-pages-browser)/./node_modules/next/dist/compiled/react-dom/cjs/react-dom.development.js:24542:26)
    at workLoop (webpack-internal:///(app-pages-browser)/./node_modules/next/dist/compiled/scheduler/cjs/scheduler.development.js:256:42)
    at flushWork (webpack-internal:///(app-pages-browser)/./node_modules/next/dist/compiled/scheduler/cjs/scheduler.development.js:225:14)
    at performWorkUntilDeadline (webpack-internal:///(app-pages-browser)/./node_modules/next/dist/compiled/scheduler/cjs/scheduler.development.js:534:21)
    at EventHandlerNonNull* (webpack-internal:///(app-pages-browser)/./node_modules/next/dist/compiled/scheduler/cjs/scheduler.development.js:569:3)
    at  (webpack-internal:///(app-pages-browser)/./node_modules/next/dist/compiled/scheduler/cjs/scheduler.development.js:630:5)
    at (app-pages-browser)/./node_modules/next/dist/compiled/scheduler/cjs/scheduler.development.js (http://localhost:3000/_next/static/chunks/main-app.js?v=1790278459939:113:1)
    at options.factory (http://localhost:3000/_next/static/chunks/webpack.js?v=1790278459939:715:31)
    at __webpack_require__ (http://localhost:3000/_next/static/chunks/webpack.js?v=1790278459939:37:33)
    at fn (http://localhost:3000/_next/static/chunks/webpack.js?v=1790278459939:371:21)
    at  (webpack-internal:///(app-pages-browser)/./node_modules/next/dist/compiled/scheduler/index.js:4:20)
    at (app-pages-browser)/./node_modules/next/dist/compiled/scheduler/index.js (http://localhost:3000/_next/static/chunks/main-app.js?v=1790278459939:124:1)
    at options.factory (http://localhost:3000/_next/static/chunks/webpack.js?v=1790278459939:715:31)
    at __webpack_require__ (http://localhost:3000/_next/static/chunks/webpack.js?v=1790278459939:37:33)
    at fn (http://localhost:3000/_next/static/chunks/webpack.js?v=1790278459939:371:21)
    at  (webpack-internal:///(app-pages-browser)/./node_modules/next/dist/compiled/react-dom/cjs/react-dom.development.js:27:36)
    at  (webpack-internal:///(app-pages-browser)/./node_modules/next/dist/compiled/react-dom/cjs/react-dom.development.js:38595:5)
    at (app-pages-browser)/./node_modules/next/dist/compiled/react-dom/cjs/react-dom.development.js (http://localhost:3000/_next/static/chunks/main-app.js?v=1790278459939:1847:1)
    at options.factory (http://localhost:3000/_next/static/chunks/webpack.js?v=1790278459939:715:31)
    at __webpack_require__ (http://localhost:3000/_next/static/chunks/webpack.js?v=1790278459939:37:33)
    at fn (http://localhost:3000/_next/static/chunks/webpack.js?v=1790278459939:371:21)
    at  (webpack-internal:///(app-pages-browser)/./node_modules/next/dist/compiled/react-dom/index.js:32:20)
    at (app-pages-browser)/./node_modules/next/dist/compiled/react-dom/index.js (http://localhost:3000/_next/static/chunks/main-app.js?v=1790278459939:1869:1)
    at options.factory (http://localhost:3000/_next/static/chunks/webpack.js?v=1790278459939:715:31)
    at __webpack_require__ (http://localhost:3000/_next/static/chunks/webpack.js?v=1790278459939:37:33)
    at fn (http://localhost:3000/_next/static/chunks/webpack.js?v=1790278459939:371:21)
    at  (webpack-internal:///(app-pages-browser)/./node_modules/next/dist/compiled/react-dom/client.js:3:28)
    at (app-pages-browser)/./node_modules/next/dist/compiled/react-dom/client.js (http://localhost:3000/_next/static/chunks/main-app.js?v=1790278459939:1858:1)
    at options.factory (http://localhost:3000/_next/static/chunks/webpack.js?v=1790278459939:715:31)
    at __webpack_require__ (http://localhost:3000/_next/static/chunks/webpack.js?v=1790278459939:37:33)
    at fn (http://localhost:3000/_next/static/chunks/webpack.js?v=1790278459939:371:21)
    at  (webpack-internal:///(app-pages-browser)/./node_modules/next/dist/client/app-index.js:15:58)
    at (app-pages-browser)/./node_modules/next/dist/client/app-index.js (http://localhost:3000/_next/static/chunks/main-app.js?v=1790278459939:244:1)
    at options.factory (http://localhost:3000/_next/static/chunks/webpack.js?v=1790278459939:715:31)
    at __webpack_require__ (http://localhost:3000/_next/static/chunks/webpack.js?v=1790278459939:37:33)
    at fn (http://localhost:3000/_next/static/chunks/webpack.js?v=1790278459939:371:21)
    at  (webpack-internal:///(app-pages-browser)/./node_modules/next/dist/client/app-next-dev.js:9:44)
    at appBootstrap/< (webpack-internal:///(app-pages-browser)/./node_modules/next/dist/client/app-bootstrap.js:57:9)
    at loadScriptsInSequence (webpack-internal:///(app-pages-browser)/./node_modules/next/dist/client/app-bootstrap.js:23:16)
    at appBootstrap (webpack-internal:///(app-pages-browser)/./node_modules/next/dist/client/app-bootstrap.js:56:26)
    at  (webpack-internal:///(app-pages-browser)/./node_modules/next/dist/client/app-next-dev.js:8:32)
    at (app-pages-browser)/./node_modules/next/dist/client/app-next-dev.js (http://localhost:3000/_next/static/chunks/main-app.js?v=1790278459939:266:1)
    at options.factory (http://localhost:3000/_next/static/chunks/webpack.js?v=1790278459939:715:31)
    at __webpack_require__ (http://localhost:3000/_next/static/chunks/webpack.js?v=1790278459939:37:33)
[    2980ms] [WARNING] [JavaScript Warning: "A resource is blocked by OpaqueResponseBlocking, please check browser console for details." {file: "https://lh3.googleusercontent.com/aida/AEtjO1X846d3k35eqtuPzI3ksBZBgmsuatplYf7WFWYM_h4CQ9S0k_6yUwv3OxFWwjbIzs3k1JV2GDlAvxoRA-gLT5iFVboFFwqvpvgYPsc_RyoM3YuBNu9NzPARAaC6kV6UJAhH0RowmMOGkuZnERI4p8pDkvgiSk39AQI3ZKfgNVDlH8G2iRraUJ4l3kVc7G4FOOYXP0NMkYeXWm6DwN2oPcnaPAhJ9SrQiTBLsgXyla-zluPTCI_cNnaWLpKk" line: 0}] @ https://lh3.googleusercontent.com/aida/AEtjO1X846d3k35eqtuPzI3ksBZBgmsuatplYf7WFWYM_h4CQ9S0k_6yUwv3OxFWwjbIzs3k1JV2GDlAvxoRA-gLT5iFVboFFwqvpvgYPsc_RyoM3YuBNu9NzPARAaC6kV6UJAhH0RowmMOGkuZnERI4p8pDkvgiSk39AQI3ZKfgNVDlH8G2iRraUJ4l3kVc7G4FOOYXP0NMkYeXWm6DwN2oPcnaPAhJ9SrQiTBLsgXyla-zluPTCI_cNnaWLpKk:0
[    3000ms] [WARNING] [JavaScript Warning: "Loading failed for the <script> with source “http://localhost:3000/_next/undefined”." {file: "http://localhost:3000/overview" line: 1}] @ http://localhost:3000/overview:1
[    3008ms] ChunkLoadError: Loading chunk _app-pages-browser_src_components_LiveTelemetryMap_tsx failed.
(error: http://localhost:3000/_next/undefined)
    at __webpack_require__.f.j (http://localhost:3000/_next/static/chunks/webpack.js?v=1790278459939:852:29)
    at __webpack_require__.e/< (http://localhost:3000/_next/static/chunks/webpack.js?v=1790278459939:155:40)
    at __webpack_require__.e (http://localhost:3000/_next/static/chunks/webpack.js?v=1790278459939:154:67)
    at createRequire/fn.e (http://localhost:3000/_next/static/chunks/webpack.js?v=1790278459939:391:50)
    at LiveTelemetryMap< (webpack-internal:///(app-pages-browser)/./src/app/overview/page.tsx:17:107)
    at Loadable/Lazy< (webpack-internal:///(app-pages-browser)/./node_modules/next/dist/shared/lib/lazy-dynamic/loadable.js:40:58)
    at lazyInitializer (webpack-internal:///(app-pages-browser)/./node_modules/next/dist/compiled/react/cjs/react.development.js:2172:20)
    at mountLazyComponent (webpack-internal:///(app-pages-browser)/./node_modules/next/dist/compiled/react-dom/cjs/react-dom.development.js:16750:23)
    at beginWork$1 (webpack-internal:///(app-pages-browser)/./node_modules/next/dist/compiled/react-dom/cjs/react-dom.development.js:18464:16)
    at beginWork (webpack-internal:///(app-pages-browser)/./node_modules/next/dist/compiled/react-dom/cjs/react-dom.development.js:26927:14)
    at performUnitOfWork (webpack-internal:///(app-pages-browser)/./node_modules/next/dist/compiled/react-dom/cjs/react-dom.development.js:25748:12)
    at workLoopSync (webpack-internal:///(app-pages-browser)/./node_modules/next/dist/compiled/react-dom/cjs/react-dom.development.js:25464:22)
    at renderRootSync (webpack-internal:///(app-pages-browser)/./node_modules/next/dist/compiled/react-dom/cjs/react-dom.development.js:25419:7)
    at recoverFromConcurrentError (webpack-internal:///(app-pages-browser)/./node_modules/next/dist/compiled/react-dom/cjs/react-dom.development.js:24597:34)
    at performConcurrentWorkOnRoot (webpack-internal:///(app-pages-browser)/./node_modules/next/dist/compiled/react-dom/cjs/react-dom.development.js:24542:26)
    at workLoop (webpack-internal:///(app-pages-browser)/./node_modules/next/dist/compiled/scheduler/cjs/scheduler.development.js:256:42)
    at flushWork (webpack-internal:///(app-pages-browser)/./node_modules/next/dist/compiled/scheduler/cjs/scheduler.development.js:225:14)
    at performWorkUntilDeadline (webpack-internal:///(app-pages-browser)/./node_modules/next/dist/compiled/scheduler/cjs/scheduler.development.js:534:21)
    at EventHandlerNonNull* (webpack-internal:///(app-pages-browser)/./node_modules/next/dist/compiled/scheduler/cjs/scheduler.development.js:569:3)
    at  (webpack-internal:///(app-pages-browser)/./node_modules/next/dist/compiled/scheduler/cjs/scheduler.development.js:630:5)
    at (app-pages-browser)/./node_modules/next/dist/compiled/scheduler/cjs/scheduler.development.js (http://localhost:3000/_next/static/chunks/main-app.js?v=1790278459939:113:1)
    at options.factory (http://localhost:3000/_next/static/chunks/webpack.js?v=1790278459939:715:31)
    at __webpack_require__ (http://localhost:3000/_next/static/chunks/webpack.js?v=1790278459939:37:33)
    at fn (http://localhost:3000/_next/static/chunks/webpack.js?v=1790278459939:371:21)
    at  (webpack-internal:///(app-pages-browser)/./node_modules/next/dist/compiled/scheduler/index.js:4:20)
    at (app-pages-browser)/./node_modules/next/dist/compiled/scheduler/index.js (http://localhost:3000/_next/static/chunks/main-app.js?v=1790278459939:124:1)
    at options.factory (http://localhost:3000/_next/static/chunks/webpack.js?v=1790278459939:715:31)
    at __webpack_require__ (http://localhost:3000/_next/static/chunks/webpack.js?v=1790278459939:37:33)
    at fn (http://localhost:3000/_next/static/chunks/webpack.js?v=1790278459939:371:21)
    at  (webpack-internal:///(app-pages-browser)/./node_modules/next/dist/compiled/react-dom/cjs/react-dom.development.js:27:36)
    at  (webpack-internal:///(app-pages-browser)/./node_modules/next/dist/compiled/react-dom/cjs/react-dom.development.js:38595:5)
    at (app-pages-browser)/./node_modules/next/dist/compiled/react-dom/cjs/react-dom.development.js (http://localhost:3000/_next/static/chunks/main-app.js?v=1790278459939:1847:1)
    at options.factory (http://localhost:3000/_next/static/chunks/webpack.js?v=1790278459939:715:31)
    at __webpack_require__ (http://localhost:3000/_next/static/chunks/webpack.js?v=1790278459939:37:33)
    at fn (http://localhost:3000/_next/static/chunks/webpack.js?v=1790278459939:371:21)
    at  (webpack-internal:///(app-pages-browser)/./node_modules/next/dist/compiled/react-dom/index.js:32:20)
    at (app-pages-browser)/./node_modules/next/dist/compiled/react-dom/index.js (http://localhost:3000/_next/static/chunks/main-app.js?v=1790278459939:1869:1)
    at options.factory (http://localhost:3000/_next/static/chunks/webpack.js?v=1790278459939:715:31)
    at __webpack_require__ (http://localhost:3000/_next/static/chunks/webpack.js?v=1790278459939:37:33)
    at fn (http://localhost:3000/_next/static/chunks/webpack.js?v=1790278459939:371:21)
    at  (webpack-internal:///(app-pages-browser)/./node_modules/next/dist/compiled/react-dom/client.js:3:28)
    at (app-pages-browser)/./node_modules/next/dist/compiled/react-dom/client.js (http://localhost:3000/_next/static/chunks/main-app.js?v=1790278459939:1858:1)
    at options.factory (http://localhost:3000/_next/static/chunks/webpack.js?v=1790278459939:715:31)
    at __webpack_require__ (http://localhost:3000/_next/static/chunks/webpack.js?v=1790278459939:37:33)
    at fn (http://localhost:3000/_next/static/chunks/webpack.js?v=1790278459939:371:21)
    at  (webpack-internal:///(app-pages-browser)/./node_modules/next/dist/client/app-index.js:15:58)
    at (app-pages-browser)/./node_modules/next/dist/client/app-index.js (http://localhost:3000/_next/static/chunks/main-app.js?v=1790278459939:244:1)
    at options.factory (http://localhost:3000/_next/static/chunks/webpack.js?v=1790278459939:715:31)
    at __webpack_require__ (http://localhost:3000/_next/static/chunks/webpack.js?v=1790278459939:37:33)
    at fn (http://localhost:3000/_next/static/chunks/webpack.js?v=1790278459939:371:21)
[    3008ms] ChunkLoadError: Loading chunk _app-pages-browser_src_components_LiveTelemetryMap_tsx failed.
(error: http://localhost:3000/_next/undefined)
    at __webpack_require__.f.j (http://localhost:3000/_next/static/chunks/webpack.js?v=1790278459939:852:29)
    at __webpack_require__.e/< (http://localhost:3000/_next/static/chunks/webpack.js?v=1790278459939:155:40)
    at __webpack_require__.e (http://localhost:3000/_next/static/chunks/webpack.js?v=1790278459939:154:67)
    at createRequire/fn.e (http://localhost:3000/_next/static/chunks/webpack.js?v=1790278459939:391:50)
    at LiveTelemetryMap< (webpack-internal:///(app-pages-browser)/./src/app/overview/page.tsx:17:107)
    at Loadable/Lazy< (webpack-internal:///(app-pages-browser)/./node_modules/next/dist/shared/lib/lazy-dynamic/loadable.js:40:58)
    at lazyInitializer (webpack-internal:///(app-pages-browser)/./node_modules/next/dist/compiled/react/cjs/react.development.js:2172:20)
    at mountLazyComponent (webpack-internal:///(app-pages-browser)/./node_modules/next/dist/compiled/react-dom/cjs/react-dom.development.js:16750:23)
    at beginWork$1 (webpack-internal:///(app-pages-browser)/./node_modules/next/dist/compiled/react-dom/cjs/react-dom.development.js:18464:16)
    at beginWork (webpack-internal:///(app-pages-browser)/./node_modules/next/dist/compiled/react-dom/cjs/react-dom.development.js:26927:14)
    at performUnitOfWork (webpack-internal:///(app-pages-browser)/./node_modules/next/dist/compiled/react-dom/cjs/react-dom.development.js:25748:12)
    at workLoopSync (webpack-internal:///(app-pages-browser)/./node_modules/next/dist/compiled/react-dom/cjs/react-dom.development.js:25464:22)
    at renderRootSync (webpack-internal:///(app-pages-browser)/./node_modules/next/dist/compiled/react-dom/cjs/react-dom.development.js:25419:7)
    at recoverFromConcurrentError (webpack-internal:///(app-pages-browser)/./node_modules/next/dist/compiled/react-dom/cjs/react-dom.development.js:24597:34)
    at performConcurrentWorkOnRoot (webpack-internal:///(app-pages-browser)/./node_modules/next/dist/compiled/react-dom/cjs/react-dom.development.js:24542:26)
    at workLoop (webpack-internal:///(app-pages-browser)/./node_modules/next/dist/compiled/scheduler/cjs/scheduler.development.js:256:42)
    at flushWork (webpack-internal:///(app-pages-browser)/./node_modules/next/dist/compiled/scheduler/cjs/scheduler.development.js:225:14)
    at performWorkUntilDeadline (webpack-internal:///(app-pages-browser)/./node_modules/next/dist/compiled/scheduler/cjs/scheduler.development.js:534:21)
    at EventHandlerNonNull* (webpack-internal:///(app-pages-browser)/./node_modules/next/dist/compiled/scheduler/cjs/scheduler.development.js:569:3)
    at  (webpack-internal:///(app-pages-browser)/./node_modules/next/dist/compiled/scheduler/cjs/scheduler.development.js:630:5)
    at (app-pages-browser)/./node_modules/next/dist/compiled/scheduler/cjs/scheduler.development.js (http://localhost:3000/_next/static/chunks/main-app.js?v=1790278459939:113:1)
    at options.factory (http://localhost:3000/_next/static/chunks/webpack.js?v=1790278459939:715:31)
    at __webpack_require__ (http://localhost:3000/_next/static/chunks/webpack.js?v=1790278459939:37:33)
    at fn (http://localhost:3000/_next/static/chunks/webpack.js?v=1790278459939:371:21)
    at  (webpack-internal:///(app-pages-browser)/./node_modules/next/dist/compiled/scheduler/index.js:4:20)
    at (app-pages-browser)/./node_modules/next/dist/compiled/scheduler/index.js (http://localhost:3000/_next/static/chunks/main-app.js?v=1790278459939:124:1)
    at options.factory (http://localhost:3000/_next/static/chunks/webpack.js?v=1790278459939:715:31)
    at __webpack_require__ (http://localhost:3000/_next/static/chunks/webpack.js?v=1790278459939:37:33)
    at fn (http://localhost:3000/_next/static/chunks/webpack.js?v=1790278459939:371:21)
    at  (webpack-internal:///(app-pages-browser)/./node_modules/next/dist/compiled/react-dom/cjs/react-dom.development.js:27:36)
    at  (webpack-internal:///(app-pages-browser)/./node_modules/next/dist/compiled/react-dom/cjs/react-dom.development.js:38595:5)
    at (app-pages-browser)/./node_modules/next/dist/compiled/react-dom/cjs/react-dom.development.js (http://localhost:3000/_next/static/chunks/main-app.js?v=1790278459939:1847:1)
    at options.factory (http://localhost:3000/_next/static/chunks/webpack.js?v=1790278459939:715:31)
    at __webpack_require__ (http://localhost:3000/_next/static/chunks/webpack.js?v=1790278459939:37:33)
    at fn (http://localhost:3000/_next/static/chunks/webpack.js?v=1790278459939:371:21)
    at  (webpack-internal:///(app-pages-browser)/./node_modules/next/dist/compiled/react-dom/index.js:32:20)
    at (app-pages-browser)/./node_modules/next/dist/compiled/react-dom/index.js (http://localhost:3000/_next/static/chunks/main-app.js?v=1790278459939:1869:1)
    at options.factory (http://localhost:3000/_next/static/chunks/webpack.js?v=1790278459939:715:31)
    at __webpack_require__ (http://localhost:3000/_next/static/chunks/webpack.js?v=1790278459939:37:33)
    at fn (http://localhost:3000/_next/static/chunks/webpack.js?v=1790278459939:371:21)
    at  (webpack-internal:///(app-pages-browser)/./node_modules/next/dist/compiled/react-dom/client.js:3:28)
    at (app-pages-browser)/./node_modules/next/dist/compiled/react-dom/client.js (http://localhost:3000/_next/static/chunks/main-app.js?v=1790278459939:1858:1)
    at options.factory (http://localhost:3000/_next/static/chunks/webpack.js?v=1790278459939:715:31)
    at __webpack_require__ (http://localhost:3000/_next/static/chunks/webpack.js?v=1790278459939:37:33)
    at fn (http://localhost:3000/_next/static/chunks/webpack.js?v=1790278459939:371:21)
    at  (webpack-internal:///(app-pages-browser)/./node_modules/next/dist/client/app-index.js:15:58)
    at (app-pages-browser)/./node_modules/next/dist/client/app-index.js (http://localhost:3000/_next/static/chunks/main-app.js?v=1790278459939:244:1)
    at options.factory (http://localhost:3000/_next/static/chunks/webpack.js?v=1790278459939:715:31)
    at __webpack_require__ (http://localhost:3000/_next/static/chunks/webpack.js?v=1790278459939:37:33)
    at fn (http://localhost:3000/_next/static/chunks/webpack.js?v=1790278459939:371:21)
[    3009ms] ChunkLoadError: Loading chunk _app-pages-browser_src_components_LiveTelemetryMap_tsx failed.
(error: http://localhost:3000/_next/undefined)
    at __webpack_require__.f.j (http://localhost:3000/_next/static/chunks/webpack.js?v=1790278459939:852:29)
    at __webpack_require__.e/< (http://localhost:3000/_next/static/chunks/webpack.js?v=1790278459939:155:40)
    at __webpack_require__.e (http://localhost:3000/_next/static/chunks/webpack.js?v=1790278459939:154:67)
    at createRequire/fn.e (http://localhost:3000/_next/static/chunks/webpack.js?v=1790278459939:391:50)
    at LiveTelemetryMap< (webpack-internal:///(app-pages-browser)/./src/app/overview/page.tsx:17:107)
    at Loadable/Lazy< (webpack-internal:///(app-pages-browser)/./node_modules/next/dist/shared/lib/lazy-dynamic/loadable.js:40:58)
    at lazyInitializer (webpack-internal:///(app-pages-browser)/./node_modules/next/dist/compiled/react/cjs/react.development.js:2172:20)
    at mountLazyComponent (webpack-internal:///(app-pages-browser)/./node_modules/next/dist/compiled/react-dom/cjs/react-dom.development.js:16750:23)
    at beginWork$1 (webpack-internal:///(app-pages-browser)/./node_modules/next/dist/compiled/react-dom/cjs/react-dom.development.js:18464:16)
    at beginWork (webpack-internal:///(app-pages-browser)/./node_modules/next/dist/compiled/react-dom/cjs/react-dom.development.js:26927:14)
    at performUnitOfWork (webpack-internal:///(app-pages-browser)/./node_modules/next/dist/compiled/react-dom/cjs/react-dom.development.js:25748:12)
    at workLoopSync (webpack-internal:///(app-pages-browser)/./node_modules/next/dist/compiled/react-dom/cjs/react-dom.development.js:25464:22)
    at renderRootSync (webpack-internal:///(app-pages-browser)/./node_modules/next/dist/compiled/react-dom/cjs/react-dom.development.js:25419:7)
    at recoverFromConcurrentError (webpack-internal:///(app-pages-browser)/./node_modules/next/dist/compiled/react-dom/cjs/react-dom.development.js:24597:34)
    at performConcurrentWorkOnRoot (webpack-internal:///(app-pages-browser)/./node_modules/next/dist/compiled/react-dom/cjs/react-dom.development.js:24542:26)
    at workLoop (webpack-internal:///(app-pages-browser)/./node_modules/next/dist/compiled/scheduler/cjs/scheduler.development.js:256:42)
    at flushWork (webpack-internal:///(app-pages-browser)/./node_modules/next/dist/compiled/scheduler/cjs/scheduler.development.js:225:14)
    at performWorkUntilDeadline (webpack-internal:///(app-pages-browser)/./node_modules/next/dist/compiled/scheduler/cjs/scheduler.development.js:534:21)
    at EventHandlerNonNull* (webpack-internal:///(app-pages-browser)/./node_modules/next/dist/compiled/scheduler/cjs/scheduler.development.js:569:3)
    at  (webpack-internal:///(app-pages-browser)/./node_modules/next/dist/compiled/scheduler/cjs/scheduler.development.js:630:5)
    at (app-pages-browser)/./node_modules/next/dist/compiled/scheduler/cjs/scheduler.development.js (http://localhost:3000/_next/static/chunks/main-app.js?v=1790278459939:113:1)
    at options.factory (http://localhost:3000/_next/static/chunks/webpack.js?v=1790278459939:715:31)
    at __webpack_require__ (http://localhost:3000/_next/static/chunks/webpack.js?v=1790278459939:37:33)
    at fn (http://localhost:3000/_next/static/chunks/webpack.js?v=1790278459939:371:21)
    at  (webpack-internal:///(app-pages-browser)/./node_modules/next/dist/compiled/scheduler/index.js:4:20)
    at (app-pages-browser)/./node_modules/next/dist/compiled/scheduler/index.js (http://localhost:3000/_next/static/chunks/main-app.js?v=1790278459939:124:1)
    at options.factory (http://localhost:3000/_next/static/chunks/webpack.js?v=1790278459939:715:31)
    at __webpack_require__ (http://localhost:3000/_next/static/chunks/webpack.js?v=1790278459939:37:33)
    at fn (http://localhost:3000/_next/static/chunks/webpack.js?v=1790278459939:371:21)
    at  (webpack-internal:///(app-pages-browser)/./node_modules/next/dist/compiled/react-dom/cjs/react-dom.development.js:27:36)
    at  (webpack-internal:///(app-pages-browser)/./node_modules/next/dist/compiled/react-dom/cjs/react-dom.development.js:38595:5)
    at (app-pages-browser)/./node_modules/next/dist/compiled/react-dom/cjs/react-dom.development.js (http://localhost:3000/_next/static/chunks/main-app.js?v=1790278459939:1847:1)
    at options.factory (http://localhost:3000/_next/static/chunks/webpack.js?v=1790278459939:715:31)
    at __webpack_require__ (http://localhost:3000/_next/static/chunks/webpack.js?v=1790278459939:37:33)
    at fn (http://localhost:3000/_next/static/chunks/webpack.js?v=1790278459939:371:21)
    at  (webpack-internal:///(app-pages-browser)/./node_modules/next/dist/compiled/react-dom/index.js:32:20)
    at (app-pages-browser)/./node_modules/next/dist/compiled/react-dom/index.js (http://localhost:3000/_next/static/chunks/main-app.js?v=1790278459939:1869:1)
    at options.factory (http://localhost:3000/_next/static/chunks/webpack.js?v=1790278459939:715:31)
    at __webpack_require__ (http://localhost:3000/_next/static/chunks/webpack.js?v=1790278459939:37:33)
    at fn (http://localhost:3000/_next/static/chunks/webpack.js?v=1790278459939:371:21)
    at  (webpack-internal:///(app-pages-browser)/./node_modules/next/dist/compiled/react-dom/client.js:3:28)
    at (app-pages-browser)/./node_modules/next/dist/compiled/react-dom/client.js (http://localhost:3000/_next/static/chunks/main-app.js?v=1790278459939:1858:1)
    at options.factory (http://localhost:3000/_next/static/chunks/webpack.js?v=1790278459939:715:31)
    at __webpack_require__ (http://localhost:3000/_next/static/chunks/webpack.js?v=1790278459939:37:33)
    at fn (http://localhost:3000/_next/static/chunks/webpack.js?v=1790278459939:371:21)
    at  (webpack-internal:///(app-pages-browser)/./node_modules/next/dist/client/app-index.js:15:58)
    at (app-pages-browser)/./node_modules/next/dist/client/app-index.js (http://localhost:3000/_next/static/chunks/main-app.js?v=1790278459939:244:1)
    at options.factory (http://localhost:3000/_next/static/chunks/webpack.js?v=1790278459939:715:31)
    at __webpack_require__ (http://localhost:3000/_next/static/chunks/webpack.js?v=1790278459939:37:33)
    at fn (http://localhost:3000/_next/static/chunks/webpack.js?v=1790278459939:371:21)
[    3009ms] ChunkLoadError: Loading chunk _app-pages-browser_src_components_LiveTelemetryMap_tsx failed.
(error: http://localhost:3000/_next/undefined)
    at __webpack_require__.f.j (http://localhost:3000/_next/static/chunks/webpack.js?v=1790278459939:852:29)
    at __webpack_require__.e/< (http://localhost:3000/_next/static/chunks/webpack.js?v=1790278459939:155:40)
    at __webpack_require__.e (http://localhost:3000/_next/static/chunks/webpack.js?v=1790278459939:154:67)
    at createRequire/fn.e (http://localhost:3000/_next/static/chunks/webpack.js?v=1790278459939:391:50)
    at LiveTelemetryMap< (webpack-internal:///(app-pages-browser)/./src/app/overview/page.tsx:17:107)
    at Loadable/Lazy< (webpack-internal:///(app-pages-browser)/./node_modules/next/dist/shared/lib/lazy-dynamic/loadable.js:40:58)
    at lazyInitializer (webpack-internal:///(app-pages-browser)/./node_modules/next/dist/compiled/react/cjs/react.development.js:2172:20)
    at mountLazyComponent (webpack-internal:///(app-pages-browser)/./node_modules/next/dist/compiled/react-dom/cjs/react-dom.development.js:16750:23)
    at beginWork$1 (webpack-internal:///(app-pages-browser)/./node_modules/next/dist/compiled/react-dom/cjs/react-dom.development.js:18464:16)
    at beginWork (webpack-internal:///(app-pages-browser)/./node_modules/next/dist/compiled/react-dom/cjs/react-dom.development.js:26927:14)
    at performUnitOfWork (webpack-internal:///(app-pages-browser)/./node_modules/next/dist/compiled/react-dom/cjs/react-dom.development.js:25748:12)
    at workLoopSync (webpack-internal:///(app-pages-browser)/./node_modules/next/dist/compiled/react-dom/cjs/react-dom.development.js:25464:22)
    at renderRootSync (webpack-internal:///(app-pages-browser)/./node_modules/next/dist/compiled/react-dom/cjs/react-dom.development.js:25419:7)
    at recoverFromConcurrentError (webpack-internal:///(app-pages-browser)/./node_modules/next/dist/compiled/react-dom/cjs/react-dom.development.js:24597:34)
    at performConcurrentWorkOnRoot (webpack-internal:///(app-pages-browser)/./node_modules/next/dist/compiled/react-dom/cjs/react-dom.development.js:24542:26)
    at workLoop (webpack-internal:///(app-pages-browser)/./node_modules/next/dist/compiled/scheduler/cjs/scheduler.development.js:256:42)
    at flushWork (webpack-internal:///(app-pages-browser)/./node_modules/next/dist/compiled/scheduler/cjs/scheduler.development.js:225:14)
    at performWorkUntilDeadline (webpack-internal:///(app-pages-browser)/./node_modules/next/dist/compiled/scheduler/cjs/scheduler.development.js:534:21)
    at EventHandlerNonNull* (webpack-internal:///(app-pages-browser)/./node_modules/next/dist/compiled/scheduler/cjs/scheduler.development.js:569:3)
    at  (webpack-internal:///(app-pages-browser)/./node_modules/next/dist/compiled/scheduler/cjs/scheduler.development.js:630:5)
    at (app-pages-browser)/./node_modules/next/dist/compiled/scheduler/cjs/scheduler.development.js (http://localhost:3000/_next/static/chunks/main-app.js?v=1790278459939:113:1)
    at options.factory (http://localhost:3000/_next/static/chunks/webpack.js?v=1790278459939:715:31)
    at __webpack_require__ (http://localhost:3000/_next/static/chunks/webpack.js?v=1790278459939:37:33)
    at fn (http://localhost:3000/_next/static/chunks/webpack.js?v=1790278459939:371:21)
    at  (webpack-internal:///(app-pages-browser)/./node_modules/next/dist/compiled/scheduler/index.js:4:20)
    at (app-pages-browser)/./node_modules/next/dist/compiled/scheduler/index.js (http://localhost:3000/_next/static/chunks/main-app.js?v=1790278459939:124:1)
    at options.factory (http://localhost:3000/_next/static/chunks/webpack.js?v=1790278459939:715:31)
    at __webpack_require__ (http://localhost:3000/_next/static/chunks/webpack.js?v=1790278459939:37:33)
    at fn (http://localhost:3000/_next/static/chunks/webpack.js?v=1790278459939:371:21)
    at  (webpack-internal:///(app-pages-browser)/./node_modules/next/dist/compiled/react-dom/cjs/react-dom.development.js:27:36)
    at  (webpack-internal:///(app-pages-browser)/./node_modules/next/dist/compiled/react-dom/cjs/react-dom.development.js:38595:5)
    at (app-pages-browser)/./node_modules/next/dist/compiled/react-dom/cjs/react-dom.development.js (http://localhost:3000/_next/static/chunks/main-app.js?v=1790278459939:1847:1)
    at options.factory (http://localhost:3000/_next/static/chunks/webpack.js?v=1790278459939:715:31)
    at __webpack_require__ (http://localhost:3000/_next/static/chunks/webpack.js?v=1790278459939:37:33)
    at fn (http://localhost:3000/_next/static/chunks/webpack.js?v=1790278459939:371:21)
    at  (webpack-internal:///(app-pages-browser)/./node_modules/next/dist/compiled/react-dom/index.js:32:20)
    at (app-pages-browser)/./node_modules/next/dist/compiled/react-dom/index.js (http://localhost:3000/_next/static/chunks/main-app.js?v=1790278459939:1869:1)
    at options.factory (http://localhost:3000/_next/static/chunks/webpack.js?v=1790278459939:715:31)
    at __webpack_require__ (http://localhost:3000/_next/static/chunks/webpack.js?v=1790278459939:37:33)
    at fn (http://localhost:3000/_next/static/chunks/webpack.js?v=1790278459939:371:21)
    at  (webpack-internal:///(app-pages-browser)/./node_modules/next/dist/compiled/react-dom/client.js:3:28)
    at (app-pages-browser)/./node_modules/next/dist/compiled/react-dom/client.js (http://localhost:3000/_next/static/chunks/main-app.js?v=1790278459939:1858:1)
    at options.factory (http://localhost:3000/_next/static/chunks/webpack.js?v=1790278459939:715:31)
    at __webpack_require__ (http://localhost:3000/_next/static/chunks/webpack.js?v=1790278459939:37:33)
    at fn (http://localhost:3000/_next/static/chunks/webpack.js?v=1790278459939:371:21)
    at  (webpack-internal:///(app-pages-browser)/./node_modules/next/dist/client/app-index.js:15:58)
    at (app-pages-browser)/./node_modules/next/dist/client/app-index.js (http://localhost:3000/_next/static/chunks/main-app.js?v=1790278459939:244:1)
    at options.factory (http://localhost:3000/_next/static/chunks/webpack.js?v=1790278459939:715:31)
    at __webpack_require__ (http://localhost:3000/_next/static/chunks/webpack.js?v=1790278459939:37:33)
    at fn (http://localhost:3000/_next/static/chunks/webpack.js?v=1790278459939:371:21)
[    3010ms] ChunkLoadError: Loading chunk _app-pages-browser_src_components_LiveTelemetryMap_tsx failed.
(error: http://localhost:3000/_next/undefined)
    at __webpack_require__.f.j (http://localhost:3000/_next/static/chunks/webpack.js?v=1790278459939:852:29)
    at __webpack_require__.e/< (http://localhost:3000/_next/static/chunks/webpack.js?v=1790278459939:155:40)
    at __webpack_require__.e (http://localhost:3000/_next/static/chunks/webpack.js?v=1790278459939:154:67)
    at createRequire/fn.e (http://localhost:3000/_next/static/chunks/webpack.js?v=1790278459939:391:50)
    at LiveTelemetryMap< (webpack-internal:///(app-pages-browser)/./src/app/overview/page.tsx:17:107)
    at Loadable/Lazy< (webpack-internal:///(app-pages-browser)/./node_modules/next/dist/shared/lib/lazy-dynamic/loadable.js:40:58)
    at lazyInitializer (webpack-internal:///(app-pages-browser)/./node_modules/next/dist/compiled/react/cjs/react.development.js:2172:20)
    at mountLazyComponent (webpack-internal:///(app-pages-browser)/./node_modules/next/dist/compiled/react-dom/cjs/react-dom.development.js:16750:23)
    at beginWork$1 (webpack-internal:///(app-pages-browser)/./node_modules/next/dist/compiled/react-dom/cjs/react-dom.development.js:18464:16)
    at beginWork (webpack-internal:///(app-pages-browser)/./node_modules/next/dist/compiled/react-dom/cjs/react-dom.development.js:26927:14)
    at performUnitOfWork (webpack-internal:///(app-pages-browser)/./node_modules/next/dist/compiled/react-dom/cjs/react-dom.development.js:25748:12)
    at workLoopSync (webpack-internal:///(app-pages-browser)/./node_modules/next/dist/compiled/react-dom/cjs/react-dom.development.js:25464:22)
    at renderRootSync (webpack-internal:///(app-pages-browser)/./node_modules/next/dist/compiled/react-dom/cjs/react-dom.development.js:25419:7)
    at recoverFromConcurrentError (webpack-internal:///(app-pages-browser)/./node_modules/next/dist/compiled/react-dom/cjs/react-dom.development.js:24597:34)
    at performConcurrentWorkOnRoot (webpack-internal:///(app-pages-browser)/./node_modules/next/dist/compiled/react-dom/cjs/react-dom.development.js:24542:26)
    at workLoop (webpack-internal:///(app-pages-browser)/./node_modules/next/dist/compiled/scheduler/cjs/scheduler.development.js:256:42)
    at flushWork (webpack-internal:///(app-pages-browser)/./node_modules/next/dist/compiled/scheduler/cjs/scheduler.development.js:225:14)
    at performWorkUntilDeadline (webpack-internal:///(app-pages-browser)/./node_modules/next/dist/compiled/scheduler/cjs/scheduler.development.js:534:21)
    at EventHandlerNonNull* (webpack-internal:///(app-pages-browser)/./node_modules/next/dist/compiled/scheduler/cjs/scheduler.development.js:569:3)
    at  (webpack-internal:///(app-pages-browser)/./node_modules/next/dist/compiled/scheduler/cjs/scheduler.development.js:630:5)
    at (app-pages-browser)/./node_modules/next/dist/compiled/scheduler/cjs/scheduler.development.js (http://localhost:3000/_next/static/chunks/main-app.js?v=1790278459939:113:1)
    at options.factory (http://localhost:3000/_next/static/chunks/webpack.js?v=1790278459939:715:31)
    at __webpack_require__ (http://localhost:3000/_next/static/chunks/webpack.js?v=1790278459939:37:33)
    at fn (http://localhost:3000/_next/static/chunks/webpack.js?v=1790278459939:371:21)
    at  (webpack-internal:///(app-pages-browser)/./node_modules/next/dist/compiled/scheduler/index.js:4:20)
    at (app-pages-browser)/./node_modules/next/dist/compiled/scheduler/index.js (http://localhost:3000/_next/static/chunks/main-app.js?v=1790278459939:124:1)
    at options.factory (http://localhost:3000/_next/static/chunks/webpack.js?v=1790278459939:715:31)
    at __webpack_require__ (http://localhost:3000/_next/static/chunks/webpack.js?v=1790278459939:37:33)
    at fn (http://localhost:3000/_next/static/chunks/webpack.js?v=1790278459939:371:21)
    at  (webpack-internal:///(app-pages-browser)/./node_modules/next/dist/compiled/react-dom/cjs/react-dom.development.js:27:36)
    at  (webpack-internal:///(app-pages-browser)/./node_modules/next/dist/compiled/react-dom/cjs/react-dom.development.js:38595:5)
    at (app-pages-browser)/./node_modules/next/dist/compiled/react-dom/cjs/react-dom.development.js (http://localhost:3000/_next/static/chunks/main-app.js?v=1790278459939:1847:1)
    at options.factory (http://localhost:3000/_next/static/chunks/webpack.js?v=1790278459939:715:31)
    at __webpack_require__ (http://localhost:3000/_next/static/chunks/webpack.js?v=1790278459939:37:33)
    at fn (http://localhost:3000/_next/static/chunks/webpack.js?v=1790278459939:371:21)
    at  (webpack-internal:///(app-pages-browser)/./node_modules/next/dist/compiled/react-dom/index.js:32:20)
    at (app-pages-browser)/./node_modules/next/dist/compiled/react-dom/index.js (http://localhost:3000/_next/static/chunks/main-app.js?v=1790278459939:1869:1)
    at options.factory (http://localhost:3000/_next/static/chunks/webpack.js?v=1790278459939:715:31)
    at __webpack_require__ (http://localhost:3000/_next/static/chunks/webpack.js?v=1790278459939:37:33)
    at fn (http://localhost:3000/_next/static/chunks/webpack.js?v=1790278459939:371:21)
    at  (webpack-internal:///(app-pages-browser)/./node_modules/next/dist/compiled/react-dom/client.js:3:28)
    at (app-pages-browser)/./node_modules/next/dist/compiled/react-dom/client.js (http://localhost:3000/_next/static/chunks/main-app.js?v=1790278459939:1858:1)
    at options.factory (http://localhost:3000/_next/static/chunks/webpack.js?v=1790278459939:715:31)
    at __webpack_require__ (http://localhost:3000/_next/static/chunks/webpack.js?v=1790278459939:37:33)
    at fn (http://localhost:3000/_next/static/chunks/webpack.js?v=1790278459939:371:21)
    at  (webpack-internal:///(app-pages-browser)/./node_modules/next/dist/client/app-index.js:15:58)
    at (app-pages-browser)/./node_modules/next/dist/client/app-index.js (http://localhost:3000/_next/static/chunks/main-app.js?v=1790278459939:244:1)
    at options.factory (http://localhost:3000/_next/static/chunks/webpack.js?v=1790278459939:715:31)
    at __webpack_require__ (http://localhost:3000/_next/static/chunks/webpack.js?v=1790278459939:37:33)
    at fn (http://localhost:3000/_next/static/chunks/webpack.js?v=1790278459939:371:21)
[    3019ms] ChunkLoadError: Loading chunk _app-pages-browser_src_components_LiveTelemetryMap_tsx failed.
(error: http://localhost:3000/_next/undefined)
    at __webpack_require__.f.j (http://localhost:3000/_next/static/chunks/webpack.js?v=1790278459939:852:29)
    at __webpack_require__.e/< (http://localhost:3000/_next/static/chunks/webpack.js?v=1790278459939:155:40)
    at __webpack_require__.e (http://localhost:3000/_next/static/chunks/webpack.js?v=1790278459939:154:67)
    at createRequire/fn.e (http://localhost:3000/_next/static/chunks/webpack.js?v=1790278459939:391:50)
    at LiveTelemetryMap< (webpack-internal:///(app-pages-browser)/./src/app/overview/page.tsx:17:107)
    at Loadable/Lazy< (webpack-internal:///(app-pages-browser)/./node_modules/next/dist/shared/lib/lazy-dynamic/loadable.js:40:58)
    at lazyInitializer (webpack-internal:///(app-pages-browser)/./node_modules/next/dist/compiled/react/cjs/react.development.js:2172:20)
    at mountLazyComponent (webpack-internal:///(app-pages-browser)/./node_modules/next/dist/compiled/react-dom/cjs/react-dom.development.js:16750:23)
    at beginWork$1 (webpack-internal:///(app-pages-browser)/./node_modules/next/dist/compiled/react-dom/cjs/react-dom.development.js:18464:16)
    at beginWork (webpack-internal:///(app-pages-browser)/./node_modules/next/dist/compiled/react-dom/cjs/react-dom.development.js:26927:14)
    at performUnitOfWork (webpack-internal:///(app-pages-browser)/./node_modules/next/dist/compiled/react-dom/cjs/react-dom.development.js:25748:12)
    at workLoopSync (webpack-internal:///(app-pages-browser)/./node_modules/next/dist/compiled/react-dom/cjs/react-dom.development.js:25464:22)
    at renderRootSync (webpack-internal:///(app-pages-browser)/./node_modules/next/dist/compiled/react-dom/cjs/react-dom.development.js:25419:7)
    at recoverFromConcurrentError (webpack-internal:///(app-pages-browser)/./node_modules/next/dist/compiled/react-dom/cjs/react-dom.development.js:24597:34)
    at performConcurrentWorkOnRoot (webpack-internal:///(app-pages-browser)/./node_modules/next/dist/compiled/react-dom/cjs/react-dom.development.js:24542:26)
    at workLoop (webpack-internal:///(app-pages-browser)/./node_modules/next/dist/compiled/scheduler/cjs/scheduler.development.js:256:42)
    at flushWork (webpack-internal:///(app-pages-browser)/./node_modules/next/dist/compiled/scheduler/cjs/scheduler.development.js:225:14)
    at performWorkUntilDeadline (webpack-internal:///(app-pages-browser)/./node_modules/next/dist/compiled/scheduler/cjs/scheduler.development.js:534:21)
    at EventHandlerNonNull* (webpack-internal:///(app-pages-browser)/./node_modules/next/dist/compiled/scheduler/cjs/scheduler.development.js:569:3)
    at  (webpack-internal:///(app-pages-browser)/./node_modules/next/dist/compiled/scheduler/cjs/scheduler.development.js:630:5)
    at (app-pages-browser)/./node_modules/next/dist/compiled/scheduler/cjs/scheduler.development.js (http://localhost:3000/_next/static/chunks/main-app.js?v=1790278459939:113:1)
    at options.factory (http://localhost:3000/_next/static/chunks/webpack.js?v=1790278459939:715:31)
    at __webpack_require__ (http://localhost:3000/_next/static/chunks/webpack.js?v=1790278459939:37:33)
    at fn (http://localhost:3000/_next/static/chunks/webpack.js?v=1790278459939:371:21)
    at  (webpack-internal:///(app-pages-browser)/./node_modules/next/dist/compiled/scheduler/index.js:4:20)
    at (app-pages-browser)/./node_modules/next/dist/compiled/scheduler/index.js (http://localhost:3000/_next/static/chunks/main-app.js?v=1790278459939:124:1)
    at options.factory (http://localhost:3000/_next/static/chunks/webpack.js?v=1790278459939:715:31)
    at __webpack_require__ (http://localhost:3000/_next/static/chunks/webpack.js?v=1790278459939:37:33)
    at fn (http://localhost:3000/_next/static/chunks/webpack.js?v=1790278459939:371:21)
    at  (webpack-internal:///(app-pages-browser)/./node_modules/next/dist/compiled/react-dom/cjs/react-dom.development.js:27:36)
    at  (webpack-internal:///(app-pages-browser)/./node_modules/next/dist/compiled/react-dom/cjs/react-dom.development.js:38595:5)
    at (app-pages-browser)/./node_modules/next/dist/compiled/react-dom/cjs/react-dom.development.js (http://localhost:3000/_next/static/chunks/main-app.js?v=1790278459939:1847:1)
    at options.factory (http://localhost:3000/_next/static/chunks/webpack.js?v=1790278459939:715:31)
    at __webpack_require__ (http://localhost:3000/_next/static/chunks/webpack.js?v=1790278459939:37:33)
    at fn (http://localhost:3000/_next/static/chunks/webpack.js?v=1790278459939:371:21)
    at  (webpack-internal:///(app-pages-browser)/./node_modules/next/dist/compiled/react-dom/index.js:32:20)
    at (app-pages-browser)/./node_modules/next/dist/compiled/react-dom/index.js (http://localhost:3000/_next/static/chunks/main-app.js?v=1790278459939:1869:1)
    at options.factory (http://localhost:3000/_next/static/chunks/webpack.js?v=1790278459939:715:31)
    at __webpack_require__ (http://localhost:3000/_next/static/chunks/webpack.js?v=1790278459939:37:33)
    at fn (http://localhost:3000/_next/static/chunks/webpack.js?v=1790278459939:371:21)
    at  (webpack-internal:///(app-pages-browser)/./node_modules/next/dist/compiled/react-dom/client.js:3:28)
    at (app-pages-browser)/./node_modules/next/dist/compiled/react-dom/client.js (http://localhost:3000/_next/static/chunks/main-app.js?v=1790278459939:1858:1)
    at options.factory (http://localhost:3000/_next/static/chunks/webpack.js?v=1790278459939:715:31)
    at __webpack_require__ (http://localhost:3000/_next/static/chunks/webpack.js?v=1790278459939:37:33)
    at fn (http://localhost:3000/_next/static/chunks/webpack.js?v=1790278459939:371:21)
    at  (webpack-internal:///(app-pages-browser)/./node_modules/next/dist/client/app-index.js:15:58)
    at (app-pages-browser)/./node_modules/next/dist/client/app-index.js (http://localhost:3000/_next/static/chunks/main-app.js?v=1790278459939:244:1)
    at options.factory (http://localhost:3000/_next/static/chunks/webpack.js?v=1790278459939:715:31)
    at __webpack_require__ (http://localhost:3000/_next/static/chunks/webpack.js?v=1790278459939:37:33)
    at fn (http://localhost:3000/_next/static/chunks/webpack.js?v=1790278459939:371:21)
[    3020ms] ChunkLoadError: Loading chunk _app-pages-browser_src_components_LiveTelemetryMap_tsx failed.
(error: http://localhost:3000/_next/undefined)
    at __webpack_require__.f.j (http://localhost:3000/_next/static/chunks/webpack.js?v=1790278459939:852:29)
    at __webpack_require__.e/< (http://localhost:3000/_next/static/chunks/webpack.js?v=1790278459939:155:40)
    at __webpack_require__.e (http://localhost:3000/_next/static/chunks/webpack.js?v=1790278459939:154:67)
    at createRequire/fn.e (http://localhost:3000/_next/static/chunks/webpack.js?v=1790278459939:391:50)
    at LiveTelemetryMap< (webpack-internal:///(app-pages-browser)/./src/app/overview/page.tsx:17:107)
    at Loadable/Lazy< (webpack-internal:///(app-pages-browser)/./node_modules/next/dist/shared/lib/lazy-dynamic/loadable.js:40:58)
    at lazyInitializer (webpack-internal:///(app-pages-browser)/./node_modules/next/dist/compiled/react/cjs/react.development.js:2172:20)
    at mountLazyComponent (webpack-internal:///(app-pages-browser)/./node_modules/next/dist/compiled/react-dom/cjs/react-dom.development.js:16750:23)
    at beginWork$1 (webpack-internal:///(app-pages-browser)/./node_modules/next/dist/compiled/react-dom/cjs/react-dom.development.js:18464:16)
    at beginWork (webpack-internal:///(app-pages-browser)/./node_modules/next/dist/compiled/react-dom/cjs/react-dom.development.js:26927:14)
    at performUnitOfWork (webpack-internal:///(app-pages-browser)/./node_modules/next/dist/compiled/react-dom/cjs/react-dom.development.js:25748:12)
    at workLoopSync (webpack-internal:///(app-pages-browser)/./node_modules/next/dist/compiled/react-dom/cjs/react-dom.development.js:25464:22)
    at renderRootSync (webpack-internal:///(app-pages-browser)/./node_modules/next/dist/compiled/react-dom/cjs/react-dom.development.js:25419:7)
    at recoverFromConcurrentError (webpack-internal:///(app-pages-browser)/./node_modules/next/dist/compiled/react-dom/cjs/react-dom.development.js:24597:34)
    at performConcurrentWorkOnRoot (webpack-internal:///(app-pages-browser)/./node_modules/next/dist/compiled/react-dom/cjs/react-dom.development.js:24542:26)
    at workLoop (webpack-internal:///(app-pages-browser)/./node_modules/next/dist/compiled/scheduler/cjs/scheduler.development.js:256:42)
    at flushWork (webpack-internal:///(app-pages-browser)/./node_modules/next/dist/compiled/scheduler/cjs/scheduler.development.js:225:14)
    at performWorkUntilDeadline (webpack-internal:///(app-pages-browser)/./node_modules/next/dist/compiled/scheduler/cjs/scheduler.development.js:534:21)
    at EventHandlerNonNull* (webpack-internal:///(app-pages-browser)/./node_modules/next/dist/compiled/scheduler/cjs/scheduler.development.js:569:3)
    at  (webpack-internal:///(app-pages-browser)/./node_modules/next/dist/compiled/scheduler/cjs/scheduler.development.js:630:5)
    at (app-pages-browser)/./node_modules/next/dist/compiled/scheduler/cjs/scheduler.development.js (http://localhost:3000/_next/static/chunks/main-app.js?v=1790278459939:113:1)
    at options.factory (http://localhost:3000/_next/static/chunks/webpack.js?v=1790278459939:715:31)
    at __webpack_require__ (http://localhost:3000/_next/static/chunks/webpack.js?v=1790278459939:37:33)
    at fn (http://localhost:3000/_next/static/chunks/webpack.js?v=1790278459939:371:21)
    at  (webpack-internal:///(app-pages-browser)/./node_modules/next/dist/compiled/scheduler/index.js:4:20)
    at (app-pages-browser)/./node_modules/next/dist/compiled/scheduler/index.js (http://localhost:3000/_next/static/chunks/main-app.js?v=1790278459939:124:1)
    at options.factory (http://localhost:3000/_next/static/chunks/webpack.js?v=1790278459939:715:31)
    at __webpack_require__ (http://localhost:3000/_next/static/chunks/webpack.js?v=1790278459939:37:33)
    at fn (http://localhost:3000/_next/static/chunks/webpack.js?v=1790278459939:371:21)
    at  (webpack-internal:///(app-pages-browser)/./node_modules/next/dist/compiled/react-dom/cjs/react-dom.development.js:27:36)
    at  (webpack-internal:///(app-pages-browser)/./node_modules/next/dist/compiled/react-dom/cjs/react-dom.development.js:38595:5)
    at (app-pages-browser)/./node_modules/next/dist/compiled/react-dom/cjs/react-dom.development.js (http://localhost:3000/_next/static/chunks/main-app.js?v=1790278459939:1847:1)
    at options.factory (http://localhost:3000/_next/static/chunks/webpack.js?v=1790278459939:715:31)
    at __webpack_require__ (http://localhost:3000/_next/static/chunks/webpack.js?v=1790278459939:37:33)
    at fn (http://localhost:3000/_next/static/chunks/webpack.js?v=1790278459939:371:21)
    at  (webpack-internal:///(app-pages-browser)/./node_modules/next/dist/compiled/react-dom/index.js:32:20)
    at (app-pages-browser)/./node_modules/next/dist/compiled/react-dom/index.js (http://localhost:3000/_next/static/chunks/main-app.js?v=1790278459939:1869:1)
    at options.factory (http://localhost:3000/_next/static/chunks/webpack.js?v=1790278459939:715:31)
    at __webpack_require__ (http://localhost:3000/_next/static/chunks/webpack.js?v=1790278459939:37:33)
    at fn (http://localhost:3000/_next/static/chunks/webpack.js?v=1790278459939:371:21)
    at  (webpack-internal:///(app-pages-browser)/./node_modules/next/dist/compiled/react-dom/client.js:3:28)
    at (app-pages-browser)/./node_modules/next/dist/compiled/react-dom/client.js (http://localhost:3000/_next/static/chunks/main-app.js?v=1790278459939:1858:1)
    at options.factory (http://localhost:3000/_next/static/chunks/webpack.js?v=1790278459939:715:31)
    at __webpack_require__ (http://localhost:3000/_next/static/chunks/webpack.js?v=1790278459939:37:33)
    at fn (http://localhost:3000/_next/static/chunks/webpack.js?v=1790278459939:371:21)
    at  (webpack-internal:///(app-pages-browser)/./node_modules/next/dist/client/app-index.js:15:58)
    at (app-pages-browser)/./node_modules/next/dist/client/app-index.js (http://localhost:3000/_next/static/chunks/main-app.js?v=1790278459939:244:1)
    at options.factory (http://localhost:3000/_next/static/chunks/webpack.js?v=1790278459939:715:31)
    at __webpack_require__ (http://localhost:3000/_next/static/chunks/webpack.js?v=1790278459939:37:33)
    at fn (http://localhost:3000/_next/static/chunks/webpack.js?v=1790278459939:371:21)
[    3020ms] ChunkLoadError: Loading chunk _app-pages-browser_src_components_LiveTelemetryMap_tsx failed.
(error: http://localhost:3000/_next/undefined)
    at __webpack_require__.f.j (http://localhost:3000/_next/static/chunks/webpack.js?v=1790278459939:852:29)
    at __webpack_require__.e/< (http://localhost:3000/_next/static/chunks/webpack.js?v=1790278459939:155:40)
    at __webpack_require__.e (http://localhost:3000/_next/static/chunks/webpack.js?v=1790278459939:154:67)
    at createRequire/fn.e (http://localhost:3000/_next/static/chunks/webpack.js?v=1790278459939:391:50)
    at LiveTelemetryMap< (webpack-internal:///(app-pages-browser)/./src/app/overview/page.tsx:17:107)
    at Loadable/Lazy< (webpack-internal:///(app-pages-browser)/./node_modules/next/dist/shared/lib/lazy-dynamic/loadable.js:40:58)
    at lazyInitializer (webpack-internal:///(app-pages-browser)/./node_modules/next/dist/compiled/react/cjs/react.development.js:2172:20)
    at mountLazyComponent (webpack-internal:///(app-pages-browser)/./node_modules/next/dist/compiled/react-dom/cjs/react-dom.development.js:16750:23)
    at beginWork$1 (webpack-internal:///(app-pages-browser)/./node_modules/next/dist/compiled/react-dom/cjs/react-dom.development.js:18464:16)
    at beginWork (webpack-internal:///(app-pages-browser)/./node_modules/next/dist/compiled/react-dom/cjs/react-dom.development.js:26927:14)
    at performUnitOfWork (webpack-internal:///(app-pages-browser)/./node_modules/next/dist/compiled/react-dom/cjs/react-dom.development.js:25748:12)
    at workLoopSync (webpack-internal:///(app-pages-browser)/./node_modules/next/dist/compiled/react-dom/cjs/react-dom.development.js:25464:22)
    at renderRootSync (webpack-internal:///(app-pages-browser)/./node_modules/next/dist/compiled/react-dom/cjs/react-dom.development.js:25419:7)
    at recoverFromConcurrentError (webpack-internal:///(app-pages-browser)/./node_modules/next/dist/compiled/react-dom/cjs/react-dom.development.js:24597:34)
    at performConcurrentWorkOnRoot (webpack-internal:///(app-pages-browser)/./node_modules/next/dist/compiled/react-dom/cjs/react-dom.development.js:24542:26)
    at workLoop (webpack-internal:///(app-pages-browser)/./node_modules/next/dist/compiled/scheduler/cjs/scheduler.development.js:256:42)
    at flushWork (webpack-internal:///(app-pages-browser)/./node_modules/next/dist/compiled/scheduler/cjs/scheduler.development.js:225:14)
    at performWorkUntilDeadline (webpack-internal:///(app-pages-browser)/./node_modules/next/dist/compiled/scheduler/cjs/scheduler.development.js:534:21)
    at EventHandlerNonNull* (webpack-internal:///(app-pages-browser)/./node_modules/next/dist/compiled/scheduler/cjs/scheduler.development.js:569:3)
    at  (webpack-internal:///(app-pages-browser)/./node_modules/next/dist/compiled/scheduler/cjs/scheduler.development.js:630:5)
    at (app-pages-browser)/./node_modules/next/dist/compiled/scheduler/cjs/scheduler.development.js (http://localhost:3000/_next/static/chunks/main-app.js?v=1790278459939:113:1)
    at options.factory (http://localhost:3000/_next/static/chunks/webpack.js?v=1790278459939:715:31)
    at __webpack_require__ (http://localhost:3000/_next/static/chunks/webpack.js?v=1790278459939:37:33)
    at fn (http://localhost:3000/_next/static/chunks/webpack.js?v=1790278459939:371:21)
    at  (webpack-internal:///(app-pages-browser)/./node_modules/next/dist/compiled/scheduler/index.js:4:20)
    at (app-pages-browser)/./node_modules/next/dist/compiled/scheduler/index.js (http://localhost:3000/_next/static/chunks/main-app.js?v=1790278459939:124:1)
    at options.factory (http://localhost:3000/_next/static/chunks/webpack.js?v=1790278459939:715:31)
    at __webpack_require__ (http://localhost:3000/_next/static/chunks/webpack.js?v=1790278459939:37:33)
    at fn (http://localhost:3000/_next/static/chunks/webpack.js?v=1790278459939:371:21)
    at  (webpack-internal:///(app-pages-browser)/./node_modules/next/dist/compiled/react-dom/cjs/react-dom.development.js:27:36)
    at  (webpack-internal:///(app-pages-browser)/./node_modules/next/dist/compiled/react-dom/cjs/react-dom.development.js:38595:5)
    at (app-pages-browser)/./node_modules/next/dist/compiled/react-dom/cjs/react-dom.development.js (http://localhost:3000/_next/static/chunks/main-app.js?v=1790278459939:1847:1)
    at options.factory (http://localhost:3000/_next/static/chunks/webpack.js?v=1790278459939:715:31)
    at __webpack_require__ (http://localhost:3000/_next/static/chunks/webpack.js?v=1790278459939:37:33)
    at fn (http://localhost:3000/_next/static/chunks/webpack.js?v=1790278459939:371:21)
    at  (webpack-internal:///(app-pages-browser)/./node_modules/next/dist/compiled/react-dom/index.js:32:20)
    at (app-pages-browser)/./node_modules/next/dist/compiled/react-dom/index.js (http://localhost:3000/_next/static/chunks/main-app.js?v=1790278459939:1869:1)
    at options.factory (http://localhost:3000/_next/static/chunks/webpack.js?v=1790278459939:715:31)
    at __webpack_require__ (http://localhost:3000/_next/static/chunks/webpack.js?v=1790278459939:37:33)
    at fn (http://localhost:3000/_next/static/chunks/webpack.js?v=1790278459939:371:21)
    at  (webpack-internal:///(app-pages-browser)/./node_modules/next/dist/compiled/react-dom/client.js:3:28)
    at (app-pages-browser)/./node_modules/next/dist/compiled/react-dom/client.js (http://localhost:3000/_next/static/chunks/main-app.js?v=1790278459939:1858:1)
    at options.factory (http://localhost:3000/_next/static/chunks/webpack.js?v=1790278459939:715:31)
    at __webpack_require__ (http://localhost:3000/_next/static/chunks/webpack.js?v=1790278459939:37:33)
    at fn (http://localhost:3000/_next/static/chunks/webpack.js?v=1790278459939:371:21)
    at  (webpack-internal:///(app-pages-browser)/./node_modules/next/dist/client/app-index.js:15:58)
    at (app-pages-browser)/./node_modules/next/dist/client/app-index.js (http://localhost:3000/_next/static/chunks/main-app.js?v=1790278459939:244:1)
    at options.factory (http://localhost:3000/_next/static/chunks/webpack.js?v=1790278459939:715:31)
    at __webpack_require__ (http://localhost:3000/_next/static/chunks/webpack.js?v=1790278459939:37:33)
    at fn (http://localhost:3000/_next/static/chunks/webpack.js?v=1790278459939:371:21)
[    3020ms] ChunkLoadError: Loading chunk _app-pages-browser_src_components_LiveTelemetryMap_tsx failed.
(error: http://localhost:3000/_next/undefined)
    at __webpack_require__.f.j (http://localhost:3000/_next/static/chunks/webpack.js?v=1790278459939:852:29)
    at __webpack_require__.e/< (http://localhost:3000/_next/static/chunks/webpack.js?v=1790278459939:155:40)
    at __webpack_require__.e (http://localhost:3000/_next/static/chunks/webpack.js?v=1790278459939:154:67)
    at createRequire/fn.e (http://localhost:3000/_next/static/chunks/webpack.js?v=1790278459939:391:50)
    at LiveTelemetryMap< (webpack-internal:///(app-pages-browser)/./src/app/overview/page.tsx:17:107)
    at Loadable/Lazy< (webpack-internal:///(app-pages-browser)/./node_modules/next/dist/shared/lib/lazy-dynamic/loadable.js:40:58)
    at lazyInitializer (webpack-internal:///(app-pages-browser)/./node_modules/next/dist/compiled/react/cjs/react.development.js:2172:20)
    at mountLazyComponent (webpack-internal:///(app-pages-browser)/./node_modules/next/dist/compiled/react-dom/cjs/react-dom.development.js:16750:23)
    at beginWork$1 (webpack-internal:///(app-pages-browser)/./node_modules/next/dist/compiled/react-dom/cjs/react-dom.development.js:18464:16)
    at beginWork (webpack-internal:///(app-pages-browser)/./node_modules/next/dist/compiled/react-dom/cjs/react-dom.development.js:26927:14)
    at performUnitOfWork (webpack-internal:///(app-pages-browser)/./node_modules/next/dist/compiled/react-dom/cjs/react-dom.development.js:25748:12)
    at workLoopSync (webpack-internal:///(app-pages-browser)/./node_modules/next/dist/compiled/react-dom/cjs/react-dom.development.js:25464:22)
    at renderRootSync (webpack-internal:///(app-pages-browser)/./node_modules/next/dist/compiled/react-dom/cjs/react-dom.development.js:25419:7)
    at recoverFromConcurrentError (webpack-internal:///(app-pages-browser)/./node_modules/next/dist/compiled/react-dom/cjs/react-dom.development.js:24597:34)
    at performConcurrentWorkOnRoot (webpack-internal:///(app-pages-browser)/./node_modules/next/dist/compiled/react-dom/cjs/react-dom.development.js:24542:26)
    at workLoop (webpack-internal:///(app-pages-browser)/./node_modules/next/dist/compiled/scheduler/cjs/scheduler.development.js:256:42)
    at flushWork (webpack-internal:///(app-pages-browser)/./node_modules/next/dist/compiled/scheduler/cjs/scheduler.development.js:225:14)
    at performWorkUntilDeadline (webpack-internal:///(app-pages-browser)/./node_modules/next/dist/compiled/scheduler/cjs/scheduler.development.js:534:21)
    at EventHandlerNonNull* (webpack-internal:///(app-pages-browser)/./node_modules/next/dist/compiled/scheduler/cjs/scheduler.development.js:569:3)
    at  (webpack-internal:///(app-pages-browser)/./node_modules/next/dist/compiled/scheduler/cjs/scheduler.development.js:630:5)
    at (app-pages-browser)/./node_modules/next/dist/compiled/scheduler/cjs/scheduler.development.js (http://localhost:3000/_next/static/chunks/main-app.js?v=1790278459939:113:1)
    at options.factory (http://localhost:3000/_next/static/chunks/webpack.js?v=1790278459939:715:31)
    at __webpack_require__ (http://localhost:3000/_next/static/chunks/webpack.js?v=1790278459939:37:33)
    at fn (http://localhost:3000/_next/static/chunks/webpack.js?v=1790278459939:371:21)
    at  (webpack-internal:///(app-pages-browser)/./node_modules/next/dist/compiled/scheduler/index.js:4:20)
    at (app-pages-browser)/./node_modules/next/dist/compiled/scheduler/index.js (http://localhost:3000/_next/static/chunks/main-app.js?v=1790278459939:124:1)
    at options.factory (http://localhost:3000/_next/static/chunks/webpack.js?v=1790278459939:715:31)
    at __webpack_require__ (http://localhost:3000/_next/static/chunks/webpack.js?v=1790278459939:37:33)
    at fn (http://localhost:3000/_next/static/chunks/webpack.js?v=1790278459939:371:21)
    at  (webpack-internal:///(app-pages-browser)/./node_modules/next/dist/compiled/react-dom/cjs/react-dom.development.js:27:36)
    at  (webpack-internal:///(app-pages-browser)/./node_modules/next/dist/compiled/react-dom/cjs/react-dom.development.js:38595:5)
    at (app-pages-browser)/./node_modules/next/dist/compiled/react-dom/cjs/react-dom.development.js (http://localhost:3000/_next/static/chunks/main-app.js?v=1790278459939:1847:1)
    at options.factory (http://localhost:3000/_next/static/chunks/webpack.js?v=1790278459939:715:31)
    at __webpack_require__ (http://localhost:3000/_next/static/chunks/webpack.js?v=1790278459939:37:33)
    at fn (http://localhost:3000/_next/static/chunks/webpack.js?v=1790278459939:371:21)
    at  (webpack-internal:///(app-pages-browser)/./node_modules/next/dist/compiled/react-dom/index.js:32:20)
    at (app-pages-browser)/./node_modules/next/dist/compiled/react-dom/index.js (http://localhost:3000/_next/static/chunks/main-app.js?v=1790278459939:1869:1)
    at options.factory (http://localhost:3000/_next/static/chunks/webpack.js?v=1790278459939:715:31)
    at __webpack_require__ (http://localhost:3000/_next/static/chunks/webpack.js?v=1790278459939:37:33)
    at fn (http://localhost:3000/_next/static/chunks/webpack.js?v=1790278459939:371:21)
    at  (webpack-internal:///(app-pages-browser)/./node_modules/next/dist/compiled/react-dom/client.js:3:28)
    at (app-pages-browser)/./node_modules/next/dist/compiled/react-dom/client.js (http://localhost:3000/_next/static/chunks/main-app.js?v=1790278459939:1858:1)
    at options.factory (http://localhost:3000/_next/static/chunks/webpack.js?v=1790278459939:715:31)
    at __webpack_require__ (http://localhost:3000/_next/static/chunks/webpack.js?v=1790278459939:37:33)
    at fn (http://localhost:3000/_next/static/chunks/webpack.js?v=1790278459939:371:21)
    at  (webpack-internal:///(app-pages-browser)/./node_modules/next/dist/client/app-index.js:15:58)
    at (app-pages-browser)/./node_modules/next/dist/client/app-index.js (http://localhost:3000/_next/static/chunks/main-app.js?v=1790278459939:244:1)
    at options.factory (http://localhost:3000/_next/static/chunks/webpack.js?v=1790278459939:715:31)
    at __webpack_require__ (http://localhost:3000/_next/static/chunks/webpack.js?v=1790278459939:37:33)
    at fn (http://localhost:3000/_next/static/chunks/webpack.js?v=1790278459939:371:21)
[    3020ms] ChunkLoadError: Loading chunk _app-pages-browser_src_components_LiveTelemetryMap_tsx failed.
(error: http://localhost:3000/_next/undefined)
    at __webpack_require__.f.j (http://localhost:3000/_next/static/chunks/webpack.js?v=1790278459939:852:29)
    at __webpack_require__.e/< (http://localhost:3000/_next/static/chunks/webpack.js?v=1790278459939:155:40)
    at __webpack_require__.e (http://localhost:3000/_next/static/chunks/webpack.js?v=1790278459939:154:67)
    at createRequire/fn.e (http://localhost:3000/_next/static/chunks/webpack.js?v=1790278459939:391:50)
    at LiveTelemetryMap< (webpack-internal:///(app-pages-browser)/./src/app/overview/page.tsx:17:107)
    at Loadable/Lazy< (webpack-internal:///(app-pages-browser)/./node_modules/next/dist/shared/lib/lazy-dynamic/loadable.js:40:58)
    at lazyInitializer (webpack-internal:///(app-pages-browser)/./node_modules/next/dist/compiled/react/cjs/react.development.js:2172:20)
    at mountLazyComponent (webpack-internal:///(app-pages-browser)/./node_modules/next/dist/compiled/react-dom/cjs/react-dom.development.js:16750:23)
    at beginWork$1 (webpack-internal:///(app-pages-browser)/./node_modules/next/dist/compiled/react-dom/cjs/react-dom.development.js:18464:16)
    at beginWork (webpack-internal:///(app-pages-browser)/./node_modules/next/dist/compiled/react-dom/cjs/react-dom.development.js:26927:14)
    at performUnitOfWork (webpack-internal:///(app-pages-browser)/./node_modules/next/dist/compiled/react-dom/cjs/react-dom.development.js:25748:12)
    at workLoopSync (webpack-internal:///(app-pages-browser)/./node_modules/next/dist/compiled/react-dom/cjs/react-dom.development.js:25464:22)
    at renderRootSync (webpack-internal:///(app-pages-browser)/./node_modules/next/dist/compiled/react-dom/cjs/react-dom.development.js:25419:7)
    at recoverFromConcurrentError (webpack-internal:///(app-pages-browser)/./node_modules/next/dist/compiled/react-dom/cjs/react-dom.development.js:24597:34)
    at performConcurrentWorkOnRoot (webpack-internal:///(app-pages-browser)/./node_modules/next/dist/compiled/react-dom/cjs/react-dom.development.js:24542:26)
    at workLoop (webpack-internal:///(app-pages-browser)/./node_modules/next/dist/compiled/scheduler/cjs/scheduler.development.js:256:42)
    at flushWork (webpack-internal:///(app-pages-browser)/./node_modules/next/dist/compiled/scheduler/cjs/scheduler.development.js:225:14)
    at performWorkUntilDeadline (webpack-internal:///(app-pages-browser)/./node_modules/next/dist/compiled/scheduler/cjs/scheduler.development.js:534:21)
    at EventHandlerNonNull* (webpack-internal:///(app-pages-browser)/./node_modules/next/dist/compiled/scheduler/cjs/scheduler.development.js:569:3)
    at  (webpack-internal:///(app-pages-browser)/./node_modules/next/dist/compiled/scheduler/cjs/scheduler.development.js:630:5)
    at (app-pages-browser)/./node_modules/next/dist/compiled/scheduler/cjs/scheduler.development.js (http://localhost:3000/_next/static/chunks/main-app.js?v=1790278459939:113:1)
    at options.factory (http://localhost:3000/_next/static/chunks/webpack.js?v=1790278459939:715:31)
    at __webpack_require__ (http://localhost:3000/_next/static/chunks/webpack.js?v=1790278459939:37:33)
    at fn (http://localhost:3000/_next/static/chunks/webpack.js?v=1790278459939:371:21)
    at  (webpack-internal:///(app-pages-browser)/./node_modules/next/dist/compiled/scheduler/index.js:4:20)
    at (app-pages-browser)/./node_modules/next/dist/compiled/scheduler/index.js (http://localhost:3000/_next/static/chunks/main-app.js?v=1790278459939:124:1)
    at options.factory (http://localhost:3000/_next/static/chunks/webpack.js?v=1790278459939:715:31)
    at __webpack_require__ (http://localhost:3000/_next/static/chunks/webpack.js?v=1790278459939:37:33)
    at fn (http://localhost:3000/_next/static/chunks/webpack.js?v=1790278459939:371:21)
    at  (webpack-internal:///(app-pages-browser)/./node_modules/next/dist/compiled/react-dom/cjs/react-dom.development.js:27:36)
    at  (webpack-internal:///(app-pages-browser)/./node_modules/next/dist/compiled/react-dom/cjs/react-dom.development.js:38595:5)
    at (app-pages-browser)/./node_modules/next/dist/compiled/react-dom/cjs/react-dom.development.js (http://localhost:3000/_next/static/chunks/main-app.js?v=1790278459939:1847:1)
    at options.factory (http://localhost:3000/_next/static/chunks/webpack.js?v=1790278459939:715:31)
    at __webpack_require__ (http://localhost:3000/_next/static/chunks/webpack.js?v=1790278459939:37:33)
    at fn (http://localhost:3000/_next/static/chunks/webpack.js?v=1790278459939:371:21)
    at  (webpack-internal:///(app-pages-browser)/./node_modules/next/dist/compiled/react-dom/index.js:32:20)
    at (app-pages-browser)/./node_modules/next/dist/compiled/react-dom/index.js (http://localhost:3000/_next/static/chunks/main-app.js?v=1790278459939:1869:1)
    at options.factory (http://localhost:3000/_next/static/chunks/webpack.js?v=1790278459939:715:31)
    at __webpack_require__ (http://localhost:3000/_next/static/chunks/webpack.js?v=1790278459939:37:33)
    at fn (http://localhost:3000/_next/static/chunks/webpack.js?v=1790278459939:371:21)
    at  (webpack-internal:///(app-pages-browser)/./node_modules/next/dist/compiled/react-dom/client.js:3:28)
    at (app-pages-browser)/./node_modules/next/dist/compiled/react-dom/client.js (http://localhost:3000/_next/static/chunks/main-app.js?v=1790278459939:1858:1)
    at options.factory (http://localhost:3000/_next/static/chunks/webpack.js?v=1790278459939:715:31)
    at __webpack_require__ (http://localhost:3000/_next/static/chunks/webpack.js?v=1790278459939:37:33)
    at fn (http://localhost:3000/_next/static/chunks/webpack.js?v=1790278459939:371:21)
    at  (webpack-internal:///(app-pages-browser)/./node_modules/next/dist/client/app-index.js:15:58)
    at (app-pages-browser)/./node_modules/next/dist/client/app-index.js (http://localhost:3000/_next/static/chunks/main-app.js?v=1790278459939:244:1)
    at options.factory (http://localhost:3000/_next/static/chunks/webpack.js?v=1790278459939:715:31)
    at __webpack_require__ (http://localhost:3000/_next/static/chunks/webpack.js?v=1790278459939:37:33)
    at fn (http://localhost:3000/_next/static/chunks/webpack.js?v=1790278459939:371:21)
[    3021ms] ChunkLoadError: Loading chunk _app-pages-browser_src_components_LiveTelemetryMap_tsx failed.
(error: http://localhost:3000/_next/undefined)
    at __webpack_require__.f.j (http://localhost:3000/_next/static/chunks/webpack.js?v=1790278459939:852:29)
    at __webpack_require__.e/< (http://localhost:3000/_next/static/chunks/webpack.js?v=1790278459939:155:40)
    at __webpack_require__.e (http://localhost:3000/_next/static/chunks/webpack.js?v=1790278459939:154:67)
    at createRequire/fn.e (http://localhost:3000/_next/static/chunks/webpack.js?v=1790278459939:391:50)
    at LiveTelemetryMap< (webpack-internal:///(app-pages-browser)/./src/app/overview/page.tsx:17:107)
    at Loadable/Lazy< (webpack-internal:///(app-pages-browser)/./node_modules/next/dist/shared/lib/lazy-dynamic/loadable.js:40:58)
    at lazyInitializer (webpack-internal:///(app-pages-browser)/./node_modules/next/dist/compiled/react/cjs/react.development.js:2172:20)
    at mountLazyComponent (webpack-internal:///(app-pages-browser)/./node_modules/next/dist/compiled/react-dom/cjs/react-dom.development.js:16750:23)
    at beginWork$1 (webpack-internal:///(app-pages-browser)/./node_modules/next/dist/compiled/react-dom/cjs/react-dom.development.js:18464:16)
    at beginWork (webpack-internal:///(app-pages-browser)/./node_modules/next/dist/compiled/react-dom/cjs/react-dom.development.js:26927:14)
    at performUnitOfWork (webpack-internal:///(app-pages-browser)/./node_modules/next/dist/compiled/react-dom/cjs/react-dom.development.js:25748:12)
    at workLoopSync (webpack-internal:///(app-pages-browser)/./node_modules/next/dist/compiled/react-dom/cjs/react-dom.development.js:25464:22)
    at renderRootSync (webpack-internal:///(app-pages-browser)/./node_modules/next/dist/compiled/react-dom/cjs/react-dom.development.js:25419:7)
    at recoverFromConcurrentError (webpack-internal:///(app-pages-browser)/./node_modules/next/dist/compiled/react-dom/cjs/react-dom.development.js:24597:34)
    at performConcurrentWorkOnRoot (webpack-internal:///(app-pages-browser)/./node_modules/next/dist/compiled/react-dom/cjs/react-dom.development.js:24542:26)
    at workLoop (webpack-internal:///(app-pages-browser)/./node_modules/next/dist/compiled/scheduler/cjs/scheduler.development.js:256:42)
    at flushWork (webpack-internal:///(app-pages-browser)/./node_modules/next/dist/compiled/scheduler/cjs/scheduler.development.js:225:14)
    at performWorkUntilDeadline (webpack-internal:///(app-pages-browser)/./node_modules/next/dist/compiled/scheduler/cjs/scheduler.development.js:534:21)
    at EventHandlerNonNull* (webpack-internal:///(app-pages-browser)/./node_modules/next/dist/compiled/scheduler/cjs/scheduler.development.js:569:3)
    at  (webpack-internal:///(app-pages-browser)/./node_modules/next/dist/compiled/scheduler/cjs/scheduler.development.js:630:5)
    at (app-pages-browser)/./node_modules/next/dist/compiled/scheduler/cjs/scheduler.development.js (http://localhost:3000/_next/static/chunks/main-app.js?v=1790278459939:113:1)
    at options.factory (http://localhost:3000/_next/static/chunks/webpack.js?v=1790278459939:715:31)
    at __webpack_require__ (http://localhost:3000/_next/static/chunks/webpack.js?v=1790278459939:37:33)
    at fn (http://localhost:3000/_next/static/chunks/webpack.js?v=1790278459939:371:21)
    at  (webpack-internal:///(app-pages-browser)/./node_modules/next/dist/compiled/scheduler/index.js:4:20)
    at (app-pages-browser)/./node_modules/next/dist/compiled/scheduler/index.js (http://localhost:3000/_next/static/chunks/main-app.js?v=1790278459939:124:1)
    at options.factory (http://localhost:3000/_next/static/chunks/webpack.js?v=1790278459939:715:31)
    at __webpack_require__ (http://localhost:3000/_next/static/chunks/webpack.js?v=1790278459939:37:33)
    at fn (http://localhost:3000/_next/static/chunks/webpack.js?v=1790278459939:371:21)
    at  (webpack-internal:///(app-pages-browser)/./node_modules/next/dist/compiled/react-dom/cjs/react-dom.development.js:27:36)
    at  (webpack-internal:///(app-pages-browser)/./node_modules/next/dist/compiled/react-dom/cjs/react-dom.development.js:38595:5)
    at (app-pages-browser)/./node_modules/next/dist/compiled/react-dom/cjs/react-dom.development.js (http://localhost:3000/_next/static/chunks/main-app.js?v=1790278459939:1847:1)
    at options.factory (http://localhost:3000/_next/static/chunks/webpack.js?v=1790278459939:715:31)
    at __webpack_require__ (http://localhost:3000/_next/static/chunks/webpack.js?v=1790278459939:37:33)
    at fn (http://localhost:3000/_next/static/chunks/webpack.js?v=1790278459939:371:21)
    at  (webpack-internal:///(app-pages-browser)/./node_modules/next/dist/compiled/react-dom/index.js:32:20)
    at (app-pages-browser)/./node_modules/next/dist/compiled/react-dom/index.js (http://localhost:3000/_next/static/chunks/main-app.js?v=1790278459939:1869:1)
    at options.factory (http://localhost:3000/_next/static/chunks/webpack.js?v=1790278459939:715:31)
    at __webpack_require__ (http://localhost:3000/_next/static/chunks/webpack.js?v=1790278459939:37:33)
    at fn (http://localhost:3000/_next/static/chunks/webpack.js?v=1790278459939:371:21)
    at  (webpack-internal:///(app-pages-browser)/./node_modules/next/dist/compiled/react-dom/client.js:3:28)
    at (app-pages-browser)/./node_modules/next/dist/compiled/react-dom/client.js (http://localhost:3000/_next/static/chunks/main-app.js?v=1790278459939:1858:1)
    at options.factory (http://localhost:3000/_next/static/chunks/webpack.js?v=1790278459939:715:31)
    at __webpack_require__ (http://localhost:3000/_next/static/chunks/webpack.js?v=1790278459939:37:33)
    at fn (http://localhost:3000/_next/static/chunks/webpack.js?v=1790278459939:371:21)
    at  (webpack-internal:///(app-pages-browser)/./node_modules/next/dist/client/app-index.js:15:58)
    at (app-pages-browser)/./node_modules/next/dist/client/app-index.js (http://localhost:3000/_next/static/chunks/main-app.js?v=1790278459939:244:1)
    at options.factory (http://localhost:3000/_next/static/chunks/webpack.js?v=1790278459939:715:31)
    at __webpack_require__ (http://localhost:3000/_next/static/chunks/webpack.js?v=1790278459939:37:33)
    at fn (http://localhost:3000/_next/static/chunks/webpack.js?v=1790278459939:371:21)
[    3021ms] ChunkLoadError: Loading chunk _app-pages-browser_src_components_LiveTelemetryMap_tsx failed.
(error: http://localhost:3000/_next/undefined)
    at __webpack_require__.f.j (http://localhost:3000/_next/static/chunks/webpack.js?v=1790278459939:852:29)
    at __webpack_require__.e/< (http://localhost:3000/_next/static/chunks/webpack.js?v=1790278459939:155:40)
    at __webpack_require__.e (http://localhost:3000/_next/static/chunks/webpack.js?v=1790278459939:154:67)
    at createRequire/fn.e (http://localhost:3000/_next/static/chunks/webpack.js?v=1790278459939:391:50)
    at LiveTelemetryMap< (webpack-internal:///(app-pages-browser)/./src/app/overview/page.tsx:17:107)
    at Loadable/Lazy< (webpack-internal:///(app-pages-browser)/./node_modules/next/dist/shared/lib/lazy-dynamic/loadable.js:40:58)
    at lazyInitializer (webpack-internal:///(app-pages-browser)/./node_modules/next/dist/compiled/react/cjs/react.development.js:2172:20)
    at mountLazyComponent (webpack-internal:///(app-pages-browser)/./node_modules/next/dist/compiled/react-dom/cjs/react-dom.development.js:16750:23)
    at beginWork$1 (webpack-internal:///(app-pages-browser)/./node_modules/next/dist/compiled/react-dom/cjs/react-dom.development.js:18464:16)
    at beginWork (webpack-internal:///(app-pages-browser)/./node_modules/next/dist/compiled/react-dom/cjs/react-dom.development.js:26927:14)
    at performUnitOfWork (webpack-internal:///(app-pages-browser)/./node_modules/next/dist/compiled/react-dom/cjs/react-dom.development.js:25748:12)
    at workLoopSync (webpack-internal:///(app-pages-browser)/./node_modules/next/dist/compiled/react-dom/cjs/react-dom.development.js:25464:22)
    at renderRootSync (webpack-internal:///(app-pages-browser)/./node_modules/next/dist/compiled/react-dom/cjs/react-dom.development.js:25419:7)
    at recoverFromConcurrentError (webpack-internal:///(app-pages-browser)/./node_modules/next/dist/compiled/react-dom/cjs/react-dom.development.js:24597:34)
    at performConcurrentWorkOnRoot (webpack-internal:///(app-pages-browser)/./node_modules/next/dist/compiled/react-dom/cjs/react-dom.development.js:24542:26)
    at workLoop (webpack-internal:///(app-pages-browser)/./node_modules/next/dist/compiled/scheduler/cjs/scheduler.development.js:256:42)
    at flushWork (webpack-internal:///(app-pages-browser)/./node_modules/next/dist/compiled/scheduler/cjs/scheduler.development.js:225:14)
    at performWorkUntilDeadline (webpack-internal:///(app-pages-browser)/./node_modules/next/dist/compiled/scheduler/cjs/scheduler.development.js:534:21)
    at EventHandlerNonNull* (webpack-internal:///(app-pages-browser)/./node_modules/next/dist/compiled/scheduler/cjs/scheduler.development.js:569:3)
    at  (webpack-internal:///(app-pages-browser)/./node_modules/next/dist/compiled/scheduler/cjs/scheduler.development.js:630:5)
    at (app-pages-browser)/./node_modules/next/dist/compiled/scheduler/cjs/scheduler.development.js (http://localhost:3000/_next/static/chunks/main-app.js?v=1790278459939:113:1)
    at options.factory (http://localhost:3000/_next/static/chunks/webpack.js?v=1790278459939:715:31)
    at __webpack_require__ (http://localhost:3000/_next/static/chunks/webpack.js?v=1790278459939:37:33)
    at fn (http://localhost:3000/_next/static/chunks/webpack.js?v=1790278459939:371:21)
    at  (webpack-internal:///(app-pages-browser)/./node_modules/next/dist/compiled/scheduler/index.js:4:20)
    at (app-pages-browser)/./node_modules/next/dist/compiled/scheduler/index.js (http://localhost:3000/_next/static/chunks/main-app.js?v=1790278459939:124:1)
    at options.factory (http://localhost:3000/_next/static/chunks/webpack.js?v=1790278459939:715:31)
    at __webpack_require__ (http://localhost:3000/_next/static/chunks/webpack.js?v=1790278459939:37:33)
    at fn (http://localhost:3000/_next/static/chunks/webpack.js?v=1790278459939:371:21)
    at  (webpack-internal:///(app-pages-browser)/./node_modules/next/dist/compiled/react-dom/cjs/react-dom.development.js:27:36)
    at  (webpack-internal:///(app-pages-browser)/./node_modules/next/dist/compiled/react-dom/cjs/react-dom.development.js:38595:5)
    at (app-pages-browser)/./node_modules/next/dist/compiled/react-dom/cjs/react-dom.development.js (http://localhost:3000/_next/static/chunks/main-app.js?v=1790278459939:1847:1)
    at options.factory (http://localhost:3000/_next/static/chunks/webpack.js?v=1790278459939:715:31)
    at __webpack_require__ (http://localhost:3000/_next/static/chunks/webpack.js?v=1790278459939:37:33)
    at fn (http://localhost:3000/_next/static/chunks/webpack.js?v=1790278459939:371:21)
    at  (webpack-internal:///(app-pages-browser)/./node_modules/next/dist/compiled/react-dom/index.js:32:20)
    at (app-pages-browser)/./node_modules/next/dist/compiled/react-dom/index.js (http://localhost:3000/_next/static/chunks/main-app.js?v=1790278459939:1869:1)
    at options.factory (http://localhost:3000/_next/static/chunks/webpack.js?v=1790278459939:715:31)
    at __webpack_require__ (http://localhost:3000/_next/static/chunks/webpack.js?v=1790278459939:37:33)
    at fn (http://localhost:3000/_next/static/chunks/webpack.js?v=1790278459939:371:21)
    at  (webpack-internal:///(app-pages-browser)/./node_modules/next/dist/compiled/react-dom/client.js:3:28)
    at (app-pages-browser)/./node_modules/next/dist/compiled/react-dom/client.js (http://localhost:3000/_next/static/chunks/main-app.js?v=1790278459939:1858:1)
    at options.factory (http://localhost:3000/_next/static/chunks/webpack.js?v=1790278459939:715:31)
    at __webpack_require__ (http://localhost:3000/_next/static/chunks/webpack.js?v=1790278459939:37:33)
    at fn (http://localhost:3000/_next/static/chunks/webpack.js?v=1790278459939:371:21)
    at  (webpack-internal:///(app-pages-browser)/./node_modules/next/dist/client/app-index.js:15:58)
    at (app-pages-browser)/./node_modules/next/dist/client/app-index.js (http://localhost:3000/_next/static/chunks/main-app.js?v=1790278459939:244:1)
    at options.factory (http://localhost:3000/_next/static/chunks/webpack.js?v=1790278459939:715:31)
    at __webpack_require__ (http://localhost:3000/_next/static/chunks/webpack.js?v=1790278459939:37:33)
    at fn (http://localhost:3000/_next/static/chunks/webpack.js?v=1790278459939:371:21)
[    3036ms] ChunkLoadError: Loading chunk _app-pages-browser_src_components_LiveTelemetryMap_tsx failed.
(error: http://localhost:3000/_next/undefined)
    at __webpack_require__.f.j (http://localhost:3000/_next/static/chunks/webpack.js?v=1790278459939:852:29)
    at __webpack_require__.e/< (http://localhost:3000/_next/static/chunks/webpack.js?v=1790278459939:155:40)
    at __webpack_require__.e (http://localhost:3000/_next/static/chunks/webpack.js?v=1790278459939:154:67)
    at createRequire/fn.e (http://localhost:3000/_next/static/chunks/webpack.js?v=1790278459939:391:50)
    at LiveTelemetryMap< (webpack-internal:///(app-pages-browser)/./src/app/overview/page.tsx:17:107)
    at Loadable/Lazy< (webpack-internal:///(app-pages-browser)/./node_modules/next/dist/shared/lib/lazy-dynamic/loadable.js:40:58)
    at lazyInitializer (webpack-internal:///(app-pages-browser)/./node_modules/next/dist/compiled/react/cjs/react.development.js:2172:20)
    at mountLazyComponent (webpack-internal:///(app-pages-browser)/./node_modules/next/dist/compiled/react-dom/cjs/react-dom.development.js:16750:23)
    at beginWork$1 (webpack-internal:///(app-pages-browser)/./node_modules/next/dist/compiled/react-dom/cjs/react-dom.development.js:18464:16)
    at beginWork (webpack-internal:///(app-pages-browser)/./node_modules/next/dist/compiled/react-dom/cjs/react-dom.development.js:26927:14)
    at performUnitOfWork (webpack-internal:///(app-pages-browser)/./node_modules/next/dist/compiled/react-dom/cjs/react-dom.development.js:25748:12)
    at workLoopSync (webpack-internal:///(app-pages-browser)/./node_modules/next/dist/compiled/react-dom/cjs/react-dom.development.js:25464:22)
    at renderRootSync (webpack-internal:///(app-pages-browser)/./node_modules/next/dist/compiled/react-dom/cjs/react-dom.development.js:25419:7)
    at recoverFromConcurrentError (webpack-internal:///(app-pages-browser)/./node_modules/next/dist/compiled/react-dom/cjs/react-dom.development.js:24597:34)
    at performConcurrentWorkOnRoot (webpack-internal:///(app-pages-browser)/./node_modules/next/dist/compiled/react-dom/cjs/react-dom.development.js:24542:26)
    at workLoop (webpack-internal:///(app-pages-browser)/./node_modules/next/dist/compiled/scheduler/cjs/scheduler.development.js:256:42)
    at flushWork (webpack-internal:///(app-pages-browser)/./node_modules/next/dist/compiled/scheduler/cjs/scheduler.development.js:225:14)
    at performWorkUntilDeadline (webpack-internal:///(app-pages-browser)/./node_modules/next/dist/compiled/scheduler/cjs/scheduler.development.js:534:21)
    at EventHandlerNonNull* (webpack-internal:///(app-pages-browser)/./node_modules/next/dist/compiled/scheduler/cjs/scheduler.development.js:569:3)
    at  (webpack-internal:///(app-pages-browser)/./node_modules/next/dist/compiled/scheduler/cjs/scheduler.development.js:630:5)
    at (app-pages-browser)/./node_modules/next/dist/compiled/scheduler/cjs/scheduler.development.js (http://localhost:3000/_next/static/chunks/main-app.js?v=1790278459939:113:1)
    at options.factory (http://localhost:3000/_next/static/chunks/webpack.js?v=1790278459939:715:31)
    at __webpack_require__ (http://localhost:3000/_next/static/chunks/webpack.js?v=1790278459939:37:33)
    at fn (http://localhost:3000/_next/static/chunks/webpack.js?v=1790278459939:371:21)
    at  (webpack-internal:///(app-pages-browser)/./node_modules/next/dist/compiled/scheduler/index.js:4:20)
    at (app-pages-browser)/./node_modules/next/dist/compiled/scheduler/index.js (http://localhost:3000/_next/static/chunks/main-app.js?v=1790278459939:124:1)
    at options.factory (http://localhost:3000/_next/static/chunks/webpack.js?v=1790278459939:715:31)
    at __webpack_require__ (http://localhost:3000/_next/static/chunks/webpack.js?v=1790278459939:37:33)
    at fn (http://localhost:3000/_next/static/chunks/webpack.js?v=1790278459939:371:21)
    at  (webpack-internal:///(app-pages-browser)/./node_modules/next/dist/compiled/react-dom/cjs/react-dom.development.js:27:36)
    at  (webpack-internal:///(app-pages-browser)/./node_modules/next/dist/compiled/react-dom/cjs/react-dom.development.js:38595:5)
    at (app-pages-browser)/./node_modules/next/dist/compiled/react-dom/cjs/react-dom.development.js (http://localhost:3000/_next/static/chunks/main-app.js?v=1790278459939:1847:1)
    at options.factory (http://localhost:3000/_next/static/chunks/webpack.js?v=1790278459939:715:31)
    at __webpack_require__ (http://localhost:3000/_next/static/chunks/webpack.js?v=1790278459939:37:33)
    at fn (http://localhost:3000/_next/static/chunks/webpack.js?v=1790278459939:371:21)
    at  (webpack-internal:///(app-pages-browser)/./node_modules/next/dist/compiled/react-dom/index.js:32:20)
    at (app-pages-browser)/./node_modules/next/dist/compiled/react-dom/index.js (http://localhost:3000/_next/static/chunks/main-app.js?v=1790278459939:1869:1)
    at options.factory (http://localhost:3000/_next/static/chunks/webpack.js?v=1790278459939:715:31)
    at __webpack_require__ (http://localhost:3000/_next/static/chunks/webpack.js?v=1790278459939:37:33)
    at fn (http://localhost:3000/_next/static/chunks/webpack.js?v=1790278459939:371:21)
    at  (webpack-internal:///(app-pages-browser)/./node_modules/next/dist/compiled/react-dom/client.js:3:28)
    at (app-pages-browser)/./node_modules/next/dist/compiled/react-dom/client.js (http://localhost:3000/_next/static/chunks/main-app.js?v=1790278459939:1858:1)
    at options.factory (http://localhost:3000/_next/static/chunks/webpack.js?v=1790278459939:715:31)
    at __webpack_require__ (http://localhost:3000/_next/static/chunks/webpack.js?v=1790278459939:37:33)
    at fn (http://localhost:3000/_next/static/chunks/webpack.js?v=1790278459939:371:21)
    at  (webpack-internal:///(app-pages-browser)/./node_modules/next/dist/client/app-index.js:15:58)
    at (app-pages-browser)/./node_modules/next/dist/client/app-index.js (http://localhost:3000/_next/static/chunks/main-app.js?v=1790278459939:244:1)
    at options.factory (http://localhost:3000/_next/static/chunks/webpack.js?v=1790278459939:715:31)
    at __webpack_require__ (http://localhost:3000/_next/static/chunks/webpack.js?v=1790278459939:37:33)
    at fn (http://localhost:3000/_next/static/chunks/webpack.js?v=1790278459939:371:21)
[    3036ms] ChunkLoadError: Loading chunk _app-pages-browser_src_components_LiveTelemetryMap_tsx failed.
(error: http://localhost:3000/_next/undefined)
    at __webpack_require__.f.j (http://localhost:3000/_next/static/chunks/webpack.js?v=1790278459939:852:29)
    at __webpack_require__.e/< (http://localhost:3000/_next/static/chunks/webpack.js?v=1790278459939:155:40)
    at __webpack_require__.e (http://localhost:3000/_next/static/chunks/webpack.js?v=1790278459939:154:67)
    at createRequire/fn.e (http://localhost:3000/_next/static/chunks/webpack.js?v=1790278459939:391:50)
    at LiveTelemetryMap< (webpack-internal:///(app-pages-browser)/./src/app/overview/page.tsx:17:107)
    at Loadable/Lazy< (webpack-internal:///(app-pages-browser)/./node_modules/next/dist/shared/lib/lazy-dynamic/loadable.js:40:58)
    at lazyInitializer (webpack-internal:///(app-pages-browser)/./node_modules/next/dist/compiled/react/cjs/react.development.js:2172:20)
    at mountLazyComponent (webpack-internal:///(app-pages-browser)/./node_modules/next/dist/compiled/react-dom/cjs/react-dom.development.js:16750:23)
    at beginWork$1 (webpack-internal:///(app-pages-browser)/./node_modules/next/dist/compiled/react-dom/cjs/react-dom.development.js:18464:16)
    at beginWork (webpack-internal:///(app-pages-browser)/./node_modules/next/dist/compiled/react-dom/cjs/react-dom.development.js:26927:14)
    at performUnitOfWork (webpack-internal:///(app-pages-browser)/./node_modules/next/dist/compiled/react-dom/cjs/react-dom.development.js:25748:12)
    at workLoopSync (webpack-internal:///(app-pages-browser)/./node_modules/next/dist/compiled/react-dom/cjs/react-dom.development.js:25464:22)
    at renderRootSync (webpack-internal:///(app-pages-browser)/./node_modules/next/dist/compiled/react-dom/cjs/react-dom.development.js:25419:7)
    at recoverFromConcurrentError (webpack-internal:///(app-pages-browser)/./node_modules/next/dist/compiled/react-dom/cjs/react-dom.development.js:24597:34)
    at performConcurrentWorkOnRoot (webpack-internal:///(app-pages-browser)/./node_modules/next/dist/compiled/react-dom/cjs/react-dom.development.js:24542:26)
    at workLoop (webpack-internal:///(app-pages-browser)/./node_modules/next/dist/compiled/scheduler/cjs/scheduler.development.js:256:42)
    at flushWork (webpack-internal:///(app-pages-browser)/./node_modules/next/dist/compiled/scheduler/cjs/scheduler.development.js:225:14)
    at performWorkUntilDeadline (webpack-internal:///(app-pages-browser)/./node_modules/next/dist/compiled/scheduler/cjs/scheduler.development.js:534:21)
    at EventHandlerNonNull* (webpack-internal:///(app-pages-browser)/./node_modules/next/dist/compiled/scheduler/cjs/scheduler.development.js:569:3)
    at  (webpack-internal:///(app-pages-browser)/./node_modules/next/dist/compiled/scheduler/cjs/scheduler.development.js:630:5)
    at (app-pages-browser)/./node_modules/next/dist/compiled/scheduler/cjs/scheduler.development.js (http://localhost:3000/_next/static/chunks/main-app.js?v=1790278459939:113:1)
    at options.factory (http://localhost:3000/_next/static/chunks/webpack.js?v=1790278459939:715:31)
    at __webpack_require__ (http://localhost:3000/_next/static/chunks/webpack.js?v=1790278459939:37:33)
    at fn (http://localhost:3000/_next/static/chunks/webpack.js?v=1790278459939:371:21)
    at  (webpack-internal:///(app-pages-browser)/./node_modules/next/dist/compiled/scheduler/index.js:4:20)
    at (app-pages-browser)/./node_modules/next/dist/compiled/scheduler/index.js (http://localhost:3000/_next/static/chunks/main-app.js?v=1790278459939:124:1)
    at options.factory (http://localhost:3000/_next/static/chunks/webpack.js?v=1790278459939:715:31)
    at __webpack_require__ (http://localhost:3000/_next/static/chunks/webpack.js?v=1790278459939:37:33)
    at fn (http://localhost:3000/_next/static/chunks/webpack.js?v=1790278459939:371:21)
    at  (webpack-internal:///(app-pages-browser)/./node_modules/next/dist/compiled/react-dom/cjs/react-dom.development.js:27:36)
    at  (webpack-internal:///(app-pages-browser)/./node_modules/next/dist/compiled/react-dom/cjs/react-dom.development.js:38595:5)
    at (app-pages-browser)/./node_modules/next/dist/compiled/react-dom/cjs/react-dom.development.js (http://localhost:3000/_next/static/chunks/main-app.js?v=1790278459939:1847:1)
    at options.factory (http://localhost:3000/_next/static/chunks/webpack.js?v=1790278459939:715:31)
    at __webpack_require__ (http://localhost:3000/_next/static/chunks/webpack.js?v=1790278459939:37:33)
    at fn (http://localhost:3000/_next/static/chunks/webpack.js?v=1790278459939:371:21)
    at  (webpack-internal:///(app-pages-browser)/./node_modules/next/dist/compiled/react-dom/index.js:32:20)
    at (app-pages-browser)/./node_modules/next/dist/compiled/react-dom/index.js (http://localhost:3000/_next/static/chunks/main-app.js?v=1790278459939:1869:1)
    at options.factory (http://localhost:3000/_next/static/chunks/webpack.js?v=1790278459939:715:31)
    at __webpack_require__ (http://localhost:3000/_next/static/chunks/webpack.js?v=1790278459939:37:33)
    at fn (http://localhost:3000/_next/static/chunks/webpack.js?v=1790278459939:371:21)
    at  (webpack-internal:///(app-pages-browser)/./node_modules/next/dist/compiled/react-dom/client.js:3:28)
    at (app-pages-browser)/./node_modules/next/dist/compiled/react-dom/client.js (http://localhost:3000/_next/static/chunks/main-app.js?v=1790278459939:1858:1)
    at options.factory (http://localhost:3000/_next/static/chunks/webpack.js?v=1790278459939:715:31)
    at __webpack_require__ (http://localhost:3000/_next/static/chunks/webpack.js?v=1790278459939:37:33)
    at fn (http://localhost:3000/_next/static/chunks/webpack.js?v=1790278459939:371:21)
    at  (webpack-internal:///(app-pages-browser)/./node_modules/next/dist/client/app-index.js:15:58)
    at (app-pages-browser)/./node_modules/next/dist/client/app-index.js (http://localhost:3000/_next/static/chunks/main-app.js?v=1790278459939:244:1)
    at options.factory (http://localhost:3000/_next/static/chunks/webpack.js?v=1790278459939:715:31)
    at __webpack_require__ (http://localhost:3000/_next/static/chunks/webpack.js?v=1790278459939:37:33)
    at fn (http://localhost:3000/_next/static/chunks/webpack.js?v=1790278459939:371:21)
[    3042ms] ChunkLoadError: Loading chunk _app-pages-browser_src_components_LiveTelemetryMap_tsx failed.
(error: http://localhost:3000/_next/undefined)
    at __webpack_require__.f.j (http://localhost:3000/_next/static/chunks/webpack.js?v=1790278459939:852:29)
    at __webpack_require__.e/< (http://localhost:3000/_next/static/chunks/webpack.js?v=1790278459939:155:40)
    at __webpack_require__.e (http://localhost:3000/_next/static/chunks/webpack.js?v=1790278459939:154:67)
    at createRequire/fn.e (http://localhost:3000/_next/static/chunks/webpack.js?v=1790278459939:391:50)
    at LiveTelemetryMap< (webpack-internal:///(app-pages-browser)/./src/app/overview/page.tsx:17:107)
    at Loadable/Lazy< (webpack-internal:///(app-pages-browser)/./node_modules/next/dist/shared/lib/lazy-dynamic/loadable.js:40:58)
    at lazyInitializer (webpack-internal:///(app-pages-browser)/./node_modules/next/dist/compiled/react/cjs/react.development.js:2172:20)
    at mountLazyComponent (webpack-internal:///(app-pages-browser)/./node_modules/next/dist/compiled/react-dom/cjs/react-dom.development.js:16750:23)
    at beginWork$1 (webpack-internal:///(app-pages-browser)/./node_modules/next/dist/compiled/react-dom/cjs/react-dom.development.js:18464:16)
    at beginWork (webpack-internal:///(app-pages-browser)/./node_modules/next/dist/compiled/react-dom/cjs/react-dom.development.js:26927:14)
    at performUnitOfWork (webpack-internal:///(app-pages-browser)/./node_modules/next/dist/compiled/react-dom/cjs/react-dom.development.js:25748:12)
    at workLoopSync (webpack-internal:///(app-pages-browser)/./node_modules/next/dist/compiled/react-dom/cjs/react-dom.development.js:25464:22)
    at renderRootSync (webpack-internal:///(app-pages-browser)/./node_modules/next/dist/compiled/react-dom/cjs/react-dom.development.js:25419:7)
    at recoverFromConcurrentError (webpack-internal:///(app-pages-browser)/./node_modules/next/dist/compiled/react-dom/cjs/react-dom.development.js:24597:34)
    at performConcurrentWorkOnRoot (webpack-internal:///(app-pages-browser)/./node_modules/next/dist/compiled/react-dom/cjs/react-dom.development.js:24542:26)
    at workLoop (webpack-internal:///(app-pages-browser)/./node_modules/next/dist/compiled/scheduler/cjs/scheduler.development.js:256:42)
    at flushWork (webpack-internal:///(app-pages-browser)/./node_modules/next/dist/compiled/scheduler/cjs/scheduler.development.js:225:14)
    at performWorkUntilDeadline (webpack-internal:///(app-pages-browser)/./node_modules/next/dist/compiled/scheduler/cjs/scheduler.development.js:534:21)
    at EventHandlerNonNull* (webpack-internal:///(app-pages-browser)/./node_modules/next/dist/compiled/scheduler/cjs/scheduler.development.js:569:3)
    at  (webpack-internal:///(app-pages-browser)/./node_modules/next/dist/compiled/scheduler/cjs/scheduler.development.js:630:5)
    at (app-pages-browser)/./node_modules/next/dist/compiled/scheduler/cjs/scheduler.development.js (http://localhost:3000/_next/static/chunks/main-app.js?v=1790278459939:113:1)
    at options.factory (http://localhost:3000/_next/static/chunks/webpack.js?v=1790278459939:715:31)
    at __webpack_require__ (http://localhost:3000/_next/static/chunks/webpack.js?v=1790278459939:37:33)
    at fn (http://localhost:3000/_next/static/chunks/webpack.js?v=1790278459939:371:21)
    at  (webpack-internal:///(app-pages-browser)/./node_modules/next/dist/compiled/scheduler/index.js:4:20)
    at (app-pages-browser)/./node_modules/next/dist/compiled/scheduler/index.js (http://localhost:3000/_next/static/chunks/main-app.js?v=1790278459939:124:1)
    at options.factory (http://localhost:3000/_next/static/chunks/webpack.js?v=1790278459939:715:31)
    at __webpack_require__ (http://localhost:3000/_next/static/chunks/webpack.js?v=1790278459939:37:33)
    at fn (http://localhost:3000/_next/static/chunks/webpack.js?v=1790278459939:371:21)
    at  (webpack-internal:///(app-pages-browser)/./node_modules/next/dist/compiled/react-dom/cjs/react-dom.development.js:27:36)
    at  (webpack-internal:///(app-pages-browser)/./node_modules/next/dist/compiled/react-dom/cjs/react-dom.development.js:38595:5)
    at (app-pages-browser)/./node_modules/next/dist/compiled/react-dom/cjs/react-dom.development.js (http://localhost:3000/_next/static/chunks/main-app.js?v=1790278459939:1847:1)
    at options.factory (http://localhost:3000/_next/static/chunks/webpack.js?v=1790278459939:715:31)
    at __webpack_require__ (http://localhost:3000/_next/static/chunks/webpack.js?v=1790278459939:37:33)
    at fn (http://localhost:3000/_next/static/chunks/webpack.js?v=1790278459939:371:21)
    at  (webpack-internal:///(app-pages-browser)/./node_modules/next/dist/compiled/react-dom/index.js:32:20)
    at (app-pages-browser)/./node_modules/next/dist/compiled/react-dom/index.js (http://localhost:3000/_next/static/chunks/main-app.js?v=1790278459939:1869:1)
    at options.factory (http://localhost:3000/_next/static/chunks/webpack.js?v=1790278459939:715:31)
    at __webpack_require__ (http://localhost:3000/_next/static/chunks/webpack.js?v=1790278459939:37:33)
    at fn (http://localhost:3000/_next/static/chunks/webpack.js?v=1790278459939:371:21)
    at  (webpack-internal:///(app-pages-browser)/./node_modules/next/dist/compiled/react-dom/client.js:3:28)
    at (app-pages-browser)/./node_modules/next/dist/compiled/react-dom/client.js (http://localhost:3000/_next/static/chunks/main-app.js?v=1790278459939:1858:1)
    at options.factory (http://localhost:3000/_next/static/chunks/webpack.js?v=1790278459939:715:31)
    at __webpack_require__ (http://localhost:3000/_next/static/chunks/webpack.js?v=1790278459939:37:33)
    at fn (http://localhost:3000/_next/static/chunks/webpack.js?v=1790278459939:371:21)
    at  (webpack-internal:///(app-pages-browser)/./node_modules/next/dist/client/app-index.js:15:58)
    at (app-pages-browser)/./node_modules/next/dist/client/app-index.js (http://localhost:3000/_next/static/chunks/main-app.js?v=1790278459939:244:1)
    at options.factory (http://localhost:3000/_next/static/chunks/webpack.js?v=1790278459939:715:31)
    at __webpack_require__ (http://localhost:3000/_next/static/chunks/webpack.js?v=1790278459939:37:33)
    at fn (http://localhost:3000/_next/static/chunks/webpack.js?v=1790278459939:371:21)
[    3043ms] ChunkLoadError: Loading chunk _app-pages-browser_src_components_LiveTelemetryMap_tsx failed.
(error: http://localhost:3000/_next/undefined)
    at __webpack_require__.f.j (http://localhost:3000/_next/static/chunks/webpack.js?v=1790278459939:852:29)
    at __webpack_require__.e/< (http://localhost:3000/_next/static/chunks/webpack.js?v=1790278459939:155:40)
    at __webpack_require__.e (http://localhost:3000/_next/static/chunks/webpack.js?v=1790278459939:154:67)
    at createRequire/fn.e (http://localhost:3000/_next/static/chunks/webpack.js?v=1790278459939:391:50)
    at LiveTelemetryMap< (webpack-internal:///(app-pages-browser)/./src/app/overview/page.tsx:17:107)
    at Loadable/Lazy< (webpack-internal:///(app-pages-browser)/./node_modules/next/dist/shared/lib/lazy-dynamic/loadable.js:40:58)
    at lazyInitializer (webpack-internal:///(app-pages-browser)/./node_modules/next/dist/compiled/react/cjs/react.development.js:2172:20)
    at mountLazyComponent (webpack-internal:///(app-pages-browser)/./node_modules/next/dist/compiled/react-dom/cjs/react-dom.development.js:16750:23)
    at beginWork$1 (webpack-internal:///(app-pages-browser)/./node_modules/next/dist/compiled/react-dom/cjs/react-dom.development.js:18464:16)
    at beginWork (webpack-internal:///(app-pages-browser)/./node_modules/next/dist/compiled/react-dom/cjs/react-dom.development.js:26927:14)
    at performUnitOfWork (webpack-internal:///(app-pages-browser)/./node_modules/next/dist/compiled/react-dom/cjs/react-dom.development.js:25748:12)
    at workLoopSync (webpack-internal:///(app-pages-browser)/./node_modules/next/dist/compiled/react-dom/cjs/react-dom.development.js:25464:22)
    at renderRootSync (webpack-internal:///(app-pages-browser)/./node_modules/next/dist/compiled/react-dom/cjs/react-dom.development.js:25419:7)
    at recoverFromConcurrentError (webpack-internal:///(app-pages-browser)/./node_modules/next/dist/compiled/react-dom/cjs/react-dom.development.js:24597:34)
    at performConcurrentWorkOnRoot (webpack-internal:///(app-pages-browser)/./node_modules/next/dist/compiled/react-dom/cjs/react-dom.development.js:24542:26)
    at workLoop (webpack-internal:///(app-pages-browser)/./node_modules/next/dist/compiled/scheduler/cjs/scheduler.development.js:256:42)
    at flushWork (webpack-internal:///(app-pages-browser)/./node_modules/next/dist/compiled/scheduler/cjs/scheduler.development.js:225:14)
    at performWorkUntilDeadline (webpack-internal:///(app-pages-browser)/./node_modules/next/dist/compiled/scheduler/cjs/scheduler.development.js:534:21)
    at EventHandlerNonNull* (webpack-internal:///(app-pages-browser)/./node_modules/next/dist/compiled/scheduler/cjs/scheduler.development.js:569:3)
    at  (webpack-internal:///(app-pages-browser)/./node_modules/next/dist/compiled/scheduler/cjs/scheduler.development.js:630:5)
    at (app-pages-browser)/./node_modules/next/dist/compiled/scheduler/cjs/scheduler.development.js (http://localhost:3000/_next/static/chunks/main-app.js?v=1790278459939:113:1)
    at options.factory (http://localhost:3000/_next/static/chunks/webpack.js?v=1790278459939:715:31)
    at __webpack_require__ (http://localhost:3000/_next/static/chunks/webpack.js?v=1790278459939:37:33)
    at fn (http://localhost:3000/_next/static/chunks/webpack.js?v=1790278459939:371:21)
    at  (webpack-internal:///(app-pages-browser)/./node_modules/next/dist/compiled/scheduler/index.js:4:20)
    at (app-pages-browser)/./node_modules/next/dist/compiled/scheduler/index.js (http://localhost:3000/_next/static/chunks/main-app.js?v=1790278459939:124:1)
    at options.factory (http://localhost:3000/_next/static/chunks/webpack.js?v=1790278459939:715:31)
    at __webpack_require__ (http://localhost:3000/_next/static/chunks/webpack.js?v=1790278459939:37:33)
    at fn (http://localhost:3000/_next/static/chunks/webpack.js?v=1790278459939:371:21)
    at  (webpack-internal:///(app-pages-browser)/./node_modules/next/dist/compiled/react-dom/cjs/react-dom.development.js:27:36)
    at  (webpack-internal:///(app-pages-browser)/./node_modules/next/dist/compiled/react-dom/cjs/react-dom.development.js:38595:5)
    at (app-pages-browser)/./node_modules/next/dist/compiled/react-dom/cjs/react-dom.development.js (http://localhost:3000/_next/static/chunks/main-app.js?v=1790278459939:1847:1)
    at options.factory (http://localhost:3000/_next/static/chunks/webpack.js?v=1790278459939:715:31)
    at __webpack_require__ (http://localhost:3000/_next/static/chunks/webpack.js?v=1790278459939:37:33)
    at fn (http://localhost:3000/_next/static/chunks/webpack.js?v=1790278459939:371:21)
    at  (webpack-internal:///(app-pages-browser)/./node_modules/next/dist/compiled/react-dom/index.js:32:20)
    at (app-pages-browser)/./node_modules/next/dist/compiled/react-dom/index.js (http://localhost:3000/_next/static/chunks/main-app.js?v=1790278459939:1869:1)
    at options.factory (http://localhost:3000/_next/static/chunks/webpack.js?v=1790278459939:715:31)
    at __webpack_require__ (http://localhost:3000/_next/static/chunks/webpack.js?v=1790278459939:37:33)
    at fn (http://localhost:3000/_next/static/chunks/webpack.js?v=1790278459939:371:21)
    at  (webpack-internal:///(app-pages-browser)/./node_modules/next/dist/compiled/react-dom/client.js:3:28)
    at (app-pages-browser)/./node_modules/next/dist/compiled/react-dom/client.js (http://localhost:3000/_next/static/chunks/main-app.js?v=1790278459939:1858:1)
    at options.factory (http://localhost:3000/_next/static/chunks/webpack.js?v=1790278459939:715:31)
    at __webpack_require__ (http://localhost:3000/_next/static/chunks/webpack.js?v=1790278459939:37:33)
    at fn (http://localhost:3000/_next/static/chunks/webpack.js?v=1790278459939:371:21)
    at  (webpack-internal:///(app-pages-browser)/./node_modules/next/dist/client/app-index.js:15:58)
    at (app-pages-browser)/./node_modules/next/dist/client/app-index.js (http://localhost:3000/_next/static/chunks/main-app.js?v=1790278459939:244:1)
    at options.factory (http://localhost:3000/_next/static/chunks/webpack.js?v=1790278459939:715:31)
    at __webpack_require__ (http://localhost:3000/_next/static/chunks/webpack.js?v=1790278459939:37:33)
    at fn (http://localhost:3000/_next/static/chunks/webpack.js?v=1790278459939:371:21)
[    3044ms] ChunkLoadError: Loading chunk _app-pages-browser_src_components_LiveTelemetryMap_tsx failed.
(error: http://localhost:3000/_next/undefined)
    at __webpack_require__.f.j (http://localhost:3000/_next/static/chunks/webpack.js?v=1790278459939:852:29)
    at __webpack_require__.e/< (http://localhost:3000/_next/static/chunks/webpack.js?v=1790278459939:155:40)
    at __webpack_require__.e (http://localhost:3000/_next/static/chunks/webpack.js?v=1790278459939:154:67)
    at createRequire/fn.e (http://localhost:3000/_next/static/chunks/webpack.js?v=1790278459939:391:50)
    at LiveTelemetryMap< (webpack-internal:///(app-pages-browser)/./src/app/overview/page.tsx:17:107)
    at Loadable/Lazy< (webpack-internal:///(app-pages-browser)/./node_modules/next/dist/shared/lib/lazy-dynamic/loadable.js:40:58)
    at lazyInitializer (webpack-internal:///(app-pages-browser)/./node_modules/next/dist/compiled/react/cjs/react.development.js:2172:20)
    at mountLazyComponent (webpack-internal:///(app-pages-browser)/./node_modules/next/dist/compiled/react-dom/cjs/react-dom.development.js:16750:23)
    at beginWork$1 (webpack-internal:///(app-pages-browser)/./node_modules/next/dist/compiled/react-dom/cjs/react-dom.development.js:18464:16)
    at beginWork (webpack-internal:///(app-pages-browser)/./node_modules/next/dist/compiled/react-dom/cjs/react-dom.development.js:26927:14)
    at performUnitOfWork (webpack-internal:///(app-pages-browser)/./node_modules/next/dist/compiled/react-dom/cjs/react-dom.development.js:25748:12)
    at workLoopSync (webpack-internal:///(app-pages-browser)/./node_modules/next/dist/compiled/react-dom/cjs/react-dom.development.js:25464:22)
    at renderRootSync (webpack-internal:///(app-pages-browser)/./node_modules/next/dist/compiled/react-dom/cjs/react-dom.development.js:25419:7)
    at recoverFromConcurrentError (webpack-internal:///(app-pages-browser)/./node_modules/next/dist/compiled/react-dom/cjs/react-dom.development.js:24597:34)
    at performConcurrentWorkOnRoot (webpack-internal:///(app-pages-browser)/./node_modules/next/dist/compiled/react-dom/cjs/react-dom.development.js:24542:26)
    at workLoop (webpack-internal:///(app-pages-browser)/./node_modules/next/dist/compiled/scheduler/cjs/scheduler.development.js:256:42)
    at flushWork (webpack-internal:///(app-pages-browser)/./node_modules/next/dist/compiled/scheduler/cjs/scheduler.development.js:225:14)
    at performWorkUntilDeadline (webpack-internal:///(app-pages-browser)/./node_modules/next/dist/compiled/scheduler/cjs/scheduler.development.js:534:21)
    at EventHandlerNonNull* (webpack-internal:///(app-pages-browser)/./node_modules/next/dist/compiled/scheduler/cjs/scheduler.development.js:569:3)
    at  (webpack-internal:///(app-pages-browser)/./node_modules/next/dist/compiled/scheduler/cjs/scheduler.development.js:630:5)
    at (app-pages-browser)/./node_modules/next/dist/compiled/scheduler/cjs/scheduler.development.js (http://localhost:3000/_next/static/chunks/main-app.js?v=1790278459939:113:1)
    at options.factory (http://localhost:3000/_next/static/chunks/webpack.js?v=1790278459939:715:31)
    at __webpack_require__ (http://localhost:3000/_next/static/chunks/webpack.js?v=1790278459939:37:33)
    at fn (http://localhost:3000/_next/static/chunks/webpack.js?v=1790278459939:371:21)
    at  (webpack-internal:///(app-pages-browser)/./node_modules/next/dist/compiled/scheduler/index.js:4:20)
    at (app-pages-browser)/./node_modules/next/dist/compiled/scheduler/index.js (http://localhost:3000/_next/static/chunks/main-app.js?v=1790278459939:124:1)
    at options.factory (http://localhost:3000/_next/static/chunks/webpack.js?v=1790278459939:715:31)
    at __webpack_require__ (http://localhost:3000/_next/static/chunks/webpack.js?v=1790278459939:37:33)
    at fn (http://localhost:3000/_next/static/chunks/webpack.js?v=1790278459939:371:21)
    at  (webpack-internal:///(app-pages-browser)/./node_modules/next/dist/compiled/react-dom/cjs/react-dom.development.js:27:36)
    at  (webpack-internal:///(app-pages-browser)/./node_modules/next/dist/compiled/react-dom/cjs/react-dom.development.js:38595:5)
    at (app-pages-browser)/./node_modules/next/dist/compiled/react-dom/cjs/react-dom.development.js (http://localhost:3000/_next/static/chunks/main-app.js?v=1790278459939:1847:1)
    at options.factory (http://localhost:3000/_next/static/chunks/webpack.js?v=1790278459939:715:31)
    at __webpack_require__ (http://localhost:3000/_next/static/chunks/webpack.js?v=1790278459939:37:33)
    at fn (http://localhost:3000/_next/static/chunks/webpack.js?v=1790278459939:371:21)
    at  (webpack-internal:///(app-pages-browser)/./node_modules/next/dist/compiled/react-dom/index.js:32:20)
    at (app-pages-browser)/./node_modules/next/dist/compiled/react-dom/index.js (http://localhost:3000/_next/static/chunks/main-app.js?v=1790278459939:1869:1)
    at options.factory (http://localhost:3000/_next/static/chunks/webpack.js?v=1790278459939:715:31)
    at __webpack_require__ (http://localhost:3000/_next/static/chunks/webpack.js?v=1790278459939:37:33)
    at fn (http://localhost:3000/_next/static/chunks/webpack.js?v=1790278459939:371:21)
    at  (webpack-internal:///(app-pages-browser)/./node_modules/next/dist/compiled/react-dom/client.js:3:28)
    at (app-pages-browser)/./node_modules/next/dist/compiled/react-dom/client.js (http://localhost:3000/_next/static/chunks/main-app.js?v=1790278459939:1858:1)
    at options.factory (http://localhost:3000/_next/static/chunks/webpack.js?v=1790278459939:715:31)
    at __webpack_require__ (http://localhost:3000/_next/static/chunks/webpack.js?v=1790278459939:37:33)
    at fn (http://localhost:3000/_next/static/chunks/webpack.js?v=1790278459939:371:21)
    at  (webpack-internal:///(app-pages-browser)/./node_modules/next/dist/client/app-index.js:15:58)
    at (app-pages-browser)/./node_modules/next/dist/client/app-index.js (http://localhost:3000/_next/static/chunks/main-app.js?v=1790278459939:244:1)
    at options.factory (http://localhost:3000/_next/static/chunks/webpack.js?v=1790278459939:715:31)
    at __webpack_require__ (http://localhost:3000/_next/static/chunks/webpack.js?v=1790278459939:37:33)
    at fn (http://localhost:3000/_next/static/chunks/webpack.js?v=1790278459939:371:21)
[    3044ms] ChunkLoadError: Loading chunk _app-pages-browser_src_components_LiveTelemetryMap_tsx failed.
(error: http://localhost:3000/_next/undefined)
    at __webpack_require__.f.j (http://localhost:3000/_next/static/chunks/webpack.js?v=1790278459939:852:29)
    at __webpack_require__.e/< (http://localhost:3000/_next/static/chunks/webpack.js?v=1790278459939:155:40)
    at __webpack_require__.e (http://localhost:3000/_next/static/chunks/webpack.js?v=1790278459939:154:67)
    at createRequire/fn.e (http://localhost:3000/_next/static/chunks/webpack.js?v=1790278459939:391:50)
    at LiveTelemetryMap< (webpack-internal:///(app-pages-browser)/./src/app/overview/page.tsx:17:107)
    at Loadable/Lazy< (webpack-internal:///(app-pages-browser)/./node_modules/next/dist/shared/lib/lazy-dynamic/loadable.js:40:58)
    at lazyInitializer (webpack-internal:///(app-pages-browser)/./node_modules/next/dist/compiled/react/cjs/react.development.js:2172:20)
    at mountLazyComponent (webpack-internal:///(app-pages-browser)/./node_modules/next/dist/compiled/react-dom/cjs/react-dom.development.js:16750:23)
    at beginWork$1 (webpack-internal:///(app-pages-browser)/./node_modules/next/dist/compiled/react-dom/cjs/react-dom.development.js:18464:16)
    at beginWork (webpack-internal:///(app-pages-browser)/./node_modules/next/dist/compiled/react-dom/cjs/react-dom.development.js:26927:14)
    at performUnitOfWork (webpack-internal:///(app-pages-browser)/./node_modules/next/dist/compiled/react-dom/cjs/react-dom.development.js:25748:12)
    at workLoopSync (webpack-internal:///(app-pages-browser)/./node_modules/next/dist/compiled/react-dom/cjs/react-dom.development.js:25464:22)
    at renderRootSync (webpack-internal:///(app-pages-browser)/./node_modules/next/dist/compiled/react-dom/cjs/react-dom.development.js:25419:7)
    at recoverFromConcurrentError (webpack-internal:///(app-pages-browser)/./node_modules/next/dist/compiled/react-dom/cjs/react-dom.development.js:24597:34)
    at performConcurrentWorkOnRoot (webpack-internal:///(app-pages-browser)/./node_modules/next/dist/compiled/react-dom/cjs/react-dom.development.js:24542:26)
    at workLoop (webpack-internal:///(app-pages-browser)/./node_modules/next/dist/compiled/scheduler/cjs/scheduler.development.js:256:42)
    at flushWork (webpack-internal:///(app-pages-browser)/./node_modules/next/dist/compiled/scheduler/cjs/scheduler.development.js:225:14)
    at performWorkUntilDeadline (webpack-internal:///(app-pages-browser)/./node_modules/next/dist/compiled/scheduler/cjs/scheduler.development.js:534:21)
    at EventHandlerNonNull* (webpack-internal:///(app-pages-browser)/./node_modules/next/dist/compiled/scheduler/cjs/scheduler.development.js:569:3)
    at  (webpack-internal:///(app-pages-browser)/./node_modules/next/dist/compiled/scheduler/cjs/scheduler.development.js:630:5)
    at (app-pages-browser)/./node_modules/next/dist/compiled/scheduler/cjs/scheduler.development.js (http://localhost:3000/_next/static/chunks/main-app.js?v=1790278459939:113:1)
    at options.factory (http://localhost:3000/_next/static/chunks/webpack.js?v=1790278459939:715:31)
    at __webpack_require__ (http://localhost:3000/_next/static/chunks/webpack.js?v=1790278459939:37:33)
    at fn (http://localhost:3000/_next/static/chunks/webpack.js?v=1790278459939:371:21)
    at  (webpack-internal:///(app-pages-browser)/./node_modules/next/dist/compiled/scheduler/index.js:4:20)
    at (app-pages-browser)/./node_modules/next/dist/compiled/scheduler/index.js (http://localhost:3000/_next/static/chunks/main-app.js?v=1790278459939:124:1)
    at options.factory (http://localhost:3000/_next/static/chunks/webpack.js?v=1790278459939:715:31)
    at __webpack_require__ (http://localhost:3000/_next/static/chunks/webpack.js?v=1790278459939:37:33)
    at fn (http://localhost:3000/_next/static/chunks/webpack.js?v=1790278459939:371:21)
    at  (webpack-internal:///(app-pages-browser)/./node_modules/next/dist/compiled/react-dom/cjs/react-dom.development.js:27:36)
    at  (webpack-internal:///(app-pages-browser)/./node_modules/next/dist/compiled/react-dom/cjs/react-dom.development.js:38595:5)
    at (app-pages-browser)/./node_modules/next/dist/compiled/react-dom/cjs/react-dom.development.js (http://localhost:3000/_next/static/chunks/main-app.js?v=1790278459939:1847:1)
    at options.factory (http://localhost:3000/_next/static/chunks/webpack.js?v=1790278459939:715:31)
    at __webpack_require__ (http://localhost:3000/_next/static/chunks/webpack.js?v=1790278459939:37:33)
    at fn (http://localhost:3000/_next/static/chunks/webpack.js?v=1790278459939:371:21)
    at  (webpack-internal:///(app-pages-browser)/./node_modules/next/dist/compiled/react-dom/index.js:32:20)
    at (app-pages-browser)/./node_modules/next/dist/compiled/react-dom/index.js (http://localhost:3000/_next/static/chunks/main-app.js?v=1790278459939:1869:1)
    at options.factory (http://localhost:3000/_next/static/chunks/webpack.js?v=1790278459939:715:31)
    at __webpack_require__ (http://localhost:3000/_next/static/chunks/webpack.js?v=1790278459939:37:33)
    at fn (http://localhost:3000/_next/static/chunks/webpack.js?v=1790278459939:371:21)
    at  (webpack-internal:///(app-pages-browser)/./node_modules/next/dist/compiled/react-dom/client.js:3:28)
    at (app-pages-browser)/./node_modules/next/dist/compiled/react-dom/client.js (http://localhost:3000/_next/static/chunks/main-app.js?v=1790278459939:1858:1)
    at options.factory (http://localhost:3000/_next/static/chunks/webpack.js?v=1790278459939:715:31)
    at __webpack_require__ (http://localhost:3000/_next/static/chunks/webpack.js?v=1790278459939:37:33)
    at fn (http://localhost:3000/_next/static/chunks/webpack.js?v=1790278459939:371:21)
    at  (webpack-internal:///(app-pages-browser)/./node_modules/next/dist/client/app-index.js:15:58)
    at (app-pages-browser)/./node_modules/next/dist/client/app-index.js (http://localhost:3000/_next/static/chunks/main-app.js?v=1790278459939:244:1)
    at options.factory (http://localhost:3000/_next/static/chunks/webpack.js?v=1790278459939:715:31)
    at __webpack_require__ (http://localhost:3000/_next/static/chunks/webpack.js?v=1790278459939:37:33)
    at fn (http://localhost:3000/_next/static/chunks/webpack.js?v=1790278459939:371:21)
[    3051ms] ChunkLoadError: Loading chunk _app-pages-browser_src_components_LiveTelemetryMap_tsx failed.
(error: http://localhost:3000/_next/undefined)
    at __webpack_require__.f.j (http://localhost:3000/_next/static/chunks/webpack.js?v=1790278459939:852:29)
    at __webpack_require__.e/< (http://localhost:3000/_next/static/chunks/webpack.js?v=1790278459939:155:40)
    at __webpack_require__.e (http://localhost:3000/_next/static/chunks/webpack.js?v=1790278459939:154:67)
    at createRequire/fn.e (http://localhost:3000/_next/static/chunks/webpack.js?v=1790278459939:391:50)
    at LiveTelemetryMap< (webpack-internal:///(app-pages-browser)/./src/app/overview/page.tsx:17:107)
    at Loadable/Lazy< (webpack-internal:///(app-pages-browser)/./node_modules/next/dist/shared/lib/lazy-dynamic/loadable.js:40:58)
    at lazyInitializer (webpack-internal:///(app-pages-browser)/./node_modules/next/dist/compiled/react/cjs/react.development.js:2172:20)
    at mountLazyComponent (webpack-internal:///(app-pages-browser)/./node_modules/next/dist/compiled/react-dom/cjs/react-dom.development.js:16750:23)
    at beginWork$1 (webpack-internal:///(app-pages-browser)/./node_modules/next/dist/compiled/react-dom/cjs/react-dom.development.js:18464:16)
    at beginWork (webpack-internal:///(app-pages-browser)/./node_modules/next/dist/compiled/react-dom/cjs/react-dom.development.js:26927:14)
    at performUnitOfWork (webpack-internal:///(app-pages-browser)/./node_modules/next/dist/compiled/react-dom/cjs/react-dom.development.js:25748:12)
    at workLoopSync (webpack-internal:///(app-pages-browser)/./node_modules/next/dist/compiled/react-dom/cjs/react-dom.development.js:25464:22)
    at renderRootSync (webpack-internal:///(app-pages-browser)/./node_modules/next/dist/compiled/react-dom/cjs/react-dom.development.js:25419:7)
    at recoverFromConcurrentError (webpack-internal:///(app-pages-browser)/./node_modules/next/dist/compiled/react-dom/cjs/react-dom.development.js:24597:34)
    at performConcurrentWorkOnRoot (webpack-internal:///(app-pages-browser)/./node_modules/next/dist/compiled/react-dom/cjs/react-dom.development.js:24542:26)
    at workLoop (webpack-internal:///(app-pages-browser)/./node_modules/next/dist/compiled/scheduler/cjs/scheduler.development.js:256:42)
    at flushWork (webpack-internal:///(app-pages-browser)/./node_modules/next/dist/compiled/scheduler/cjs/scheduler.development.js:225:14)
    at performWorkUntilDeadline (webpack-internal:///(app-pages-browser)/./node_modules/next/dist/compiled/scheduler/cjs/scheduler.development.js:534:21)
    at EventHandlerNonNull* (webpack-internal:///(app-pages-browser)/./node_modules/next/dist/compiled/scheduler/cjs/scheduler.development.js:569:3)
    at  (webpack-internal:///(app-pages-browser)/./node_modules/next/dist/compiled/scheduler/cjs/scheduler.development.js:630:5)
    at (app-pages-browser)/./node_modules/next/dist/compiled/scheduler/cjs/scheduler.development.js (http://localhost:3000/_next/static/chunks/main-app.js?v=1790278459939:113:1)
    at options.factory (http://localhost:3000/_next/static/chunks/webpack.js?v=1790278459939:715:31)
    at __webpack_require__ (http://localhost:3000/_next/static/chunks/webpack.js?v=1790278459939:37:33)
    at fn (http://localhost:3000/_next/static/chunks/webpack.js?v=1790278459939:371:21)
    at  (webpack-internal:///(app-pages-browser)/./node_modules/next/dist/compiled/scheduler/index.js:4:20)
    at (app-pages-browser)/./node_modules/next/dist/compiled/scheduler/index.js (http://localhost:3000/_next/static/chunks/main-app.js?v=1790278459939:124:1)
    at options.factory (http://localhost:3000/_next/static/chunks/webpack.js?v=1790278459939:715:31)
    at __webpack_require__ (http://localhost:3000/_next/static/chunks/webpack.js?v=1790278459939:37:33)
    at fn (http://localhost:3000/_next/static/chunks/webpack.js?v=1790278459939:371:21)
    at  (webpack-internal:///(app-pages-browser)/./node_modules/next/dist/compiled/react-dom/cjs/react-dom.development.js:27:36)
    at  (webpack-internal:///(app-pages-browser)/./node_modules/next/dist/compiled/react-dom/cjs/react-dom.development.js:38595:5)
    at (app-pages-browser)/./node_modules/next/dist/compiled/react-dom/cjs/react-dom.development.js (http://localhost:3000/_next/static/chunks/main-app.js?v=1790278459939:1847:1)
    at options.factory (http://localhost:3000/_next/static/chunks/webpack.js?v=1790278459939:715:31)
    at __webpack_require__ (http://localhost:3000/_next/static/chunks/webpack.js?v=1790278459939:37:33)
    at fn (http://localhost:3000/_next/static/chunks/webpack.js?v=1790278459939:371:21)
    at  (webpack-internal:///(app-pages-browser)/./node_modules/next/dist/compiled/react-dom/index.js:32:20)
    at (app-pages-browser)/./node_modules/next/dist/compiled/react-dom/index.js (http://localhost:3000/_next/static/chunks/main-app.js?v=1790278459939:1869:1)
    at options.factory (http://localhost:3000/_next/static/chunks/webpack.js?v=1790278459939:715:31)
    at __webpack_require__ (http://localhost:3000/_next/static/chunks/webpack.js?v=1790278459939:37:33)
    at fn (http://localhost:3000/_next/static/chunks/webpack.js?v=1790278459939:371:21)
    at  (webpack-internal:///(app-pages-browser)/./node_modules/next/dist/compiled/react-dom/client.js:3:28)
    at (app-pages-browser)/./node_modules/next/dist/compiled/react-dom/client.js (http://localhost:3000/_next/static/chunks/main-app.js?v=1790278459939:1858:1)
    at options.factory (http://localhost:3000/_next/static/chunks/webpack.js?v=1790278459939:715:31)
    at __webpack_require__ (http://localhost:3000/_next/static/chunks/webpack.js?v=1790278459939:37:33)
    at fn (http://localhost:3000/_next/static/chunks/webpack.js?v=1790278459939:371:21)
    at  (webpack-internal:///(app-pages-browser)/./node_modules/next/dist/client/app-index.js:15:58)
    at (app-pages-browser)/./node_modules/next/dist/client/app-index.js (http://localhost:3000/_next/static/chunks/main-app.js?v=1790278459939:244:1)
    at options.factory (http://localhost:3000/_next/static/chunks/webpack.js?v=1790278459939:715:31)
    at __webpack_require__ (http://localhost:3000/_next/static/chunks/webpack.js?v=1790278459939:37:33)
    at fn (http://localhost:3000/_next/static/chunks/webpack.js?v=1790278459939:371:21)
[    3053ms] ChunkLoadError: Loading chunk _app-pages-browser_src_components_LiveTelemetryMap_tsx failed.
(error: http://localhost:3000/_next/undefined)
    at __webpack_require__.f.j (http://localhost:3000/_next/static/chunks/webpack.js?v=1790278459939:852:29)
    at __webpack_require__.e/< (http://localhost:3000/_next/static/chunks/webpack.js?v=1790278459939:155:40)
    at __webpack_require__.e (http://localhost:3000/_next/static/chunks/webpack.js?v=1790278459939:154:67)
    at createRequire/fn.e (http://localhost:3000/_next/static/chunks/webpack.js?v=1790278459939:391:50)
    at LiveTelemetryMap< (webpack-internal:///(app-pages-browser)/./src/app/overview/page.tsx:17:107)
    at Loadable/Lazy< (webpack-internal:///(app-pages-browser)/./node_modules/next/dist/shared/lib/lazy-dynamic/loadable.js:40:58)
    at lazyInitializer (webpack-internal:///(app-pages-browser)/./node_modules/next/dist/compiled/react/cjs/react.development.js:2172:20)
    at mountLazyComponent (webpack-internal:///(app-pages-browser)/./node_modules/next/dist/compiled/react-dom/cjs/react-dom.development.js:16750:23)
    at beginWork$1 (webpack-internal:///(app-pages-browser)/./node_modules/next/dist/compiled/react-dom/cjs/react-dom.development.js:18464:16)
    at beginWork (webpack-internal:///(app-pages-browser)/./node_modules/next/dist/compiled/react-dom/cjs/react-dom.development.js:26927:14)
    at performUnitOfWork (webpack-internal:///(app-pages-browser)/./node_modules/next/dist/compiled/react-dom/cjs/react-dom.development.js:25748:12)
    at workLoopSync (webpack-internal:///(app-pages-browser)/./node_modules/next/dist/compiled/react-dom/cjs/react-dom.development.js:25464:22)
    at renderRootSync (webpack-internal:///(app-pages-browser)/./node_modules/next/dist/compiled/react-dom/cjs/react-dom.development.js:25419:7)
    at recoverFromConcurrentError (webpack-internal:///(app-pages-browser)/./node_modules/next/dist/compiled/react-dom/cjs/react-dom.development.js:24597:34)
    at performConcurrentWorkOnRoot (webpack-internal:///(app-pages-browser)/./node_modules/next/dist/compiled/react-dom/cjs/react-dom.development.js:24542:26)
    at workLoop (webpack-internal:///(app-pages-browser)/./node_modules/next/dist/compiled/scheduler/cjs/scheduler.development.js:256:42)
    at flushWork (webpack-internal:///(app-pages-browser)/./node_modules/next/dist/compiled/scheduler/cjs/scheduler.development.js:225:14)
    at performWorkUntilDeadline (webpack-internal:///(app-pages-browser)/./node_modules/next/dist/compiled/scheduler/cjs/scheduler.development.js:534:21)
    at EventHandlerNonNull* (webpack-internal:///(app-pages-browser)/./node_modules/next/dist/compiled/scheduler/cjs/scheduler.development.js:569:3)
    at  (webpack-internal:///(app-pages-browser)/./node_modules/next/dist/compiled/scheduler/cjs/scheduler.development.js:630:5)
    at (app-pages-browser)/./node_modules/next/dist/compiled/scheduler/cjs/scheduler.development.js (http://localhost:3000/_next/static/chunks/main-app.js?v=1790278459939:113:1)
    at options.factory (http://localhost:3000/_next/static/chunks/webpack.js?v=1790278459939:715:31)
    at __webpack_require__ (http://localhost:3000/_next/static/chunks/webpack.js?v=1790278459939:37:33)
    at fn (http://localhost:3000/_next/static/chunks/webpack.js?v=1790278459939:371:21)
    at  (webpack-internal:///(app-pages-browser)/./node_modules/next/dist/compiled/scheduler/index.js:4:20)
    at (app-pages-browser)/./node_modules/next/dist/compiled/scheduler/index.js (http://localhost:3000/_next/static/chunks/main-app.js?v=1790278459939:124:1)
    at options.factory (http://localhost:3000/_next/static/chunks/webpack.js?v=1790278459939:715:31)
    at __webpack_require__ (http://localhost:3000/_next/static/chunks/webpack.js?v=1790278459939:37:33)
    at fn (http://localhost:3000/_next/static/chunks/webpack.js?v=1790278459939:371:21)
    at  (webpack-internal:///(app-pages-browser)/./node_modules/next/dist/compiled/react-dom/cjs/react-dom.development.js:27:36)
    at  (webpack-internal:///(app-pages-browser)/./node_modules/next/dist/compiled/react-dom/cjs/react-dom.development.js:38595:5)
    at (app-pages-browser)/./node_modules/next/dist/compiled/react-dom/cjs/react-dom.development.js (http://localhost:3000/_next/static/chunks/main-app.js?v=1790278459939:1847:1)
    at options.factory (http://localhost:3000/_next/static/chunks/webpack.js?v=1790278459939:715:31)
    at __webpack_require__ (http://localhost:3000/_next/static/chunks/webpack.js?v=1790278459939:37:33)
    at fn (http://localhost:3000/_next/static/chunks/webpack.js?v=1790278459939:371:21)
    at  (webpack-internal:///(app-pages-browser)/./node_modules/next/dist/compiled/react-dom/index.js:32:20)
    at (app-pages-browser)/./node_modules/next/dist/compiled/react-dom/index.js (http://localhost:3000/_next/static/chunks/main-app.js?v=1790278459939:1869:1)
    at options.factory (http://localhost:3000/_next/static/chunks/webpack.js?v=1790278459939:715:31)
    at __webpack_require__ (http://localhost:3000/_next/static/chunks/webpack.js?v=1790278459939:37:33)
    at fn (http://localhost:3000/_next/static/chunks/webpack.js?v=1790278459939:371:21)
    at  (webpack-internal:///(app-pages-browser)/./node_modules/next/dist/compiled/react-dom/client.js:3:28)
    at (app-pages-browser)/./node_modules/next/dist/compiled/react-dom/client.js (http://localhost:3000/_next/static/chunks/main-app.js?v=1790278459939:1858:1)
    at options.factory (http://localhost:3000/_next/static/chunks/webpack.js?v=1790278459939:715:31)
    at __webpack_require__ (http://localhost:3000/_next/static/chunks/webpack.js?v=1790278459939:37:33)
    at fn (http://localhost:3000/_next/static/chunks/webpack.js?v=1790278459939:371:21)
    at  (webpack-internal:///(app-pages-browser)/./node_modules/next/dist/client/app-index.js:15:58)
    at (app-pages-browser)/./node_modules/next/dist/client/app-index.js (http://localhost:3000/_next/static/chunks/main-app.js?v=1790278459939:244:1)
    at options.factory (http://localhost:3000/_next/static/chunks/webpack.js?v=1790278459939:715:31)
    at __webpack_require__ (http://localhost:3000/_next/static/chunks/webpack.js?v=1790278459939:37:33)
    at fn (http://localhost:3000/_next/static/chunks/webpack.js?v=1790278459939:371:21)
[    3053ms] ChunkLoadError: Loading chunk _app-pages-browser_src_components_LiveTelemetryMap_tsx failed.
(error: http://localhost:3000/_next/undefined)
    at __webpack_require__.f.j (http://localhost:3000/_next/static/chunks/webpack.js?v=1790278459939:852:29)
    at __webpack_require__.e/< (http://localhost:3000/_next/static/chunks/webpack.js?v=1790278459939:155:40)
    at __webpack_require__.e (http://localhost:3000/_next/static/chunks/webpack.js?v=1790278459939:154:67)
    at createRequire/fn.e (http://localhost:3000/_next/static/chunks/webpack.js?v=1790278459939:391:50)
    at LiveTelemetryMap< (webpack-internal:///(app-pages-browser)/./src/app/overview/page.tsx:17:107)
    at Loadable/Lazy< (webpack-internal:///(app-pages-browser)/./node_modules/next/dist/shared/lib/lazy-dynamic/loadable.js:40:58)
    at lazyInitializer (webpack-internal:///(app-pages-browser)/./node_modules/next/dist/compiled/react/cjs/react.development.js:2172:20)
    at mountLazyComponent (webpack-internal:///(app-pages-browser)/./node_modules/next/dist/compiled/react-dom/cjs/react-dom.development.js:16750:23)
    at beginWork$1 (webpack-internal:///(app-pages-browser)/./node_modules/next/dist/compiled/react-dom/cjs/react-dom.development.js:18464:16)
    at beginWork (webpack-internal:///(app-pages-browser)/./node_modules/next/dist/compiled/react-dom/cjs/react-dom.development.js:26927:14)
    at performUnitOfWork (webpack-internal:///(app-pages-browser)/./node_modules/next/dist/compiled/react-dom/cjs/react-dom.development.js:25748:12)
    at workLoopSync (webpack-internal:///(app-pages-browser)/./node_modules/next/dist/compiled/react-dom/cjs/react-dom.development.js:25464:22)
    at renderRootSync (webpack-internal:///(app-pages-browser)/./node_modules/next/dist/compiled/react-dom/cjs/react-dom.development.js:25419:7)
    at recoverFromConcurrentError (webpack-internal:///(app-pages-browser)/./node_modules/next/dist/compiled/react-dom/cjs/react-dom.development.js:24597:34)
    at performConcurrentWorkOnRoot (webpack-internal:///(app-pages-browser)/./node_modules/next/dist/compiled/react-dom/cjs/react-dom.development.js:24542:26)
    at workLoop (webpack-internal:///(app-pages-browser)/./node_modules/next/dist/compiled/scheduler/cjs/scheduler.development.js:256:42)
    at flushWork (webpack-internal:///(app-pages-browser)/./node_modules/next/dist/compiled/scheduler/cjs/scheduler.development.js:225:14)
    at performWorkUntilDeadline (webpack-internal:///(app-pages-browser)/./node_modules/next/dist/compiled/scheduler/cjs/scheduler.development.js:534:21)
    at EventHandlerNonNull* (webpack-internal:///(app-pages-browser)/./node_modules/next/dist/compiled/scheduler/cjs/scheduler.development.js:569:3)
    at  (webpack-internal:///(app-pages-browser)/./node_modules/next/dist/compiled/scheduler/cjs/scheduler.development.js:630:5)
    at (app-pages-browser)/./node_modules/next/dist/compiled/scheduler/cjs/scheduler.development.js (http://localhost:3000/_next/static/chunks/main-app.js?v=1790278459939:113:1)
    at options.factory (http://localhost:3000/_next/static/chunks/webpack.js?v=1790278459939:715:31)
    at __webpack_require__ (http://localhost:3000/_next/static/chunks/webpack.js?v=1790278459939:37:33)
    at fn (http://localhost:3000/_next/static/chunks/webpack.js?v=1790278459939:371:21)
    at  (webpack-internal:///(app-pages-browser)/./node_modules/next/dist/compiled/scheduler/index.js:4:20)
    at (app-pages-browser)/./node_modules/next/dist/compiled/scheduler/index.js (http://localhost:3000/_next/static/chunks/main-app.js?v=1790278459939:124:1)
    at options.factory (http://localhost:3000/_next/static/chunks/webpack.js?v=1790278459939:715:31)
    at __webpack_require__ (http://localhost:3000/_next/static/chunks/webpack.js?v=1790278459939:37:33)
    at fn (http://localhost:3000/_next/static/chunks/webpack.js?v=1790278459939:371:21)
    at  (webpack-internal:///(app-pages-browser)/./node_modules/next/dist/compiled/react-dom/cjs/react-dom.development.js:27:36)
    at  (webpack-internal:///(app-pages-browser)/./node_modules/next/dist/compiled/react-dom/cjs/react-dom.development.js:38595:5)
    at (app-pages-browser)/./node_modules/next/dist/compiled/react-dom/cjs/react-dom.development.js (http://localhost:3000/_next/static/chunks/main-app.js?v=1790278459939:1847:1)
    at options.factory (http://localhost:3000/_next/static/chunks/webpack.js?v=1790278459939:715:31)
    at __webpack_require__ (http://localhost:3000/_next/static/chunks/webpack.js?v=1790278459939:37:33)
    at fn (http://localhost:3000/_next/static/chunks/webpack.js?v=1790278459939:371:21)
    at  (webpack-internal:///(app-pages-browser)/./node_modules/next/dist/compiled/react-dom/index.js:32:20)
    at (app-pages-browser)/./node_modules/next/dist/compiled/react-dom/index.js (http://localhost:3000/_next/static/chunks/main-app.js?v=1790278459939:1869:1)
    at options.factory (http://localhost:3000/_next/static/chunks/webpack.js?v=1790278459939:715:31)
    at __webpack_require__ (http://localhost:3000/_next/static/chunks/webpack.js?v=1790278459939:37:33)
    at fn (http://localhost:3000/_next/static/chunks/webpack.js?v=1790278459939:371:21)
    at  (webpack-internal:///(app-pages-browser)/./node_modules/next/dist/compiled/react-dom/client.js:3:28)
    at (app-pages-browser)/./node_modules/next/dist/compiled/react-dom/client.js (http://localhost:3000/_next/static/chunks/main-app.js?v=1790278459939:1858:1)
    at options.factory (http://localhost:3000/_next/static/chunks/webpack.js?v=1790278459939:715:31)
    at __webpack_require__ (http://localhost:3000/_next/static/chunks/webpack.js?v=1790278459939:37:33)
    at fn (http://localhost:3000/_next/static/chunks/webpack.js?v=1790278459939:371:21)
    at  (webpack-internal:///(app-pages-browser)/./node_modules/next/dist/client/app-index.js:15:58)
    at (app-pages-browser)/./node_modules/next/dist/client/app-index.js (http://localhost:3000/_next/static/chunks/main-app.js?v=1790278459939:244:1)
    at options.factory (http://localhost:3000/_next/static/chunks/webpack.js?v=1790278459939:715:31)
    at __webpack_require__ (http://localhost:3000/_next/static/chunks/webpack.js?v=1790278459939:37:33)
    at fn (http://localhost:3000/_next/static/chunks/webpack.js?v=1790278459939:371:21)
[    3053ms] ChunkLoadError: Loading chunk _app-pages-browser_src_components_LiveTelemetryMap_tsx failed.
(error: http://localhost:3000/_next/undefined)
    at __webpack_require__.f.j (http://localhost:3000/_next/static/chunks/webpack.js?v=1790278459939:852:29)
    at __webpack_require__.e/< (http://localhost:3000/_next/static/chunks/webpack.js?v=1790278459939:155:40)
    at __webpack_require__.e (http://localhost:3000/_next/static/chunks/webpack.js?v=1790278459939:154:67)
    at createRequire/fn.e (http://localhost:3000/_next/static/chunks/webpack.js?v=1790278459939:391:50)
    at LiveTelemetryMap< (webpack-internal:///(app-pages-browser)/./src/app/overview/page.tsx:17:107)
    at Loadable/Lazy< (webpack-internal:///(app-pages-browser)/./node_modules/next/dist/shared/lib/lazy-dynamic/loadable.js:40:58)
    at lazyInitializer (webpack-internal:///(app-pages-browser)/./node_modules/next/dist/compiled/react/cjs/react.development.js:2172:20)
    at mountLazyComponent (webpack-internal:///(app-pages-browser)/./node_modules/next/dist/compiled/react-dom/cjs/react-dom.development.js:16750:23)
    at beginWork$1 (webpack-internal:///(app-pages-browser)/./node_modules/next/dist/compiled/react-dom/cjs/react-dom.development.js:18464:16)
    at beginWork (webpack-internal:///(app-pages-browser)/./node_modules/next/dist/compiled/react-dom/cjs/react-dom.development.js:26927:14)
    at performUnitOfWork (webpack-internal:///(app-pages-browser)/./node_modules/next/dist/compiled/react-dom/cjs/react-dom.development.js:25748:12)
    at workLoopSync (webpack-internal:///(app-pages-browser)/./node_modules/next/dist/compiled/react-dom/cjs/react-dom.development.js:25464:22)
    at renderRootSync (webpack-internal:///(app-pages-browser)/./node_modules/next/dist/compiled/react-dom/cjs/react-dom.development.js:25419:7)
    at recoverFromConcurrentError (webpack-internal:///(app-pages-browser)/./node_modules/next/dist/compiled/react-dom/cjs/react-dom.development.js:24597:34)
    at performConcurrentWorkOnRoot (webpack-internal:///(app-pages-browser)/./node_modules/next/dist/compiled/react-dom/cjs/react-dom.development.js:24542:26)
    at workLoop (webpack-internal:///(app-pages-browser)/./node_modules/next/dist/compiled/scheduler/cjs/scheduler.development.js:256:42)
    at flushWork (webpack-internal:///(app-pages-browser)/./node_modules/next/dist/compiled/scheduler/cjs/scheduler.development.js:225:14)
    at performWorkUntilDeadline (webpack-internal:///(app-pages-browser)/./node_modules/next/dist/compiled/scheduler/cjs/scheduler.development.js:534:21)
    at EventHandlerNonNull* (webpack-internal:///(app-pages-browser)/./node_modules/next/dist/compiled/scheduler/cjs/scheduler.development.js:569:3)
    at  (webpack-internal:///(app-pages-browser)/./node_modules/next/dist/compiled/scheduler/cjs/scheduler.development.js:630:5)
    at (app-pages-browser)/./node_modules/next/dist/compiled/scheduler/cjs/scheduler.development.js (http://localhost:3000/_next/static/chunks/main-app.js?v=1790278459939:113:1)
    at options.factory (http://localhost:3000/_next/static/chunks/webpack.js?v=1790278459939:715:31)
    at __webpack_require__ (http://localhost:3000/_next/static/chunks/webpack.js?v=1790278459939:37:33)
    at fn (http://localhost:3000/_next/static/chunks/webpack.js?v=1790278459939:371:21)
    at  (webpack-internal:///(app-pages-browser)/./node_modules/next/dist/compiled/scheduler/index.js:4:20)
    at (app-pages-browser)/./node_modules/next/dist/compiled/scheduler/index.js (http://localhost:3000/_next/static/chunks/main-app.js?v=1790278459939:124:1)
    at options.factory (http://localhost:3000/_next/static/chunks/webpack.js?v=1790278459939:715:31)
    at __webpack_require__ (http://localhost:3000/_next/static/chunks/webpack.js?v=1790278459939:37:33)
    at fn (http://localhost:3000/_next/static/chunks/webpack.js?v=1790278459939:371:21)
    at  (webpack-internal:///(app-pages-browser)/./node_modules/next/dist/compiled/react-dom/cjs/react-dom.development.js:27:36)
    at  (webpack-internal:///(app-pages-browser)/./node_modules/next/dist/compiled/react-dom/cjs/react-dom.development.js:38595:5)
    at (app-pages-browser)/./node_modules/next/dist/compiled/react-dom/cjs/react-dom.development.js (http://localhost:3000/_next/static/chunks/main-app.js?v=1790278459939:1847:1)
    at options.factory (http://localhost:3000/_next/static/chunks/webpack.js?v=1790278459939:715:31)
    at __webpack_require__ (http://localhost:3000/_next/static/chunks/webpack.js?v=1790278459939:37:33)
    at fn (http://localhost:3000/_next/static/chunks/webpack.js?v=1790278459939:371:21)
    at  (webpack-internal:///(app-pages-browser)/./node_modules/next/dist/compiled/react-dom/index.js:32:20)
    at (app-pages-browser)/./node_modules/next/dist/compiled/react-dom/index.js (http://localhost:3000/_next/static/chunks/main-app.js?v=1790278459939:1869:1)
    at options.factory (http://localhost:3000/_next/static/chunks/webpack.js?v=1790278459939:715:31)
    at __webpack_require__ (http://localhost:3000/_next/static/chunks/webpack.js?v=1790278459939:37:33)
    at fn (http://localhost:3000/_next/static/chunks/webpack.js?v=1790278459939:371:21)
    at  (webpack-internal:///(app-pages-browser)/./node_modules/next/dist/compiled/react-dom/client.js:3:28)
    at (app-pages-browser)/./node_modules/next/dist/compiled/react-dom/client.js (http://localhost:3000/_next/static/chunks/main-app.js?v=1790278459939:1858:1)
    at options.factory (http://localhost:3000/_next/static/chunks/webpack.js?v=1790278459939:715:31)
    at __webpack_require__ (http://localhost:3000/_next/static/chunks/webpack.js?v=1790278459939:37:33)
    at fn (http://localhost:3000/_next/static/chunks/webpack.js?v=1790278459939:371:21)
    at  (webpack-internal:///(app-pages-browser)/./node_modules/next/dist/client/app-index.js:15:58)
    at (app-pages-browser)/./node_modules/next/dist/client/app-index.js (http://localhost:3000/_next/static/chunks/main-app.js?v=1790278459939:244:1)
    at options.factory (http://localhost:3000/_next/static/chunks/webpack.js?v=1790278459939:715:31)
    at __webpack_require__ (http://localhost:3000/_next/static/chunks/webpack.js?v=1790278459939:37:33)
    at fn (http://localhost:3000/_next/static/chunks/webpack.js?v=1790278459939:371:21)
[    3053ms] ChunkLoadError: Loading chunk _app-pages-browser_src_components_LiveTelemetryMap_tsx failed.
(error: http://localhost:3000/_next/undefined)
    at __webpack_require__.f.j (http://localhost:3000/_next/static/chunks/webpack.js?v=1790278459939:852:29)
    at __webpack_require__.e/< (http://localhost:3000/_next/static/chunks/webpack.js?v=1790278459939:155:40)
    at __webpack_require__.e (http://localhost:3000/_next/static/chunks/webpack.js?v=1790278459939:154:67)
    at createRequire/fn.e (http://localhost:3000/_next/static/chunks/webpack.js?v=1790278459939:391:50)
    at LiveTelemetryMap< (webpack-internal:///(app-pages-browser)/./src/app/overview/page.tsx:17:107)
    at Loadable/Lazy< (webpack-internal:///(app-pages-browser)/./node_modules/next/dist/shared/lib/lazy-dynamic/loadable.js:40:58)
    at lazyInitializer (webpack-internal:///(app-pages-browser)/./node_modules/next/dist/compiled/react/cjs/react.development.js:2172:20)
    at mountLazyComponent (webpack-internal:///(app-pages-browser)/./node_modules/next/dist/compiled/react-dom/cjs/react-dom.development.js:16750:23)
    at beginWork$1 (webpack-internal:///(app-pages-browser)/./node_modules/next/dist/compiled/react-dom/cjs/react-dom.development.js:18464:16)
    at beginWork (webpack-internal:///(app-pages-browser)/./node_modules/next/dist/compiled/react-dom/cjs/react-dom.development.js:26927:14)
    at performUnitOfWork (webpack-internal:///(app-pages-browser)/./node_modules/next/dist/compiled/react-dom/cjs/react-dom.development.js:25748:12)
    at workLoopSync (webpack-internal:///(app-pages-browser)/./node_modules/next/dist/compiled/react-dom/cjs/react-dom.development.js:25464:22)
    at renderRootSync (webpack-internal:///(app-pages-browser)/./node_modules/next/dist/compiled/react-dom/cjs/react-dom.development.js:25419:7)
    at recoverFromConcurrentError (webpack-internal:///(app-pages-browser)/./node_modules/next/dist/compiled/react-dom/cjs/react-dom.development.js:24597:34)
    at performConcurrentWorkOnRoot (webpack-internal:///(app-pages-browser)/./node_modules/next/dist/compiled/react-dom/cjs/react-dom.development.js:24542:26)
    at workLoop (webpack-internal:///(app-pages-browser)/./node_modules/next/dist/compiled/scheduler/cjs/scheduler.development.js:256:42)
    at flushWork (webpack-internal:///(app-pages-browser)/./node_modules/next/dist/compiled/scheduler/cjs/scheduler.development.js:225:14)
    at performWorkUntilDeadline (webpack-internal:///(app-pages-browser)/./node_modules/next/dist/compiled/scheduler/cjs/scheduler.development.js:534:21)
    at EventHandlerNonNull* (webpack-internal:///(app-pages-browser)/./node_modules/next/dist/compiled/scheduler/cjs/scheduler.development.js:569:3)
    at  (webpack-internal:///(app-pages-browser)/./node_modules/next/dist/compiled/scheduler/cjs/scheduler.development.js:630:5)
    at (app-pages-browser)/./node_modules/next/dist/compiled/scheduler/cjs/scheduler.development.js (http://localhost:3000/_next/static/chunks/main-app.js?v=1790278459939:113:1)
    at options.factory (http://localhost:3000/_next/static/chunks/webpack.js?v=1790278459939:715:31)
    at __webpack_require__ (http://localhost:3000/_next/static/chunks/webpack.js?v=1790278459939:37:33)
    at fn (http://localhost:3000/_next/static/chunks/webpack.js?v=1790278459939:371:21)
    at  (webpack-internal:///(app-pages-browser)/./node_modules/next/dist/compiled/scheduler/index.js:4:20)
    at (app-pages-browser)/./node_modules/next/dist/compiled/scheduler/index.js (http://localhost:3000/_next/static/chunks/main-app.js?v=1790278459939:124:1)
    at options.factory (http://localhost:3000/_next/static/chunks/webpack.js?v=1790278459939:715:31)
    at __webpack_require__ (http://localhost:3000/_next/static/chunks/webpack.js?v=1790278459939:37:33)
    at fn (http://localhost:3000/_next/static/chunks/webpack.js?v=1790278459939:371:21)
    at  (webpack-internal:///(app-pages-browser)/./node_modules/next/dist/compiled/react-dom/cjs/react-dom.development.js:27:36)
    at  (webpack-internal:///(app-pages-browser)/./node_modules/next/dist/compiled/react-dom/cjs/react-dom.development.js:38595:5)
    at (app-pages-browser)/./node_modules/next/dist/compiled/react-dom/cjs/react-dom.development.js (http://localhost:3000/_next/static/chunks/main-app.js?v=1790278459939:1847:1)
    at options.factory (http://localhost:3000/_next/static/chunks/webpack.js?v=1790278459939:715:31)
    at __webpack_require__ (http://localhost:3000/_next/static/chunks/webpack.js?v=1790278459939:37:33)
    at fn (http://localhost:3000/_next/static/chunks/webpack.js?v=1790278459939:371:21)
    at  (webpack-internal:///(app-pages-browser)/./node_modules/next/dist/compiled/react-dom/index.js:32:20)
    at (app-pages-browser)/./node_modules/next/dist/compiled/react-dom/index.js (http://localhost:3000/_next/static/chunks/main-app.js?v=1790278459939:1869:1)
    at options.factory (http://localhost:3000/_next/static/chunks/webpack.js?v=1790278459939:715:31)
    at __webpack_require__ (http://localhost:3000/_next/static/chunks/webpack.js?v=1790278459939:37:33)
    at fn (http://localhost:3000/_next/static/chunks/webpack.js?v=1790278459939:371:21)
    at  (webpack-internal:///(app-pages-browser)/./node_modules/next/dist/compiled/react-dom/client.js:3:28)
    at (app-pages-browser)/./node_modules/next/dist/compiled/react-dom/client.js (http://localhost:3000/_next/static/chunks/main-app.js?v=1790278459939:1858:1)
    at options.factory (http://localhost:3000/_next/static/chunks/webpack.js?v=1790278459939:715:31)
    at __webpack_require__ (http://localhost:3000/_next/static/chunks/webpack.js?v=1790278459939:37:33)
    at fn (http://localhost:3000/_next/static/chunks/webpack.js?v=1790278459939:371:21)
    at  (webpack-internal:///(app-pages-browser)/./node_modules/next/dist/client/app-index.js:15:58)
    at (app-pages-browser)/./node_modules/next/dist/client/app-index.js (http://localhost:3000/_next/static/chunks/main-app.js?v=1790278459939:244:1)
    at options.factory (http://localhost:3000/_next/static/chunks/webpack.js?v=1790278459939:715:31)
    at __webpack_require__ (http://localhost:3000/_next/static/chunks/webpack.js?v=1790278459939:37:33)
    at fn (http://localhost:3000/_next/static/chunks/webpack.js?v=1790278459939:371:21)
[    3053ms] ChunkLoadError: Loading chunk _app-pages-browser_src_components_LiveTelemetryMap_tsx failed.
(error: http://localhost:3000/_next/undefined)
    at __webpack_require__.f.j (http://localhost:3000/_next/static/chunks/webpack.js?v=1790278459939:852:29)
    at __webpack_require__.e/< (http://localhost:3000/_next/static/chunks/webpack.js?v=1790278459939:155:40)
    at __webpack_require__.e (http://localhost:3000/_next/static/chunks/webpack.js?v=1790278459939:154:67)
    at createRequire/fn.e (http://localhost:3000/_next/static/chunks/webpack.js?v=1790278459939:391:50)
    at LiveTelemetryMap< (webpack-internal:///(app-pages-browser)/./src/app/overview/page.tsx:17:107)
    at Loadable/Lazy< (webpack-internal:///(app-pages-browser)/./node_modules/next/dist/shared/lib/lazy-dynamic/loadable.js:40:58)
    at lazyInitializer (webpack-internal:///(app-pages-browser)/./node_modules/next/dist/compiled/react/cjs/react.development.js:2172:20)
    at mountLazyComponent (webpack-internal:///(app-pages-browser)/./node_modules/next/dist/compiled/react-dom/cjs/react-dom.development.js:16750:23)
    at beginWork$1 (webpack-internal:///(app-pages-browser)/./node_modules/next/dist/compiled/react-dom/cjs/react-dom.development.js:18464:16)
    at beginWork (webpack-internal:///(app-pages-browser)/./node_modules/next/dist/compiled/react-dom/cjs/react-dom.development.js:26927:14)
    at performUnitOfWork (webpack-internal:///(app-pages-browser)/./node_modules/next/dist/compiled/react-dom/cjs/react-dom.development.js:25748:12)
    at workLoopSync (webpack-internal:///(app-pages-browser)/./node_modules/next/dist/compiled/react-dom/cjs/react-dom.development.js:25464:22)
    at renderRootSync (webpack-internal:///(app-pages-browser)/./node_modules/next/dist/compiled/react-dom/cjs/react-dom.development.js:25419:7)
    at recoverFromConcurrentError (webpack-internal:///(app-pages-browser)/./node_modules/next/dist/compiled/react-dom/cjs/react-dom.development.js:24597:34)
    at performConcurrentWorkOnRoot (webpack-internal:///(app-pages-browser)/./node_modules/next/dist/compiled/react-dom/cjs/react-dom.development.js:24542:26)
    at workLoop (webpack-internal:///(app-pages-browser)/./node_modules/next/dist/compiled/scheduler/cjs/scheduler.development.js:256:42)
    at flushWork (webpack-internal:///(app-pages-browser)/./node_modules/next/dist/compiled/scheduler/cjs/scheduler.development.js:225:14)
    at performWorkUntilDeadline (webpack-internal:///(app-pages-browser)/./node_modules/next/dist/compiled/scheduler/cjs/scheduler.development.js:534:21)
    at EventHandlerNonNull* (webpack-internal:///(app-pages-browser)/./node_modules/next/dist/compiled/scheduler/cjs/scheduler.development.js:569:3)
    at  (webpack-internal:///(app-pages-browser)/./node_modules/next/dist/compiled/scheduler/cjs/scheduler.development.js:630:5)
    at (app-pages-browser)/./node_modules/next/dist/compiled/scheduler/cjs/scheduler.development.js (http://localhost:3000/_next/static/chunks/main-app.js?v=1790278459939:113:1)
    at options.factory (http://localhost:3000/_next/static/chunks/webpack.js?v=1790278459939:715:31)
    at __webpack_require__ (http://localhost:3000/_next/static/chunks/webpack.js?v=1790278459939:37:33)
    at fn (http://localhost:3000/_next/static/chunks/webpack.js?v=1790278459939:371:21)
    at  (webpack-internal:///(app-pages-browser)/./node_modules/next/dist/compiled/scheduler/index.js:4:20)
    at (app-pages-browser)/./node_modules/next/dist/compiled/scheduler/index.js (http://localhost:3000/_next/static/chunks/main-app.js?v=1790278459939:124:1)
    at options.factory (http://localhost:3000/_next/static/chunks/webpack.js?v=1790278459939:715:31)
    at __webpack_require__ (http://localhost:3000/_next/static/chunks/webpack.js?v=1790278459939:37:33)
    at fn (http://localhost:3000/_next/static/chunks/webpack.js?v=1790278459939:371:21)
    at  (webpack-internal:///(app-pages-browser)/./node_modules/next/dist/compiled/react-dom/cjs/react-dom.development.js:27:36)
    at  (webpack-internal:///(app-pages-browser)/./node_modules/next/dist/compiled/react-dom/cjs/react-dom.development.js:38595:5)
    at (app-pages-browser)/./node_modules/next/dist/compiled/react-dom/cjs/react-dom.development.js (http://localhost:3000/_next/static/chunks/main-app.js?v=1790278459939:1847:1)
    at options.factory (http://localhost:3000/_next/static/chunks/webpack.js?v=1790278459939:715:31)
    at __webpack_require__ (http://localhost:3000/_next/static/chunks/webpack.js?v=1790278459939:37:33)
    at fn (http://localhost:3000/_next/static/chunks/webpack.js?v=1790278459939:371:21)
    at  (webpack-internal:///(app-pages-browser)/./node_modules/next/dist/compiled/react-dom/index.js:32:20)
    at (app-pages-browser)/./node_modules/next/dist/compiled/react-dom/index.js (http://localhost:3000/_next/static/chunks/main-app.js?v=1790278459939:1869:1)
    at options.factory (http://localhost:3000/_next/static/chunks/webpack.js?v=1790278459939:715:31)
    at __webpack_require__ (http://localhost:3000/_next/static/chunks/webpack.js?v=1790278459939:37:33)
    at fn (http://localhost:3000/_next/static/chunks/webpack.js?v=1790278459939:371:21)
    at  (webpack-internal:///(app-pages-browser)/./node_modules/next/dist/compiled/react-dom/client.js:3:28)
    at (app-pages-browser)/./node_modules/next/dist/compiled/react-dom/client.js (http://localhost:3000/_next/static/chunks/main-app.js?v=1790278459939:1858:1)
    at options.factory (http://localhost:3000/_next/static/chunks/webpack.js?v=1790278459939:715:31)
    at __webpack_require__ (http://localhost:3000/_next/static/chunks/webpack.js?v=1790278459939:37:33)
    at fn (http://localhost:3000/_next/static/chunks/webpack.js?v=1790278459939:371:21)
    at  (webpack-internal:///(app-pages-browser)/./node_modules/next/dist/client/app-index.js:15:58)
    at (app-pages-browser)/./node_modules/next/dist/client/app-index.js (http://localhost:3000/_next/static/chunks/main-app.js?v=1790278459939:244:1)
    at options.factory (http://localhost:3000/_next/static/chunks/webpack.js?v=1790278459939:715:31)
    at __webpack_require__ (http://localhost:3000/_next/static/chunks/webpack.js?v=1790278459939:37:33)
    at fn (http://localhost:3000/_next/static/chunks/webpack.js?v=1790278459939:371:21)
[    3101ms] [ERROR] The above error occurred in the <NotFoundErrorBoundary> component:

Lazy
BailoutToCSR@webpack-internal:///(app-pages-browser)/./node_modules/next/dist/shared/lib/lazy-dynamic/dynamic-bailout-to-csr.js:13:32
Suspense
LoadableComponent
section
main
OverviewPage@webpack-internal:///(app-pages-browser)/./src/app/overview/page.tsx:52:72
ClientPageRoot@webpack-internal:///(app-pages-browser)/./node_modules/next/dist/client/components/client-page.js:14:32
InnerLayoutRouter@webpack-internal:///(app-pages-browser)/./node_modules/next/dist/client/components/layout-router.js:244:18
RedirectErrorBoundary@webpack-internal:///(app-pages-browser)/./node_modules/next/dist/client/components/redirect-boundary.js:74:9
RedirectBoundary@webpack-internal:///(app-pages-browser)/./node_modules/next/dist/client/components/redirect-boundary.js:82:24
NotFoundBoundary@webpack-internal:///(app-pages-browser)/./node_modules/next/dist/client/components/not-found-boundary.js:84:62
LoadingBoundary@webpack-internal:///(app-pages-browser)/./node_modules/next/dist/client/components/layout-router.js:349:76
ErrorBoundary@webpack-internal:///(app-pages-browser)/./node_modules/next/dist/client/components/error-boundary.js:160:67
InnerScrollAndFocusHandler@webpack-internal:///(app-pages-browser)/./node_modules/next/dist/client/components/layout-router.js:153:9
ScrollAndFocusHandler@webpack-internal:///(app-pages-browser)/./node_modules/next/dist/client/components/layout-router.js:228:37
RenderFromTemplateContext@webpack-internal:///(app-pages-browser)/./node_modules/next/dist/client/components/render-from-template-context.js:16:44
OuterLayoutRouter@webpack-internal:///(app-pages-browser)/./node_modules/next/dist/client/components/layout-router.js:370:149
InnerLayoutRouter@webpack-internal:///(app-pages-browser)/./node_modules/next/dist/client/components/layout-router.js:244:18
RedirectErrorBoundary@webpack-internal:///(app-pages-browser)/./node_modules/next/dist/client/components/redirect-boundary.js:74:9
RedirectBoundary@webpack-internal:///(app-pages-browser)/./node_modules/next/dist/client/components/redirect-boundary.js:82:24
NotFoundErrorBoundary@webpack-internal:///(app-pages-browser)/./node_modules/next/dist/client/components/not-found-boundary.js:76:9
NotFoundBoundary@webpack-internal:///(app-pages-browser)/./node_modules/next/dist/client/components/not-found-boundary.js:84:62
LoadingBoundary@webpack-internal:///(app-pages-browser)/./node_modules/next/dist/client/components/layout-router.js:349:76
ErrorBoundary@webpack-internal:///(app-pages-browser)/./node_modules/next/dist/client/components/error-boundary.js:160:67
InnerScrollAndFocusHandler@webpack-internal:///(app-pages-browser)/./node_modules/next/dist/client/components/layout-router.js:153:9
ScrollAndFocusHandler@webpack-internal:///(app-pages-browser)/./node_modules/next/dist/client/components/layout-router.js:228:37
RenderFromTemplateContext@webpack-internal:///(app-pages-browser)/./node_modules/next/dist/client/components/render-from-template-context.js:16:44
OuterLayoutRouter@webpack-internal:///(app-pages-browser)/./node_modules/next/dist/client/components/layout-router.js:370:149
body
html
RootLayout (Server)
RedirectErrorBoundary@webpack-internal:///(app-pages-browser)/./node_modules/next/dist/client/components/redirect-boundary.js:74:9
RedirectBoundary@webpack-internal:///(app-pages-browser)/./node_modules/next/dist/client/components/redirect-boundary.js:82:24
NotFoundErrorBoundary@webpack-internal:///(app-pages-browser)/./node_modules/next/dist/client/components/not-found-boundary.js:76:9
NotFoundBoundary@webpack-internal:///(app-pages-browser)/./node_modules/next/dist/client/components/not-found-boundary.js:84:62
DevRootNotFoundBoundary@webpack-internal:///(app-pages-browser)/./node_modules/next/dist/client/components/dev-root-not-found-boundary.js:33:24
ReactDevOverlay@webpack-internal:///(app-pages-browser)/./node_modules/next/dist/client/components/react-dev-overlay/app/ReactDevOverlay.js:87:9
HotReload@webpack-internal:///(app-pages-browser)/./node_modules/next/dist/client/components/react-dev-overlay/app/hot-reloader-client.js:321:37
Router@webpack-internal:///(app-pages-browser)/./node_modules/next/dist/client/components/app-router.js:207:123
ErrorBoundaryHandler@webpack-internal:///(app-pages-browser)/./node_modules/next/dist/client/components/error-boundary.js:113:9
ErrorBoundary@webpack-internal:///(app-pages-browser)/./node_modules/next/dist/client/components/error-boundary.js:160:67
AppRouter@webpack-internal:///(app-pages-browser)/./node_modules/next/dist/client/components/app-router.js:585:47
ServerRoot@webpack-internal:///(app-pages-browser)/./node_modules/next/dist/client/app-index.js:112:27
Root@webpack-internal:///(app-pages-browser)/./node_modules/next/dist/client/app-index.js:117:24

React will try to recreate this component tree from scratch using the error boundary you provided, ReactDevOverlay. @ webpack-internal:///(app-pages-browser)/./node_modules/next/dist/client/app-index.js:32
[    5076ms] [LOG] [Fast Refresh] rebuilding @ webpack-internal:///(app-pages-browser)/./node_modules/next/dist/client/components/react-dev-overlay/app/hot-reloader-client.js:186
[    5213ms] [WARNING] [Fast Refresh] performing full reload

Fast Refresh will perform a full reload when you edit a file that's imported by modules outside of the React rendering tree.
You might have a file which exports a React component but also exports a value that is imported by a non-React component file.
Consider migrating the non-React component export to a separate file and importing it into both files.

It is also possible the parent component of the component you edited is a class component, which disables Fast Refresh.
Fast Refresh requires at least one parent function component in your React tree. @ webpack-internal:///(app-pages-browser)/./node_modules/next/dist/client/components/react-dev-overlay/app/hot-reloader-client.js:112
[    5382ms] [WARNING] [JavaScript Warning: "A resource is blocked by OpaqueResponseBlocking, please check browser console for details." {file: "https://lh3.googleusercontent.com/aida/AEtjO1X846d3k35eqtuPzI3ksBZBgmsuatplYf7WFWYM_h4CQ9S0k_6yUwv3OxFWwjbIzs3k1JV2GDlAvxoRA-gLT5iFVboFFwqvpvgYPsc_RyoM3YuBNu9NzPARAaC6kV6UJAhH0RowmMOGkuZnERI4p8pDkvgiSk39AQI3ZKfgNVDlH8G2iRraUJ4l3kVc7G4FOOYXP0NMkYeXWm6DwN2oPcnaPAhJ9SrQiTBLsgXyla-zluPTCI_cNnaWLpKk" line: 0}] @ https://lh3.googleusercontent.com/aida/AEtjO1X846d3k35eqtuPzI3ksBZBgmsuatplYf7WFWYM_h4CQ9S0k_6yUwv3OxFWwjbIzs3k1JV2GDlAvxoRA-gLT5iFVboFFwqvpvgYPsc_RyoM3YuBNu9NzPARAaC6kV6UJAhH0RowmMOGkuZnERI4p8pDkvgiSk39AQI3ZKfgNVDlH8G2iRraUJ4l3kVc7G4FOOYXP0NMkYeXWm6DwN2oPcnaPAhJ9SrQiTBLsgXyla-zluPTCI_cNnaWLpKk:0
[    5468ms] [INFO] Download the React DevTools for a better development experience: https://reactjs.org/link/react-devtools @ webpack-internal:///(app-pages-browser)/./node_modules/next/dist/compiled/react-dom/cjs/react-dom.development.js:38559
[    5643ms] [ERROR] [JavaScript Error: "Firefox can’t establish a connection to the server at ws://localhost:8001/ws/pulse." {file: "http://localhost:3000/_next/static/chunks/_app-pages-browser_src_components_LiveTelemetryMap_tsx.js line 39 > eval" line: 135}] @ http://localhost:3000/_next/static/chunks/_app-pages-browser_src_components_LiveTelemetryMap_tsx.js line 39 > eval:135
[    5644ms] [ERROR] [JavaScript Error: "The connection to ws://localhost:8001/ws/pulse was interrupted while the page was loading." {file: "http://localhost:3000/_next/static/chunks/_app-pages-browser_src_components_LiveTelemetryMap_tsx.js line 39 > eval" line: 135}] @ http://localhost:3000/_next/static/chunks/_app-pages-browser_src_components_LiveTelemetryMap_tsx.js line 39 > eval:135
[    7956ms] [LOG] [Fast Refresh] rebuilding @ webpack-internal:///(app-pages-browser)/./node_modules/next/dist/client/components/react-dev-overlay/app/hot-reloader-client.js:186
[    8153ms] [LOG] [Fast Refresh] done in 198ms @ webpack-internal:///(app-pages-browser)/./node_modules/next/dist/client/components/react-dev-overlay/app/hot-reloader-client.js:43
[    8190ms] [ERROR] The above error occurred in the <NotFoundErrorBoundary> component:

div
MapContainerComponent@webpack-internal:///(app-pages-browser)/./node_modules/react-leaflet/lib/MapContainer.js:25:31
div
div
LiveTelemetryMap@webpack-internal:///(app-pages-browser)/./src/components/LiveTelemetryMap.tsx:99:80
BailoutToCSR@webpack-internal:///(app-pages-browser)/./node_modules/next/dist/shared/lib/lazy-dynamic/dynamic-bailout-to-csr.js:13:32
Suspense
LoadableComponent
section
main
OverviewPage@webpack-internal:///(app-pages-browser)/./src/app/overview/page.tsx:52:86
ClientPageRoot@webpack-internal:///(app-pages-browser)/./node_modules/next/dist/client/components/client-page.js:14:32
InnerLayoutRouter@webpack-internal:///(app-pages-browser)/./node_modules/next/dist/client/components/layout-router.js:244:18
RedirectErrorBoundary@webpack-internal:///(app-pages-browser)/./node_modules/next/dist/client/components/redirect-boundary.js:74:9
RedirectBoundary@webpack-internal:///(app-pages-browser)/./node_modules/next/dist/client/components/redirect-boundary.js:82:24
NotFoundBoundary@webpack-internal:///(app-pages-browser)/./node_modules/next/dist/client/components/not-found-boundary.js:84:62
LoadingBoundary@webpack-internal:///(app-pages-browser)/./node_modules/next/dist/client/components/layout-router.js:349:76
ErrorBoundary@webpack-internal:///(app-pages-browser)/./node_modules/next/dist/client/components/error-boundary.js:160:67
InnerScrollAndFocusHandler@webpack-internal:///(app-pages-browser)/./node_modules/next/dist/client/components/layout-router.js:153:9
ScrollAndFocusHandler@webpack-internal:///(app-pages-browser)/./node_modules/next/dist/client/components/layout-router.js:228:37
RenderFromTemplateContext@webpack-internal:///(app-pages-browser)/./node_modules/next/dist/client/components/render-from-template-context.js:16:44
OuterLayoutRouter@webpack-internal:///(app-pages-browser)/./node_modules/next/dist/client/components/layout-router.js:370:149
InnerLayoutRouter@webpack-internal:///(app-pages-browser)/./node_modules/next/dist/client/components/layout-router.js:244:18
RedirectErrorBoundary@webpack-internal:///(app-pages-browser)/./node_modules/next/dist/client/components/redirect-boundary.js:74:9
RedirectBoundary@webpack-internal:///(app-pages-browser)/./node_modules/next/dist/client/components/redirect-boundary.js:82:24
NotFoundErrorBoundary@webpack-internal:///(app-pages-browser)/./node_modules/next/dist/client/components/not-found-boundary.js:76:9
NotFoundBoundary@webpack-internal:///(app-pages-browser)/./node_modules/next/dist/client/components/not-found-boundary.js:84:62
LoadingBoundary@webpack-internal:///(app-pages-browser)/./node_modules/next/dist/client/components/layout-router.js:349:76
ErrorBoundary@webpack-internal:///(app-pages-browser)/./node_modules/next/dist/client/components/error-boundary.js:160:67
InnerScrollAndFocusHandler@webpack-internal:///(app-pages-browser)/./node_modules/next/dist/client/components/layout-router.js:153:9
ScrollAndFocusHandler@webpack-internal:///(app-pages-browser)/./node_modules/next/dist/client/components/layout-router.js:228:37
RenderFromTemplateContext@webpack-internal:///(app-pages-browser)/./node_modules/next/dist/client/components/render-from-template-context.js:16:44
OuterLayoutRouter@webpack-internal:///(app-pages-browser)/./node_modules/next/dist/client/components/layout-router.js:370:149
body
html
RootLayout (Server)
RedirectErrorBoundary@webpack-internal:///(app-pages-browser)/./node_modules/next/dist/client/components/redirect-boundary.js:74:9
RedirectBoundary@webpack-internal:///(app-pages-browser)/./node_modules/next/dist/client/components/redirect-boundary.js:82:24
NotFoundErrorBoundary@webpack-internal:///(app-pages-browser)/./node_modules/next/dist/client/components/not-found-boundary.js:76:9
NotFoundBoundary@webpack-internal:///(app-pages-browser)/./node_modules/next/dist/client/components/not-found-boundary.js:84:62
DevRootNotFoundBoundary@webpack-internal:///(app-pages-browser)/./node_modules/next/dist/client/components/dev-root-not-found-boundary.js:33:24
ReactDevOverlay@webpack-internal:///(app-pages-browser)/./node_modules/next/dist/client/components/react-dev-overlay/app/ReactDevOverlay.js:87:9
HotReload@webpack-internal:///(app-pages-browser)/./node_modules/next/dist/client/components/react-dev-overlay/app/hot-reloader-client.js:321:37
Router@webpack-internal:///(app-pages-browser)/./node_modules/next/dist/client/components/app-router.js:207:123
ErrorBoundaryHandler@webpack-internal:///(app-pages-browser)/./node_modules/next/dist/client/components/error-boundary.js:113:9
ErrorBoundary@webpack-internal:///(app-pages-browser)/./node_modules/next/dist/client/components/error-boundary.js:160:67
AppRouter@webpack-internal:///(app-pages-browser)/./node_modules/next/dist/client/components/app-router.js:585:47
ServerRoot@webpack-internal:///(app-pages-browser)/./node_modules/next/dist/client/app-index.js:112:27
Root@webpack-internal:///(app-pages-browser)/./node_modules/next/dist/client/app-index.js:117:24

React will try to recreate this component tree from scratch using the error boundary you provided, ReactDevOverlay. @ webpack-internal:///(app-pages-browser)/./node_modules/next/dist/client/app-index.js:32
[    8221ms] Error: Map container is already initialized.
    at _initContainer (webpack-internal:///(app-pages-browser)/./node_modules/leaflet/dist/leaflet-src.js:4206:12)
    at initialize (webpack-internal:///(app-pages-browser)/./node_modules/leaflet/dist/leaflet-src.js:3248:10)
    at NewClass (webpack-internal:///(app-pages-browser)/./node_modules/leaflet/dist/leaflet-src.js:301:22)
    at MapContainerComponent/mapRef< (webpack-internal:///(app-pages-browser)/./node_modules/react-leaflet/lib/MapContainer.js:37:25)
    at commitAttachRef (webpack-internal:///(app-pages-browser)/./node_modules/next/dist/compiled/react-dom/cjs/react-dom.development.js:21677:37)
    at safelyAttachRef (webpack-internal:///(app-pages-browser)/./node_modules/next/dist/compiled/react-dom/cjs/react-dom.development.js:20803:20)
    at reappearLayoutEffects (webpack-internal:///(app-pages-browser)/./node_modules/next/dist/compiled/react-dom/cjs/react-dom.development.js:23082:24)
    at recursivelyTraverseReappearLayoutEffects (webpack-internal:///(app-pages-browser)/./node_modules/next/dist/compiled/react-dom/cjs/react-dom.development.js:23142:26)
    at reappearLayoutEffects (webpack-internal:///(app-pages-browser)/./node_modules/next/dist/compiled/react-dom/cjs/react-dom.development.js:23024:49)
    at recursivelyTraverseReappearLayoutEffects (webpack-internal:///(app-pages-browser)/./node_modules/next/dist/compiled/react-dom/cjs/react-dom.development.js:23142:26)
    at reappearLayoutEffects (webpack-internal:///(app-pages-browser)/./node_modules/next/dist/compiled/react-dom/cjs/react-dom.development.js:23072:49)
    at recursivelyTraverseReappearLayoutEffects (webpack-internal:///(app-pages-browser)/./node_modules/next/dist/compiled/react-dom/cjs/react-dom.development.js:23142:26)
    at reappearLayoutEffects (webpack-internal:///(app-pages-browser)/./node_modules/next/dist/compiled/react-dom/cjs/react-dom.development.js:23072:49)
    at recursivelyTraverseReappearLayoutEffects (webpack-internal:///(app-pages-browser)/./node_modules/next/dist/compiled/react-dom/cjs/react-dom.development.js:23142:26)
    at reappearLayoutEffects (webpack-internal:///(app-pages-browser)/./node_modules/next/dist/compiled/react-dom/cjs/react-dom.development.js:23024:49)
    at recursivelyTraverseReappearLayoutEffects (webpack-internal:///(app-pages-browser)/./node_modules/next/dist/compiled/react-dom/cjs/react-dom.development.js:23142:26)
    at reappearLayoutEffects (webpack-internal:///(app-pages-browser)/./node_modules/next/dist/compiled/react-dom/cjs/react-dom.development.js:23024:49)
    at recursivelyTraverseReappearLayoutEffects (webpack-internal:///(app-pages-browser)/./node_modules/next/dist/compiled/react-dom/cjs/react-dom.development.js:23142:26)
    at commitLayoutEffectOnFiber (webpack-internal:///(app-pages-browser)/./node_modules/next/dist/compiled/react-dom/cjs/react-dom.development.js:21550:55)
    at recursivelyTraverseLayoutEffects (webpack-internal:///(app-pages-browser)/./node_modules/next/dist/compiled/react-dom/cjs/react-dom.development.js:22926:32)
    at commitLayoutEffectOnFiber (webpack-internal:///(app-pages-browser)/./node_modules/next/dist/compiled/react-dom/cjs/react-dom.development.js:21518:41)
    at recursivelyTraverseLayoutEffects (webpack-internal:///(app-pages-browser)/./node_modules/next/dist/compiled/react-dom/cjs/react-dom.development.js:22926:32)
    at commitLayoutEffectOnFiber (webpack-internal:///(app-pages-browser)/./node_modules/next/dist/compiled/react-dom/cjs/react-dom.development.js:21407:41)
    at recursivelyTraverseLayoutEffects (webpack-internal:///(app-pages-browser)/./node_modules/next/dist/compiled/react-dom/cjs/react-dom.development.js:22926:32)
    at commitLayoutEffectOnFiber (webpack-internal:///(app-pages-browser)/./node_modules/next/dist/compiled/react-dom/cjs/react-dom.development.js:21488:41)
    at recursivelyTraverseLayoutEffects (webpack-internal:///(app-pages-browser)/./node_modules/next/dist/compiled/react-dom/cjs/react-dom.development.js:22926:32)
    at commitLayoutEffectOnFiber (webpack-internal:///(app-pages-browser)/./node_modules/next/dist/compiled/react-dom/cjs/react-dom.development.js:21488:41)
    at recursivelyTraverseLayoutEffects (webpack-internal:///(app-pages-browser)/./node_modules/next/dist/compiled/react-dom/cjs/react-dom.development.js:22926:32)
    at commitLayoutEffectOnFiber (webpack-internal:///(app-pages-browser)/./node_modules/next/dist/compiled/react-dom/cjs/react-dom.development.js:21407:41)
    at recursivelyTraverseLayoutEffects (webpack-internal:///(app-pages-browser)/./node_modules/next/dist/compiled/react-dom/cjs/react-dom.development.js:22926:32)
    at commitLayoutEffectOnFiber (webpack-internal:///(app-pages-browser)/./node_modules/next/dist/compiled/react-dom/cjs/react-dom.development.js:21407:41)
    at recursivelyTraverseLayoutEffects (webpack-internal:///(app-pages-browser)/./node_modules/next/dist/compiled/react-dom/cjs/react-dom.development.js:22926:32)
    at commitLayoutEffectOnFiber (webpack-internal:///(app-pages-browser)/./node_modules/next/dist/compiled/react-dom/cjs/react-dom.development.js:21577:41)
    at recursivelyTraverseLayoutEffects (webpack-internal:///(app-pages-browser)/./node_modules/next/dist/compiled/react-dom/cjs/react-dom.development.js:22926:32)
    at commitLayoutEffectOnFiber (webpack-internal:///(app-pages-browser)/./node_modules/next/dist/compiled/react-dom/cjs/react-dom.development.js:21577:41)
    at recursivelyTraverseLayoutEffects (webpack-internal:///(app-pages-browser)/./node_modules/next/dist/compiled/react-dom/cjs/react-dom.development.js:22926:32)
    at commitLayoutEffectOnFiber (webpack-internal:///(app-pages-browser)/./node_modules/next/dist/compiled/react-dom/cjs/react-dom.development.js:21407:41)
    at recursivelyTraverseLayoutEffects (webpack-internal:///(app-pages-browser)/./node_modules/next/dist/compiled/react-dom/cjs/react-dom.development.js:22926:32)
    at commitLayoutEffectOnFiber (webpack-internal:///(app-pages-browser)/./node_modules/next/dist/compiled/react-dom/cjs/react-dom.development.js:21418:41)
    at recursivelyTraverseLayoutEffects (webpack-internal:///(app-pages-browser)/./node_modules/next/dist/compiled/react-dom/cjs/react-dom.development.js:22926:32)
    at commitLayoutEffectOnFiber (webpack-internal:///(app-pages-browser)/./node_modules/next/dist/compiled/react-dom/cjs/react-dom.development.js:21407:41)
    at recursivelyTraverseLayoutEffects (webpack-internal:///(app-pages-browser)/./node_modules/next/dist/compiled/react-dom/cjs/react-dom.development.js:22926:32)
    at commitLayoutEffectOnFiber (webpack-internal:///(app-pages-browser)/./node_modules/next/dist/compiled/react-dom/cjs/react-dom.development.js:21407:41)
    at recursivelyTraverseLayoutEffects (webpack-internal:///(app-pages-browser)/./node_modules/next/dist/compiled/react-dom/cjs/react-dom.development.js:22926:32)
    at commitLayoutEffectOnFiber (webpack-internal:///(app-pages-browser)/./node_modules/next/dist/compiled/react-dom/cjs/react-dom.development.js:21407:41)
    at recursivelyTraverseLayoutEffects (webpack-internal:///(app-pages-browser)/./node_modules/next/dist/compiled/react-dom/cjs/react-dom.development.js:22926:32)
    at commitLayoutEffectOnFiber (webpack-internal:///(app-pages-browser)/./node_modules/next/dist/compiled/react-dom/cjs/react-dom.development.js:21407:41)
    at recursivelyTraverseLayoutEffects (webpack-internal:///(app-pages-browser)/./node_modules/next/dist/compiled/react-dom/cjs/react-dom.development.js:22926:32)
    at commitLayoutEffectOnFiber (webpack-internal:///(app-pages-browser)/./node_modules/next/dist/compiled/react-dom/cjs/react-dom.development.js:21418:41)
    at recursivelyTraverseLayoutEffects (webpack-internal:///(app-pages-browser)/./node_modules/next/dist/compiled/react-dom/cjs/react-dom.development.js:22926:32)
[    8221ms] Error: Map container is already initialized.
    at _initContainer (webpack-internal:///(app-pages-browser)/./node_modules/leaflet/dist/leaflet-src.js:4206:12)
    at initialize (webpack-internal:///(app-pages-browser)/./node_modules/leaflet/dist/leaflet-src.js:3248:10)
    at NewClass (webpack-internal:///(app-pages-browser)/./node_modules/leaflet/dist/leaflet-src.js:301:22)
    at MapContainerComponent/mapRef< (webpack-internal:///(app-pages-browser)/./node_modules/react-leaflet/lib/MapContainer.js:37:25)
    at commitAttachRef (webpack-internal:///(app-pages-browser)/./node_modules/next/dist/compiled/react-dom/cjs/react-dom.development.js:21677:37)
    at safelyAttachRef (webpack-internal:///(app-pages-browser)/./node_modules/next/dist/compiled/react-dom/cjs/react-dom.development.js:20803:20)
    at reappearLayoutEffects (webpack-internal:///(app-pages-browser)/./node_modules/next/dist/compiled/react-dom/cjs/react-dom.development.js:23082:24)
    at recursivelyTraverseReappearLayoutEffects (webpack-internal:///(app-pages-browser)/./node_modules/next/dist/compiled/react-dom/cjs/react-dom.development.js:23142:26)
    at reappearLayoutEffects (webpack-internal:///(app-pages-browser)/./node_modules/next/dist/compiled/react-dom/cjs/react-dom.development.js:23024:49)
    at recursivelyTraverseReappearLayoutEffects (webpack-internal:///(app-pages-browser)/./node_modules/next/dist/compiled/react-dom/cjs/react-dom.development.js:23142:26)
    at reappearLayoutEffects (webpack-internal:///(app-pages-browser)/./node_modules/next/dist/compiled/react-dom/cjs/react-dom.development.js:23072:49)
    at recursivelyTraverseReappearLayoutEffects (webpack-internal:///(app-pages-browser)/./node_modules/next/dist/compiled/react-dom/cjs/react-dom.development.js:23142:26)
    at reappearLayoutEffects (webpack-internal:///(app-pages-browser)/./node_modules/next/dist/compiled/react-dom/cjs/react-dom.development.js:23072:49)
    at recursivelyTraverseReappearLayoutEffects (webpack-internal:///(app-pages-browser)/./node_modules/next/dist/compiled/react-dom/cjs/react-dom.development.js:23142:26)
    at reappearLayoutEffects (webpack-internal:///(app-pages-browser)/./node_modules/next/dist/compiled/react-dom/cjs/react-dom.development.js:23024:49)
    at recursivelyTraverseReappearLayoutEffects (webpack-internal:///(app-pages-browser)/./node_modules/next/dist/compiled/react-dom/cjs/react-dom.development.js:23142:26)
    at reappearLayoutEffects (webpack-internal:///(app-pages-browser)/./node_modules/next/dist/compiled/react-dom/cjs/react-dom.development.js:23024:49)
    at recursivelyTraverseReappearLayoutEffects (webpack-internal:///(app-pages-browser)/./node_modules/next/dist/compiled/react-dom/cjs/react-dom.development.js:23142:26)
    at commitLayoutEffectOnFiber (webpack-internal:///(app-pages-browser)/./node_modules/next/dist/compiled/react-dom/cjs/react-dom.development.js:21550:55)
    at recursivelyTraverseLayoutEffects (webpack-internal:///(app-pages-browser)/./node_modules/next/dist/compiled/react-dom/cjs/react-dom.development.js:22926:32)
    at commitLayoutEffectOnFiber (webpack-internal:///(app-pages-browser)/./node_modules/next/dist/compiled/react-dom/cjs/react-dom.development.js:21518:41)
    at recursivelyTraverseLayoutEffects (webpack-internal:///(app-pages-browser)/./node_modules/next/dist/compiled/react-dom/cjs/react-dom.development.js:22926:32)
    at commitLayoutEffectOnFiber (webpack-internal:///(app-pages-browser)/./node_modules/next/dist/compiled/react-dom/cjs/react-dom.development.js:21407:41)
    at recursivelyTraverseLayoutEffects (webpack-internal:///(app-pages-browser)/./node_modules/next/dist/compiled/react-dom/cjs/react-dom.development.js:22926:32)
    at commitLayoutEffectOnFiber (webpack-internal:///(app-pages-browser)/./node_modules/next/dist/compiled/react-dom/cjs/react-dom.development.js:21488:41)
    at recursivelyTraverseLayoutEffects (webpack-internal:///(app-pages-browser)/./node_modules/next/dist/compiled/react-dom/cjs/react-dom.development.js:22926:32)
    at commitLayoutEffectOnFiber (webpack-internal:///(app-pages-browser)/./node_modules/next/dist/compiled/react-dom/cjs/react-dom.development.js:21488:41)
    at recursivelyTraverseLayoutEffects (webpack-internal:///(app-pages-browser)/./node_modules/next/dist/compiled/react-dom/cjs/react-dom.development.js:22926:32)
    at commitLayoutEffectOnFiber (webpack-internal:///(app-pages-browser)/./node_modules/next/dist/compiled/react-dom/cjs/react-dom.development.js:21407:41)
    at recursivelyTraverseLayoutEffects (webpack-internal:///(app-pages-browser)/./node_modules/next/dist/compiled/react-dom/cjs/react-dom.development.js:22926:32)
    at commitLayoutEffectOnFiber (webpack-internal:///(app-pages-browser)/./node_modules/next/dist/compiled/react-dom/cjs/react-dom.development.js:21407:41)
    at recursivelyTraverseLayoutEffects (webpack-internal:///(app-pages-browser)/./node_modules/next/dist/compiled/react-dom/cjs/react-dom.development.js:22926:32)
    at commitLayoutEffectOnFiber (webpack-internal:///(app-pages-browser)/./node_modules/next/dist/compiled/react-dom/cjs/react-dom.development.js:21577:41)
    at recursivelyTraverseLayoutEffects (webpack-internal:///(app-pages-browser)/./node_modules/next/dist/compiled/react-dom/cjs/react-dom.development.js:22926:32)
    at commitLayoutEffectOnFiber (webpack-internal:///(app-pages-browser)/./node_modules/next/dist/compiled/react-dom/cjs/react-dom.development.js:21577:41)
    at recursivelyTraverseLayoutEffects (webpack-internal:///(app-pages-browser)/./node_modules/next/dist/compiled/react-dom/cjs/react-dom.development.js:22926:32)
    at commitLayoutEffectOnFiber (webpack-internal:///(app-pages-browser)/./node_modules/next/dist/compiled/react-dom/cjs/react-dom.development.js:21407:41)
    at recursivelyTraverseLayoutEffects (webpack-internal:///(app-pages-browser)/./node_modules/next/dist/compiled/react-dom/cjs/react-dom.development.js:22926:32)
    at commitLayoutEffectOnFiber (webpack-internal:///(app-pages-browser)/./node_modules/next/dist/compiled/react-dom/cjs/react-dom.development.js:21418:41)
    at recursivelyTraverseLayoutEffects (webpack-internal:///(app-pages-browser)/./node_modules/next/dist/compiled/react-dom/cjs/react-dom.development.js:22926:32)
    at commitLayoutEffectOnFiber (webpack-internal:///(app-pages-browser)/./node_modules/next/dist/compiled/react-dom/cjs/react-dom.development.js:21407:41)
    at recursivelyTraverseLayoutEffects (webpack-internal:///(app-pages-browser)/./node_modules/next/dist/compiled/react-dom/cjs/react-dom.development.js:22926:32)
    at commitLayoutEffectOnFiber (webpack-internal:///(app-pages-browser)/./node_modules/next/dist/compiled/react-dom/cjs/react-dom.development.js:21407:41)
    at recursivelyTraverseLayoutEffects (webpack-internal:///(app-pages-browser)/./node_modules/next/dist/compiled/react-dom/cjs/react-dom.development.js:22926:32)
    at commitLayoutEffectOnFiber (webpack-internal:///(app-pages-browser)/./node_modules/next/dist/compiled/react-dom/cjs/react-dom.development.js:21407:41)
    at recursivelyTraverseLayoutEffects (webpack-internal:///(app-pages-browser)/./node_modules/next/dist/compiled/react-dom/cjs/react-dom.development.js:22926:32)
    at commitLayoutEffectOnFiber (webpack-internal:///(app-pages-browser)/./node_modules/next/dist/compiled/react-dom/cjs/react-dom.development.js:21407:41)
    at recursivelyTraverseLayoutEffects (webpack-internal:///(app-pages-browser)/./node_modules/next/dist/compiled/react-dom/cjs/react-dom.development.js:22926:32)
    at commitLayoutEffectOnFiber (webpack-internal:///(app-pages-browser)/./node_modules/next/dist/compiled/react-dom/cjs/react-dom.development.js:21418:41)
    at recursivelyTraverseLayoutEffects (webpack-internal:///(app-pages-browser)/./node_modules/next/dist/compiled/react-dom/cjs/react-dom.development.js:22926:32)
[    8222ms] Error: Map container is already initialized.
    at _initContainer (webpack-internal:///(app-pages-browser)/./node_modules/leaflet/dist/leaflet-src.js:4206:12)
    at initialize (webpack-internal:///(app-pages-browser)/./node_modules/leaflet/dist/leaflet-src.js:3248:10)
    at NewClass (webpack-internal:///(app-pages-browser)/./node_modules/leaflet/dist/leaflet-src.js:301:22)
    at MapContainerComponent/mapRef< (webpack-internal:///(app-pages-browser)/./node_modules/react-leaflet/lib/MapContainer.js:37:25)
    at commitAttachRef (webpack-internal:///(app-pages-browser)/./node_modules/next/dist/compiled/react-dom/cjs/react-dom.development.js:21677:37)
    at safelyAttachRef (webpack-internal:///(app-pages-browser)/./node_modules/next/dist/compiled/react-dom/cjs/react-dom.development.js:20803:20)
    at reappearLayoutEffects (webpack-internal:///(app-pages-browser)/./node_modules/next/dist/compiled/react-dom/cjs/react-dom.development.js:23082:24)
    at recursivelyTraverseReappearLayoutEffects (webpack-internal:///(app-pages-browser)/./node_modules/next/dist/compiled/react-dom/cjs/react-dom.development.js:23142:26)
    at reappearLayoutEffects (webpack-internal:///(app-pages-browser)/./node_modules/next/dist/compiled/react-dom/cjs/react-dom.development.js:23024:49)
    at recursivelyTraverseReappearLayoutEffects (webpack-internal:///(app-pages-browser)/./node_modules/next/dist/compiled/react-dom/cjs/react-dom.development.js:23142:26)
    at reappearLayoutEffects (webpack-internal:///(app-pages-browser)/./node_modules/next/dist/compiled/react-dom/cjs/react-dom.development.js:23072:49)
    at recursivelyTraverseReappearLayoutEffects (webpack-internal:///(app-pages-browser)/./node_modules/next/dist/compiled/react-dom/cjs/react-dom.development.js:23142:26)
    at reappearLayoutEffects (webpack-internal:///(app-pages-browser)/./node_modules/next/dist/compiled/react-dom/cjs/react-dom.development.js:23072:49)
    at recursivelyTraverseReappearLayoutEffects (webpack-internal:///(app-pages-browser)/./node_modules/next/dist/compiled/react-dom/cjs/react-dom.development.js:23142:26)
    at reappearLayoutEffects (webpack-internal:///(app-pages-browser)/./node_modules/next/dist/compiled/react-dom/cjs/react-dom.development.js:23024:49)
    at recursivelyTraverseReappearLayoutEffects (webpack-internal:///(app-pages-browser)/./node_modules/next/dist/compiled/react-dom/cjs/react-dom.development.js:23142:26)
    at reappearLayoutEffects (webpack-internal:///(app-pages-browser)/./node_modules/next/dist/compiled/react-dom/cjs/react-dom.development.js:23024:49)
    at recursivelyTraverseReappearLayoutEffects (webpack-internal:///(app-pages-browser)/./node_modules/next/dist/compiled/react-dom/cjs/react-dom.development.js:23142:26)
    at commitLayoutEffectOnFiber (webpack-internal:///(app-pages-browser)/./node_modules/next/dist/compiled/react-dom/cjs/react-dom.development.js:21550:55)
    at recursivelyTraverseLayoutEffects (webpack-internal:///(app-pages-browser)/./node_modules/next/dist/compiled/react-dom/cjs/react-dom.development.js:22926:32)
    at commitLayoutEffectOnFiber (webpack-internal:///(app-pages-browser)/./node_modules/next/dist/compiled/react-dom/cjs/react-dom.development.js:21518:41)
    at recursivelyTraverseLayoutEffects (webpack-internal:///(app-pages-browser)/./node_modules/next/dist/compiled/react-dom/cjs/react-dom.development.js:22926:32)
    at commitLayoutEffectOnFiber (webpack-internal:///(app-pages-browser)/./node_modules/next/dist/compiled/react-dom/cjs/react-dom.development.js:21407:41)
    at recursivelyTraverseLayoutEffects (webpack-internal:///(app-pages-browser)/./node_modules/next/dist/compiled/react-dom/cjs/react-dom.development.js:22926:32)
    at commitLayoutEffectOnFiber (webpack-internal:///(app-pages-browser)/./node_modules/next/dist/compiled/react-dom/cjs/react-dom.development.js:21488:41)
    at recursivelyTraverseLayoutEffects (webpack-internal:///(app-pages-browser)/./node_modules/next/dist/compiled/react-dom/cjs/react-dom.development.js:22926:32)
    at commitLayoutEffectOnFiber (webpack-internal:///(app-pages-browser)/./node_modules/next/dist/compiled/react-dom/cjs/react-dom.development.js:21488:41)
    at recursivelyTraverseLayoutEffects (webpack-internal:///(app-pages-browser)/./node_modules/next/dist/compiled/react-dom/cjs/react-dom.development.js:22926:32)
    at commitLayoutEffectOnFiber (webpack-internal:///(app-pages-browser)/./node_modules/next/dist/compiled/react-dom/cjs/react-dom.development.js:21407:41)
    at recursivelyTraverseLayoutEffects (webpack-internal:///(app-pages-browser)/./node_modules/next/dist/compiled/react-dom/cjs/react-dom.development.js:22926:32)
    at commitLayoutEffectOnFiber (webpack-internal:///(app-pages-browser)/./node_modules/next/dist/compiled/react-dom/cjs/react-dom.development.js:21407:41)
    at recursivelyTraverseLayoutEffects (webpack-internal:///(app-pages-browser)/./node_modules/next/dist/compiled/react-dom/cjs/react-dom.development.js:22926:32)
    at commitLayoutEffectOnFiber (webpack-internal:///(app-pages-browser)/./node_modules/next/dist/compiled/react-dom/cjs/react-dom.development.js:21577:41)
    at recursivelyTraverseLayoutEffects (webpack-internal:///(app-pages-browser)/./node_modules/next/dist/compiled/react-dom/cjs/react-dom.development.js:22926:32)
    at commitLayoutEffectOnFiber (webpack-internal:///(app-pages-browser)/./node_modules/next/dist/compiled/react-dom/cjs/react-dom.development.js:21577:41)
    at recursivelyTraverseLayoutEffects (webpack-internal:///(app-pages-browser)/./node_modules/next/dist/compiled/react-dom/cjs/react-dom.development.js:22926:32)
    at commitLayoutEffectOnFiber (webpack-internal:///(app-pages-browser)/./node_modules/next/dist/compiled/react-dom/cjs/react-dom.development.js:21407:41)
    at recursivelyTraverseLayoutEffects (webpack-internal:///(app-pages-browser)/./node_modules/next/dist/compiled/react-dom/cjs/react-dom.development.js:22926:32)
    at commitLayoutEffectOnFiber (webpack-internal:///(app-pages-browser)/./node_modules/next/dist/compiled/react-dom/cjs/react-dom.development.js:21418:41)
    at recursivelyTraverseLayoutEffects (webpack-internal:///(app-pages-browser)/./node_modules/next/dist/compiled/react-dom/cjs/react-dom.development.js:22926:32)
    at commitLayoutEffectOnFiber (webpack-internal:///(app-pages-browser)/./node_modules/next/dist/compiled/react-dom/cjs/react-dom.development.js:21407:41)
    at recursivelyTraverseLayoutEffects (webpack-internal:///(app-pages-browser)/./node_modules/next/dist/compiled/react-dom/cjs/react-dom.development.js:22926:32)
    at commitLayoutEffectOnFiber (webpack-internal:///(app-pages-browser)/./node_modules/next/dist/compiled/react-dom/cjs/react-dom.development.js:21407:41)
    at recursivelyTraverseLayoutEffects (webpack-internal:///(app-pages-browser)/./node_modules/next/dist/compiled/react-dom/cjs/react-dom.development.js:22926:32)
    at commitLayoutEffectOnFiber (webpack-internal:///(app-pages-browser)/./node_modules/next/dist/compiled/react-dom/cjs/react-dom.development.js:21407:41)
    at recursivelyTraverseLayoutEffects (webpack-internal:///(app-pages-browser)/./node_modules/next/dist/compiled/react-dom/cjs/react-dom.development.js:22926:32)
    at commitLayoutEffectOnFiber (webpack-internal:///(app-pages-browser)/./node_modules/next/dist/compiled/react-dom/cjs/react-dom.development.js:21407:41)
    at recursivelyTraverseLayoutEffects (webpack-internal:///(app-pages-browser)/./node_modules/next/dist/compiled/react-dom/cjs/react-dom.development.js:22926:32)
    at commitLayoutEffectOnFiber (webpack-internal:///(app-pages-browser)/./node_modules/next/dist/compiled/react-dom/cjs/react-dom.development.js:21418:41)
    at recursivelyTraverseLayoutEffects (webpack-internal:///(app-pages-browser)/./node_modules/next/dist/compiled/react-dom/cjs/react-dom.development.js:22926:32)
[    8222ms] Error: Map container is already initialized.
    at _initContainer (webpack-internal:///(app-pages-browser)/./node_modules/leaflet/dist/leaflet-src.js:4206:12)
    at initialize (webpack-internal:///(app-pages-browser)/./node_modules/leaflet/dist/leaflet-src.js:3248:10)
    at NewClass (webpack-internal:///(app-pages-browser)/./node_modules/leaflet/dist/leaflet-src.js:301:22)
    at MapContainerComponent/mapRef< (webpack-internal:///(app-pages-browser)/./node_modules/react-leaflet/lib/MapContainer.js:37:25)
    at commitAttachRef (webpack-internal:///(app-pages-browser)/./node_modules/next/dist/compiled/react-dom/cjs/react-dom.development.js:21677:37)
    at safelyAttachRef (webpack-internal:///(app-pages-browser)/./node_modules/next/dist/compiled/react-dom/cjs/react-dom.development.js:20803:20)
    at reappearLayoutEffects (webpack-internal:///(app-pages-browser)/./node_modules/next/dist/compiled/react-dom/cjs/react-dom.development.js:23082:24)
    at recursivelyTraverseReappearLayoutEffects (webpack-internal:///(app-pages-browser)/./node_modules/next/dist/compiled/react-dom/cjs/react-dom.development.js:23142:26)
    at reappearLayoutEffects (webpack-internal:///(app-pages-browser)/./node_modules/next/dist/compiled/react-dom/cjs/react-dom.development.js:23024:49)
    at recursivelyTraverseReappearLayoutEffects (webpack-internal:///(app-pages-browser)/./node_modules/next/dist/compiled/react-dom/cjs/react-dom.development.js:23142:26)
    at reappearLayoutEffects (webpack-internal:///(app-pages-browser)/./node_modules/next/dist/compiled/react-dom/cjs/react-dom.development.js:23072:49)
    at recursivelyTraverseReappearLayoutEffects (webpack-internal:///(app-pages-browser)/./node_modules/next/dist/compiled/react-dom/cjs/react-dom.development.js:23142:26)
    at reappearLayoutEffects (webpack-internal:///(app-pages-browser)/./node_modules/next/dist/compiled/react-dom/cjs/react-dom.development.js:23072:49)
    at recursivelyTraverseReappearLayoutEffects (webpack-internal:///(app-pages-browser)/./node_modules/next/dist/compiled/react-dom/cjs/react-dom.development.js:23142:26)
    at reappearLayoutEffects (webpack-internal:///(app-pages-browser)/./node_modules/next/dist/compiled/react-dom/cjs/react-dom.development.js:23024:49)
    at recursivelyTraverseReappearLayoutEffects (webpack-internal:///(app-pages-browser)/./node_modules/next/dist/compiled/react-dom/cjs/react-dom.development.js:23142:26)
    at reappearLayoutEffects (webpack-internal:///(app-pages-browser)/./node_modules/next/dist/compiled/react-dom/cjs/react-dom.development.js:23024:49)
    at recursivelyTraverseReappearLayoutEffects (webpack-internal:///(app-pages-browser)/./node_modules/next/dist/compiled/react-dom/cjs/react-dom.development.js:23142:26)
    at commitLayoutEffectOnFiber (webpack-internal:///(app-pages-browser)/./node_modules/next/dist/compiled/react-dom/cjs/react-dom.development.js:21550:55)
    at recursivelyTraverseLayoutEffects (webpack-internal:///(app-pages-browser)/./node_modules/next/dist/compiled/react-dom/cjs/react-dom.development.js:22926:32)
    at commitLayoutEffectOnFiber (webpack-internal:///(app-pages-browser)/./node_modules/next/dist/compiled/react-dom/cjs/react-dom.development.js:21518:41)
    at recursivelyTraverseLayoutEffects (webpack-internal:///(app-pages-browser)/./node_modules/next/dist/compiled/react-dom/cjs/react-dom.development.js:22926:32)
    at commitLayoutEffectOnFiber (webpack-internal:///(app-pages-browser)/./node_modules/next/dist/compiled/react-dom/cjs/react-dom.development.js:21407:41)
    at recursivelyTraverseLayoutEffects (webpack-internal:///(app-pages-browser)/./node_modules/next/dist/compiled/react-dom/cjs/react-dom.development.js:22926:32)
    at commitLayoutEffectOnFiber (webpack-internal:///(app-pages-browser)/./node_modules/next/dist/compiled/react-dom/cjs/react-dom.development.js:21488:41)
    at recursivelyTraverseLayoutEffects (webpack-internal:///(app-pages-browser)/./node_modules/next/dist/compiled/react-dom/cjs/react-dom.development.js:22926:32)
    at commitLayoutEffectOnFiber (webpack-internal:///(app-pages-browser)/./node_modules/next/dist/compiled/react-dom/cjs/react-dom.development.js:21488:41)
    at recursivelyTraverseLayoutEffects (webpack-internal:///(app-pages-browser)/./node_modules/next/dist/compiled/react-dom/cjs/react-dom.development.js:22926:32)
    at commitLayoutEffectOnFiber (webpack-internal:///(app-pages-browser)/./node_modules/next/dist/compiled/react-dom/cjs/react-dom.development.js:21407:41)
    at recursivelyTraverseLayoutEffects (webpack-internal:///(app-pages-browser)/./node_modules/next/dist/compiled/react-dom/cjs/react-dom.development.js:22926:32)
    at commitLayoutEffectOnFiber (webpack-internal:///(app-pages-browser)/./node_modules/next/dist/compiled/react-dom/cjs/react-dom.development.js:21407:41)
    at recursivelyTraverseLayoutEffects (webpack-internal:///(app-pages-browser)/./node_modules/next/dist/compiled/react-dom/cjs/react-dom.development.js:22926:32)
    at commitLayoutEffectOnFiber (webpack-internal:///(app-pages-browser)/./node_modules/next/dist/compiled/react-dom/cjs/react-dom.development.js:21577:41)
    at recursivelyTraverseLayoutEffects (webpack-internal:///(app-pages-browser)/./node_modules/next/dist/compiled/react-dom/cjs/react-dom.development.js:22926:32)
    at commitLayoutEffectOnFiber (webpack-internal:///(app-pages-browser)/./node_modules/next/dist/compiled/react-dom/cjs/react-dom.development.js:21577:41)
    at recursivelyTraverseLayoutEffects (webpack-internal:///(app-pages-browser)/./node_modules/next/dist/compiled/react-dom/cjs/react-dom.development.js:22926:32)
    at commitLayoutEffectOnFiber (webpack-internal:///(app-pages-browser)/./node_modules/next/dist/compiled/react-dom/cjs/react-dom.development.js:21407:41)
    at recursivelyTraverseLayoutEffects (webpack-internal:///(app-pages-browser)/./node_modules/next/dist/compiled/react-dom/cjs/react-dom.development.js:22926:32)
    at commitLayoutEffectOnFiber (webpack-internal:///(app-pages-browser)/./node_modules/next/dist/compiled/react-dom/cjs/react-dom.development.js:21418:41)
    at recursivelyTraverseLayoutEffects (webpack-internal:///(app-pages-browser)/./node_modules/next/dist/compiled/react-dom/cjs/react-dom.development.js:22926:32)
    at commitLayoutEffectOnFiber (webpack-internal:///(app-pages-browser)/./node_modules/next/dist/compiled/react-dom/cjs/react-dom.development.js:21407:41)
    at recursivelyTraverseLayoutEffects (webpack-internal:///(app-pages-browser)/./node_modules/next/dist/compiled/react-dom/cjs/react-dom.development.js:22926:32)
    at commitLayoutEffectOnFiber (webpack-internal:///(app-pages-browser)/./node_modules/next/dist/compiled/react-dom/cjs/react-dom.development.js:21407:41)
    at recursivelyTraverseLayoutEffects (webpack-internal:///(app-pages-browser)/./node_modules/next/dist/compiled/react-dom/cjs/react-dom.development.js:22926:32)
    at commitLayoutEffectOnFiber (webpack-internal:///(app-pages-browser)/./node_modules/next/dist/compiled/react-dom/cjs/react-dom.development.js:21407:41)
    at recursivelyTraverseLayoutEffects (webpack-internal:///(app-pages-browser)/./node_modules/next/dist/compiled/react-dom/cjs/react-dom.development.js:22926:32)
    at commitLayoutEffectOnFiber (webpack-internal:///(app-pages-browser)/./node_modules/next/dist/compiled/react-dom/cjs/react-dom.development.js:21407:41)
    at recursivelyTraverseLayoutEffects (webpack-internal:///(app-pages-browser)/./node_modules/next/dist/compiled/react-dom/cjs/react-dom.development.js:22926:32)
    at commitLayoutEffectOnFiber (webpack-internal:///(app-pages-browser)/./node_modules/next/dist/compiled/react-dom/cjs/react-dom.development.js:21418:41)
    at recursivelyTraverseLayoutEffects (webpack-internal:///(app-pages-browser)/./node_modules/next/dist/compiled/react-dom/cjs/react-dom.development.js:22926:32)
[    8223ms] Error: Map container is already initialized.
    at _initContainer (webpack-internal:///(app-pages-browser)/./node_modules/leaflet/dist/leaflet-src.js:4206:12)
    at initialize (webpack-internal:///(app-pages-browser)/./node_modules/leaflet/dist/leaflet-src.js:3248:10)
    at NewClass (webpack-internal:///(app-pages-browser)/./node_modules/leaflet/dist/leaflet-src.js:301:22)
    at MapContainerComponent/mapRef< (webpack-internal:///(app-pages-browser)/./node_modules/react-leaflet/lib/MapContainer.js:37:25)
    at commitAttachRef (webpack-internal:///(app-pages-browser)/./node_modules/next/dist/compiled/react-dom/cjs/react-dom.development.js:21677:37)
    at safelyAttachRef (webpack-internal:///(app-pages-browser)/./node_modules/next/dist/compiled/react-dom/cjs/react-dom.development.js:20803:20)
    at reappearLayoutEffects (webpack-internal:///(app-pages-browser)/./node_modules/next/dist/compiled/react-dom/cjs/react-dom.development.js:23082:24)
    at recursivelyTraverseReappearLayoutEffects (webpack-internal:///(app-pages-browser)/./node_modules/next/dist/compiled/react-dom/cjs/react-dom.development.js:23142:26)
    at reappearLayoutEffects (webpack-internal:///(app-pages-browser)/./node_modules/next/dist/compiled/react-dom/cjs/react-dom.development.js:23024:49)
    at recursivelyTraverseReappearLayoutEffects (webpack-internal:///(app-pages-browser)/./node_modules/next/dist/compiled/react-dom/cjs/react-dom.development.js:23142:26)
    at reappearLayoutEffects (webpack-internal:///(app-pages-browser)/./node_modules/next/dist/compiled/react-dom/cjs/react-dom.development.js:23072:49)
    at recursivelyTraverseReappearLayoutEffects (webpack-internal:///(app-pages-browser)/./node_modules/next/dist/compiled/react-dom/cjs/react-dom.development.js:23142:26)
    at reappearLayoutEffects (webpack-internal:///(app-pages-browser)/./node_modules/next/dist/compiled/react-dom/cjs/react-dom.development.js:23072:49)
    at recursivelyTraverseReappearLayoutEffects (webpack-internal:///(app-pages-browser)/./node_modules/next/dist/compiled/react-dom/cjs/react-dom.development.js:23142:26)
    at reappearLayoutEffects (webpack-internal:///(app-pages-browser)/./node_modules/next/dist/compiled/react-dom/cjs/react-dom.development.js:23024:49)
    at recursivelyTraverseReappearLayoutEffects (webpack-internal:///(app-pages-browser)/./node_modules/next/dist/compiled/react-dom/cjs/react-dom.development.js:23142:26)
    at reappearLayoutEffects (webpack-internal:///(app-pages-browser)/./node_modules/next/dist/compiled/react-dom/cjs/react-dom.development.js:23024:49)
    at recursivelyTraverseReappearLayoutEffects (webpack-internal:///(app-pages-browser)/./node_modules/next/dist/compiled/react-dom/cjs/react-dom.development.js:23142:26)
    at commitLayoutEffectOnFiber (webpack-internal:///(app-pages-browser)/./node_modules/next/dist/compiled/react-dom/cjs/react-dom.development.js:21550:55)
    at recursivelyTraverseLayoutEffects (webpack-internal:///(app-pages-browser)/./node_modules/next/dist/compiled/react-dom/cjs/react-dom.development.js:22926:32)
    at commitLayoutEffectOnFiber (webpack-internal:///(app-pages-browser)/./node_modules/next/dist/compiled/react-dom/cjs/react-dom.development.js:21518:41)
    at recursivelyTraverseLayoutEffects (webpack-internal:///(app-pages-browser)/./node_modules/next/dist/compiled/react-dom/cjs/react-dom.development.js:22926:32)
    at commitLayoutEffectOnFiber (webpack-internal:///(app-pages-browser)/./node_modules/next/dist/compiled/react-dom/cjs/react-dom.development.js:21407:41)
    at recursivelyTraverseLayoutEffects (webpack-internal:///(app-pages-browser)/./node_modules/next/dist/compiled/react-dom/cjs/react-dom.development.js:22926:32)
    at commitLayoutEffectOnFiber (webpack-internal:///(app-pages-browser)/./node_modules/next/dist/compiled/react-dom/cjs/react-dom.development.js:21488:41)
    at recursivelyTraverseLayoutEffects (webpack-internal:///(app-pages-browser)/./node_modules/next/dist/compiled/react-dom/cjs/react-dom.development.js:22926:32)
    at commitLayoutEffectOnFiber (webpack-internal:///(app-pages-browser)/./node_modules/next/dist/compiled/react-dom/cjs/react-dom.development.js:21488:41)
    at recursivelyTraverseLayoutEffects (webpack-internal:///(app-pages-browser)/./node_modules/next/dist/compiled/react-dom/cjs/react-dom.development.js:22926:32)
    at commitLayoutEffectOnFiber (webpack-internal:///(app-pages-browser)/./node_modules/next/dist/compiled/react-dom/cjs/react-dom.development.js:21407:41)
    at recursivelyTraverseLayoutEffects (webpack-internal:///(app-pages-browser)/./node_modules/next/dist/compiled/react-dom/cjs/react-dom.development.js:22926:32)
    at commitLayoutEffectOnFiber (webpack-internal:///(app-pages-browser)/./node_modules/next/dist/compiled/react-dom/cjs/react-dom.development.js:21407:41)
    at recursivelyTraverseLayoutEffects (webpack-internal:///(app-pages-browser)/./node_modules/next/dist/compiled/react-dom/cjs/react-dom.development.js:22926:32)
    at commitLayoutEffectOnFiber (webpack-internal:///(app-pages-browser)/./node_modules/next/dist/compiled/react-dom/cjs/react-dom.development.js:21577:41)
    at recursivelyTraverseLayoutEffects (webpack-internal:///(app-pages-browser)/./node_modules/next/dist/compiled/react-dom/cjs/react-dom.development.js:22926:32)
    at commitLayoutEffectOnFiber (webpack-internal:///(app-pages-browser)/./node_modules/next/dist/compiled/react-dom/cjs/react-dom.development.js:21577:41)
    at recursivelyTraverseLayoutEffects (webpack-internal:///(app-pages-browser)/./node_modules/next/dist/compiled/react-dom/cjs/react-dom.development.js:22926:32)
    at commitLayoutEffectOnFiber (webpack-internal:///(app-pages-browser)/./node_modules/next/dist/compiled/react-dom/cjs/react-dom.development.js:21407:41)
    at recursivelyTraverseLayoutEffects (webpack-internal:///(app-pages-browser)/./node_modules/next/dist/compiled/react-dom/cjs/react-dom.development.js:22926:32)
    at commitLayoutEffectOnFiber (webpack-internal:///(app-pages-browser)/./node_modules/next/dist/compiled/react-dom/cjs/react-dom.development.js:21418:41)
    at recursivelyTraverseLayoutEffects (webpack-internal:///(app-pages-browser)/./node_modules/next/dist/compiled/react-dom/cjs/react-dom.development.js:22926:32)
    at commitLayoutEffectOnFiber (webpack-internal:///(app-pages-browser)/./node_modules/next/dist/compiled/react-dom/cjs/react-dom.development.js:21407:41)
    at recursivelyTraverseLayoutEffects (webpack-internal:///(app-pages-browser)/./node_modules/next/dist/compiled/react-dom/cjs/react-dom.development.js:22926:32)
    at commitLayoutEffectOnFiber (webpack-internal:///(app-pages-browser)/./node_modules/next/dist/compiled/react-dom/cjs/react-dom.development.js:21407:41)
    at recursivelyTraverseLayoutEffects (webpack-internal:///(app-pages-browser)/./node_modules/next/dist/compiled/react-dom/cjs/react-dom.development.js:22926:32)
    at commitLayoutEffectOnFiber (webpack-internal:///(app-pages-browser)/./node_modules/next/dist/compiled/react-dom/cjs/react-dom.development.js:21407:41)
    at recursivelyTraverseLayoutEffects (webpack-internal:///(app-pages-browser)/./node_modules/next/dist/compiled/react-dom/cjs/react-dom.development.js:22926:32)
    at commitLayoutEffectOnFiber (webpack-internal:///(app-pages-browser)/./node_modules/next/dist/compiled/react-dom/cjs/react-dom.development.js:21407:41)
    at recursivelyTraverseLayoutEffects (webpack-internal:///(app-pages-browser)/./node_modules/next/dist/compiled/react-dom/cjs/react-dom.development.js:22926:32)
    at commitLayoutEffectOnFiber (webpack-internal:///(app-pages-browser)/./node_modules/next/dist/compiled/react-dom/cjs/react-dom.development.js:21418:41)
    at recursivelyTraverseLayoutEffects (webpack-internal:///(app-pages-browser)/./node_modules/next/dist/compiled/react-dom/cjs/react-dom.development.js:22926:32)
[    8223ms] Error: Map container is already initialized.
    at _initContainer (webpack-internal:///(app-pages-browser)/./node_modules/leaflet/dist/leaflet-src.js:4206:12)
    at initialize (webpack-internal:///(app-pages-browser)/./node_modules/leaflet/dist/leaflet-src.js:3248:10)
    at NewClass (webpack-internal:///(app-pages-browser)/./node_modules/leaflet/dist/leaflet-src.js:301:22)
    at MapContainerComponent/mapRef< (webpack-internal:///(app-pages-browser)/./node_modules/react-leaflet/lib/MapContainer.js:37:25)
    at commitAttachRef (webpack-internal:///(app-pages-browser)/./node_modules/next/dist/compiled/react-dom/cjs/react-dom.development.js:21677:37)
    at safelyAttachRef (webpack-internal:///(app-pages-browser)/./node_modules/next/dist/compiled/react-dom/cjs/react-dom.development.js:20803:20)
    at reappearLayoutEffects (webpack-internal:///(app-pages-browser)/./node_modules/next/dist/compiled/react-dom/cjs/react-dom.development.js:23082:24)
    at recursivelyTraverseReappearLayoutEffects (webpack-internal:///(app-pages-browser)/./node_modules/next/dist/compiled/react-dom/cjs/react-dom.development.js:23142:26)
    at reappearLayoutEffects (webpack-internal:///(app-pages-browser)/./node_modules/next/dist/compiled/react-dom/cjs/react-dom.development.js:23024:49)
    at recursivelyTraverseReappearLayoutEffects (webpack-internal:///(app-pages-browser)/./node_modules/next/dist/compiled/react-dom/cjs/react-dom.development.js:23142:26)
    at reappearLayoutEffects (webpack-internal:///(app-pages-browser)/./node_modules/next/dist/compiled/react-dom/cjs/react-dom.development.js:23072:49)
    at recursivelyTraverseReappearLayoutEffects (webpack-internal:///(app-pages-browser)/./node_modules/next/dist/compiled/react-dom/cjs/react-dom.development.js:23142:26)
    at reappearLayoutEffects (webpack-internal:///(app-pages-browser)/./node_modules/next/dist/compiled/react-dom/cjs/react-dom.development.js:23072:49)
    at recursivelyTraverseReappearLayoutEffects (webpack-internal:///(app-pages-browser)/./node_modules/next/dist/compiled/react-dom/cjs/react-dom.development.js:23142:26)
    at reappearLayoutEffects (webpack-internal:///(app-pages-browser)/./node_modules/next/dist/compiled/react-dom/cjs/react-dom.development.js:23024:49)
    at recursivelyTraverseReappearLayoutEffects (webpack-internal:///(app-pages-browser)/./node_modules/next/dist/compiled/react-dom/cjs/react-dom.development.js:23142:26)
    at reappearLayoutEffects (webpack-internal:///(app-pages-browser)/./node_modules/next/dist/compiled/react-dom/cjs/react-dom.development.js:23024:49)
    at recursivelyTraverseReappearLayoutEffects (webpack-internal:///(app-pages-browser)/./node_modules/next/dist/compiled/react-dom/cjs/react-dom.development.js:23142:26)
    at commitLayoutEffectOnFiber (webpack-internal:///(app-pages-browser)/./node_modules/next/dist/compiled/react-dom/cjs/react-dom.development.js:21550:55)
    at recursivelyTraverseLayoutEffects (webpack-internal:///(app-pages-browser)/./node_modules/next/dist/compiled/react-dom/cjs/react-dom.development.js:22926:32)
    at commitLayoutEffectOnFiber (webpack-internal:///(app-pages-browser)/./node_modules/next/dist/compiled/react-dom/cjs/react-dom.development.js:21518:41)
    at recursivelyTraverseLayoutEffects (webpack-internal:///(app-pages-browser)/./node_modules/next/dist/compiled/react-dom/cjs/react-dom.development.js:22926:32)
    at commitLayoutEffectOnFiber (webpack-internal:///(app-pages-browser)/./node_modules/next/dist/compiled/react-dom/cjs/react-dom.development.js:21407:41)
    at recursivelyTraverseLayoutEffects (webpack-internal:///(app-pages-browser)/./node_modules/next/dist/compiled/react-dom/cjs/react-dom.development.js:22926:32)
    at commitLayoutEffectOnFiber (webpack-internal:///(app-pages-browser)/./node_modules/next/dist/compiled/react-dom/cjs/react-dom.development.js:21488:41)
    at recursivelyTraverseLayoutEffects (webpack-internal:///(app-pages-browser)/./node_modules/next/dist/compiled/react-dom/cjs/react-dom.development.js:22926:32)
    at commitLayoutEffectOnFiber (webpack-internal:///(app-pages-browser)/./node_modules/next/dist/compiled/react-dom/cjs/react-dom.development.js:21488:41)
    at recursivelyTraverseLayoutEffects (webpack-internal:///(app-pages-browser)/./node_modules/next/dist/compiled/react-dom/cjs/react-dom.development.js:22926:32)
    at commitLayoutEffectOnFiber (webpack-internal:///(app-pages-browser)/./node_modules/next/dist/compiled/react-dom/cjs/react-dom.development.js:21407:41)
    at recursivelyTraverseLayoutEffects (webpack-internal:///(app-pages-browser)/./node_modules/next/dist/compiled/react-dom/cjs/react-dom.development.js:22926:32)
    at commitLayoutEffectOnFiber (webpack-internal:///(app-pages-browser)/./node_modules/next/dist/compiled/react-dom/cjs/react-dom.development.js:21407:41)
    at recursivelyTraverseLayoutEffects (webpack-internal:///(app-pages-browser)/./node_modules/next/dist/compiled/react-dom/cjs/react-dom.development.js:22926:32)
    at commitLayoutEffectOnFiber (webpack-internal:///(app-pages-browser)/./node_modules/next/dist/compiled/react-dom/cjs/react-dom.development.js:21577:41)
    at recursivelyTraverseLayoutEffects (webpack-internal:///(app-pages-browser)/./node_modules/next/dist/compiled/react-dom/cjs/react-dom.development.js:22926:32)
    at commitLayoutEffectOnFiber (webpack-internal:///(app-pages-browser)/./node_modules/next/dist/compiled/react-dom/cjs/react-dom.development.js:21577:41)
    at recursivelyTraverseLayoutEffects (webpack-internal:///(app-pages-browser)/./node_modules/next/dist/compiled/react-dom/cjs/react-dom.development.js:22926:32)
    at commitLayoutEffectOnFiber (webpack-internal:///(app-pages-browser)/./node_modules/next/dist/compiled/react-dom/cjs/react-dom.development.js:21407:41)
    at recursivelyTraverseLayoutEffects (webpack-internal:///(app-pages-browser)/./node_modules/next/dist/compiled/react-dom/cjs/react-dom.development.js:22926:32)
    at commitLayoutEffectOnFiber (webpack-internal:///(app-pages-browser)/./node_modules/next/dist/compiled/react-dom/cjs/react-dom.development.js:21418:41)
    at recursivelyTraverseLayoutEffects (webpack-internal:///(app-pages-browser)/./node_modules/next/dist/compiled/react-dom/cjs/react-dom.development.js:22926:32)
    at commitLayoutEffectOnFiber (webpack-internal:///(app-pages-browser)/./node_modules/next/dist/compiled/react-dom/cjs/react-dom.development.js:21407:41)
    at recursivelyTraverseLayoutEffects (webpack-internal:///(app-pages-browser)/./node_modules/next/dist/compiled/react-dom/cjs/react-dom.development.js:22926:32)
    at commitLayoutEffectOnFiber (webpack-internal:///(app-pages-browser)/./node_modules/next/dist/compiled/react-dom/cjs/react-dom.development.js:21407:41)
    at recursivelyTraverseLayoutEffects (webpack-internal:///(app-pages-browser)/./node_modules/next/dist/compiled/react-dom/cjs/react-dom.development.js:22926:32)
    at commitLayoutEffectOnFiber (webpack-internal:///(app-pages-browser)/./node_modules/next/dist/compiled/react-dom/cjs/react-dom.development.js:21407:41)
    at recursivelyTraverseLayoutEffects (webpack-internal:///(app-pages-browser)/./node_modules/next/dist/compiled/react-dom/cjs/react-dom.development.js:22926:32)
    at commitLayoutEffectOnFiber (webpack-internal:///(app-pages-browser)/./node_modules/next/dist/compiled/react-dom/cjs/react-dom.development.js:21407:41)
    at recursivelyTraverseLayoutEffects (webpack-internal:///(app-pages-browser)/./node_modules/next/dist/compiled/react-dom/cjs/react-dom.development.js:22926:32)
    at commitLayoutEffectOnFiber (webpack-internal:///(app-pages-browser)/./node_modules/next/dist/compiled/react-dom/cjs/react-dom.development.js:21418:41)
    at recursivelyTraverseLayoutEffects (webpack-internal:///(app-pages-browser)/./node_modules/next/dist/compiled/react-dom/cjs/react-dom.development.js:22926:32)
[    8223ms] Error: Map container is already initialized.
    at _initContainer (webpack-internal:///(app-pages-browser)/./node_modules/leaflet/dist/leaflet-src.js:4206:12)
    at initialize (webpack-internal:///(app-pages-browser)/./node_modules/leaflet/dist/leaflet-src.js:3248:10)
    at NewClass (webpack-internal:///(app-pages-browser)/./node_modules/leaflet/dist/leaflet-src.js:301:22)
    at MapContainerComponent/mapRef< (webpack-internal:///(app-pages-browser)/./node_modules/react-leaflet/lib/MapContainer.js:37:25)
    at commitAttachRef (webpack-internal:///(app-pages-browser)/./node_modules/next/dist/compiled/react-dom/cjs/react-dom.development.js:21677:37)
    at safelyAttachRef (webpack-internal:///(app-pages-browser)/./node_modules/next/dist/compiled/react-dom/cjs/react-dom.development.js:20803:20)
    at reappearLayoutEffects (webpack-internal:///(app-pages-browser)/./node_modules/next/dist/compiled/react-dom/cjs/react-dom.development.js:23082:24)
    at recursivelyTraverseReappearLayoutEffects (webpack-internal:///(app-pages-browser)/./node_modules/next/dist/compiled/react-dom/cjs/react-dom.development.js:23142:26)
    at reappearLayoutEffects (webpack-internal:///(app-pages-browser)/./node_modules/next/dist/compiled/react-dom/cjs/react-dom.development.js:23024:49)
    at recursivelyTraverseReappearLayoutEffects (webpack-internal:///(app-pages-browser)/./node_modules/next/dist/compiled/react-dom/cjs/react-dom.development.js:23142:26)
    at reappearLayoutEffects (webpack-internal:///(app-pages-browser)/./node_modules/next/dist/compiled/react-dom/cjs/react-dom.development.js:23072:49)
    at recursivelyTraverseReappearLayoutEffects (webpack-internal:///(app-pages-browser)/./node_modules/next/dist/compiled/react-dom/cjs/react-dom.development.js:23142:26)
    at reappearLayoutEffects (webpack-internal:///(app-pages-browser)/./node_modules/next/dist/compiled/react-dom/cjs/react-dom.development.js:23072:49)
    at recursivelyTraverseReappearLayoutEffects (webpack-internal:///(app-pages-browser)/./node_modules/next/dist/compiled/react-dom/cjs/react-dom.development.js:23142:26)
    at reappearLayoutEffects (webpack-internal:///(app-pages-browser)/./node_modules/next/dist/compiled/react-dom/cjs/react-dom.development.js:23024:49)
    at recursivelyTraverseReappearLayoutEffects (webpack-internal:///(app-pages-browser)/./node_modules/next/dist/compiled/react-dom/cjs/react-dom.development.js:23142:26)
    at reappearLayoutEffects (webpack-internal:///(app-pages-browser)/./node_modules/next/dist/compiled/react-dom/cjs/react-dom.development.js:23024:49)
    at recursivelyTraverseReappearLayoutEffects (webpack-internal:///(app-pages-browser)/./node_modules/next/dist/compiled/react-dom/cjs/react-dom.development.js:23142:26)
    at commitLayoutEffectOnFiber (webpack-internal:///(app-pages-browser)/./node_modules/next/dist/compiled/react-dom/cjs/react-dom.development.js:21550:55)
    at recursivelyTraverseLayoutEffects (webpack-internal:///(app-pages-browser)/./node_modules/next/dist/compiled/react-dom/cjs/react-dom.development.js:22926:32)
    at commitLayoutEffectOnFiber (webpack-internal:///(app-pages-browser)/./node_modules/next/dist/compiled/react-dom/cjs/react-dom.development.js:21518:41)
    at recursivelyTraverseLayoutEffects (webpack-internal:///(app-pages-browser)/./node_modules/next/dist/compiled/react-dom/cjs/react-dom.development.js:22926:32)
    at commitLayoutEffectOnFiber (webpack-internal:///(app-pages-browser)/./node_modules/next/dist/compiled/react-dom/cjs/react-dom.development.js:21407:41)
    at recursivelyTraverseLayoutEffects (webpack-internal:///(app-pages-browser)/./node_modules/next/dist/compiled/react-dom/cjs/react-dom.development.js:22926:32)
    at commitLayoutEffectOnFiber (webpack-internal:///(app-pages-browser)/./node_modules/next/dist/compiled/react-dom/cjs/react-dom.development.js:21488:41)
    at recursivelyTraverseLayoutEffects (webpack-internal:///(app-pages-browser)/./node_modules/next/dist/compiled/react-dom/cjs/react-dom.development.js:22926:32)
    at commitLayoutEffectOnFiber (webpack-internal:///(app-pages-browser)/./node_modules/next/dist/compiled/react-dom/cjs/react-dom.development.js:21488:41)
    at recursivelyTraverseLayoutEffects (webpack-internal:///(app-pages-browser)/./node_modules/next/dist/compiled/react-dom/cjs/react-dom.development.js:22926:32)
    at commitLayoutEffectOnFiber (webpack-internal:///(app-pages-browser)/./node_modules/next/dist/compiled/react-dom/cjs/react-dom.development.js:21407:41)
    at recursivelyTraverseLayoutEffects (webpack-internal:///(app-pages-browser)/./node_modules/next/dist/compiled/react-dom/cjs/react-dom.development.js:22926:32)
    at commitLayoutEffectOnFiber (webpack-internal:///(app-pages-browser)/./node_modules/next/dist/compiled/react-dom/cjs/react-dom.development.js:21407:41)
    at recursivelyTraverseLayoutEffects (webpack-internal:///(app-pages-browser)/./node_modules/next/dist/compiled/react-dom/cjs/react-dom.development.js:22926:32)
    at commitLayoutEffectOnFiber (webpack-internal:///(app-pages-browser)/./node_modules/next/dist/compiled/react-dom/cjs/react-dom.development.js:21577:41)
    at recursivelyTraverseLayoutEffects (webpack-internal:///(app-pages-browser)/./node_modules/next/dist/compiled/react-dom/cjs/react-dom.development.js:22926:32)
    at commitLayoutEffectOnFiber (webpack-internal:///(app-pages-browser)/./node_modules/next/dist/compiled/react-dom/cjs/react-dom.development.js:21577:41)
    at recursivelyTraverseLayoutEffects (webpack-internal:///(app-pages-browser)/./node_modules/next/dist/compiled/react-dom/cjs/react-dom.development.js:22926:32)
    at commitLayoutEffectOnFiber (webpack-internal:///(app-pages-browser)/./node_modules/next/dist/compiled/react-dom/cjs/react-dom.development.js:21407:41)
    at recursivelyTraverseLayoutEffects (webpack-internal:///(app-pages-browser)/./node_modules/next/dist/compiled/react-dom/cjs/react-dom.development.js:22926:32)
    at commitLayoutEffectOnFiber (webpack-internal:///(app-pages-browser)/./node_modules/next/dist/compiled/react-dom/cjs/react-dom.development.js:21418:41)
    at recursivelyTraverseLayoutEffects (webpack-internal:///(app-pages-browser)/./node_modules/next/dist/compiled/react-dom/cjs/react-dom.development.js:22926:32)
    at commitLayoutEffectOnFiber (webpack-internal:///(app-pages-browser)/./node_modules/next/dist/compiled/react-dom/cjs/react-dom.development.js:21407:41)
    at recursivelyTraverseLayoutEffects (webpack-internal:///(app-pages-browser)/./node_modules/next/dist/compiled/react-dom/cjs/react-dom.development.js:22926:32)
    at commitLayoutEffectOnFiber (webpack-internal:///(app-pages-browser)/./node_modules/next/dist/compiled/react-dom/cjs/react-dom.development.js:21407:41)
    at recursivelyTraverseLayoutEffects (webpack-internal:///(app-pages-browser)/./node_modules/next/dist/compiled/react-dom/cjs/react-dom.development.js:22926:32)
    at commitLayoutEffectOnFiber (webpack-internal:///(app-pages-browser)/./node_modules/next/dist/compiled/react-dom/cjs/react-dom.development.js:21407:41)
    at recursivelyTraverseLayoutEffects (webpack-internal:///(app-pages-browser)/./node_modules/next/dist/compiled/react-dom/cjs/react-dom.development.js:22926:32)
    at commitLayoutEffectOnFiber (webpack-internal:///(app-pages-browser)/./node_modules/next/dist/compiled/react-dom/cjs/react-dom.development.js:21407:41)
    at recursivelyTraverseLayoutEffects (webpack-internal:///(app-pages-browser)/./node_modules/next/dist/compiled/react-dom/cjs/react-dom.development.js:22926:32)
    at commitLayoutEffectOnFiber (webpack-internal:///(app-pages-browser)/./node_modules/next/dist/compiled/react-dom/cjs/react-dom.development.js:21418:41)
    at recursivelyTraverseLayoutEffects (webpack-internal:///(app-pages-browser)/./node_modules/next/dist/compiled/react-dom/cjs/react-dom.development.js:22926:32)
[    8224ms] Error: Map container is already initialized.
    at _initContainer (webpack-internal:///(app-pages-browser)/./node_modules/leaflet/dist/leaflet-src.js:4206:12)
    at initialize (webpack-internal:///(app-pages-browser)/./node_modules/leaflet/dist/leaflet-src.js:3248:10)
    at NewClass (webpack-internal:///(app-pages-browser)/./node_modules/leaflet/dist/leaflet-src.js:301:22)
    at MapContainerComponent/mapRef< (webpack-internal:///(app-pages-browser)/./node_modules/react-leaflet/lib/MapContainer.js:37:25)
    at commitAttachRef (webpack-internal:///(app-pages-browser)/./node_modules/next/dist/compiled/react-dom/cjs/react-dom.development.js:21677:37)
    at safelyAttachRef (webpack-internal:///(app-pages-browser)/./node_modules/next/dist/compiled/react-dom/cjs/react-dom.development.js:20803:20)
    at reappearLayoutEffects (webpack-internal:///(app-pages-browser)/./node_modules/next/dist/compiled/react-dom/cjs/react-dom.development.js:23082:24)
    at recursivelyTraverseReappearLayoutEffects (webpack-internal:///(app-pages-browser)/./node_modules/next/dist/compiled/react-dom/cjs/react-dom.development.js:23142:26)
    at reappearLayoutEffects (webpack-internal:///(app-pages-browser)/./node_modules/next/dist/compiled/react-dom/cjs/react-dom.development.js:23024:49)
    at recursivelyTraverseReappearLayoutEffects (webpack-internal:///(app-pages-browser)/./node_modules/next/dist/compiled/react-dom/cjs/react-dom.development.js:23142:26)
    at reappearLayoutEffects (webpack-internal:///(app-pages-browser)/./node_modules/next/dist/compiled/react-dom/cjs/react-dom.development.js:23072:49)
    at recursivelyTraverseReappearLayoutEffects (webpack-internal:///(app-pages-browser)/./node_modules/next/dist/compiled/react-dom/cjs/react-dom.development.js:23142:26)
    at reappearLayoutEffects (webpack-internal:///(app-pages-browser)/./node_modules/next/dist/compiled/react-dom/cjs/react-dom.development.js:23072:49)
    at recursivelyTraverseReappearLayoutEffects (webpack-internal:///(app-pages-browser)/./node_modules/next/dist/compiled/react-dom/cjs/react-dom.development.js:23142:26)
    at reappearLayoutEffects (webpack-internal:///(app-pages-browser)/./node_modules/next/dist/compiled/react-dom/cjs/react-dom.development.js:23024:49)
    at recursivelyTraverseReappearLayoutEffects (webpack-internal:///(app-pages-browser)/./node_modules/next/dist/compiled/react-dom/cjs/react-dom.development.js:23142:26)
    at reappearLayoutEffects (webpack-internal:///(app-pages-browser)/./node_modules/next/dist/compiled/react-dom/cjs/react-dom.development.js:23024:49)
    at recursivelyTraverseReappearLayoutEffects (webpack-internal:///(app-pages-browser)/./node_modules/next/dist/compiled/react-dom/cjs/react-dom.development.js:23142:26)
    at commitLayoutEffectOnFiber (webpack-internal:///(app-pages-browser)/./node_modules/next/dist/compiled/react-dom/cjs/react-dom.development.js:21550:55)
    at recursivelyTraverseLayoutEffects (webpack-internal:///(app-pages-browser)/./node_modules/next/dist/compiled/react-dom/cjs/react-dom.development.js:22926:32)
    at commitLayoutEffectOnFiber (webpack-internal:///(app-pages-browser)/./node_modules/next/dist/compiled/react-dom/cjs/react-dom.development.js:21518:41)
    at recursivelyTraverseLayoutEffects (webpack-internal:///(app-pages-browser)/./node_modules/next/dist/compiled/react-dom/cjs/react-dom.development.js:22926:32)
    at commitLayoutEffectOnFiber (webpack-internal:///(app-pages-browser)/./node_modules/next/dist/compiled/react-dom/cjs/react-dom.development.js:21407:41)
    at recursivelyTraverseLayoutEffects (webpack-internal:///(app-pages-browser)/./node_modules/next/dist/compiled/react-dom/cjs/react-dom.development.js:22926:32)
    at commitLayoutEffectOnFiber (webpack-internal:///(app-pages-browser)/./node_modules/next/dist/compiled/react-dom/cjs/react-dom.development.js:21488:41)
    at recursivelyTraverseLayoutEffects (webpack-internal:///(app-pages-browser)/./node_modules/next/dist/compiled/react-dom/cjs/react-dom.development.js:22926:32)
    at commitLayoutEffectOnFiber (webpack-internal:///(app-pages-browser)/./node_modules/next/dist/compiled/react-dom/cjs/react-dom.development.js:21488:41)
    at recursivelyTraverseLayoutEffects (webpack-internal:///(app-pages-browser)/./node_modules/next/dist/compiled/react-dom/cjs/react-dom.development.js:22926:32)
    at commitLayoutEffectOnFiber (webpack-internal:///(app-pages-browser)/./node_modules/next/dist/compiled/react-dom/cjs/react-dom.development.js:21407:41)
    at recursivelyTraverseLayoutEffects (webpack-internal:///(app-pages-browser)/./node_modules/next/dist/compiled/react-dom/cjs/react-dom.development.js:22926:32)
    at commitLayoutEffectOnFiber (webpack-internal:///(app-pages-browser)/./node_modules/next/dist/compiled/react-dom/cjs/react-dom.development.js:21407:41)
    at recursivelyTraverseLayoutEffects (webpack-internal:///(app-pages-browser)/./node_modules/next/dist/compiled/react-dom/cjs/react-dom.development.js:22926:32)
    at commitLayoutEffectOnFiber (webpack-internal:///(app-pages-browser)/./node_modules/next/dist/compiled/react-dom/cjs/react-dom.development.js:21577:41)
    at recursivelyTraverseLayoutEffects (webpack-internal:///(app-pages-browser)/./node_modules/next/dist/compiled/react-dom/cjs/react-dom.development.js:22926:32)
    at commitLayoutEffectOnFiber (webpack-internal:///(app-pages-browser)/./node_modules/next/dist/compiled/react-dom/cjs/react-dom.development.js:21577:41)
    at recursivelyTraverseLayoutEffects (webpack-internal:///(app-pages-browser)/./node_modules/next/dist/compiled/react-dom/cjs/react-dom.development.js:22926:32)
    at commitLayoutEffectOnFiber (webpack-internal:///(app-pages-browser)/./node_modules/next/dist/compiled/react-dom/cjs/react-dom.development.js:21407:41)
    at recursivelyTraverseLayoutEffects (webpack-internal:///(app-pages-browser)/./node_modules/next/dist/compiled/react-dom/cjs/react-dom.development.js:22926:32)
    at commitLayoutEffectOnFiber (webpack-internal:///(app-pages-browser)/./node_modules/next/dist/compiled/react-dom/cjs/react-dom.development.js:21418:41)
    at recursivelyTraverseLayoutEffects (webpack-internal:///(app-pages-browser)/./node_modules/next/dist/compiled/react-dom/cjs/react-dom.development.js:22926:32)
    at commitLayoutEffectOnFiber (webpack-internal:///(app-pages-browser)/./node_modules/next/dist/compiled/react-dom/cjs/react-dom.development.js:21407:41)
    at recursivelyTraverseLayoutEffects (webpack-internal:///(app-pages-browser)/./node_modules/next/dist/compiled/react-dom/cjs/react-dom.development.js:22926:32)
    at commitLayoutEffectOnFiber (webpack-internal:///(app-pages-browser)/./node_modules/next/dist/compiled/react-dom/cjs/react-dom.development.js:21407:41)
    at recursivelyTraverseLayoutEffects (webpack-internal:///(app-pages-browser)/./node_modules/next/dist/compiled/react-dom/cjs/react-dom.development.js:22926:32)
    at commitLayoutEffectOnFiber (webpack-internal:///(app-pages-browser)/./node_modules/next/dist/compiled/react-dom/cjs/react-dom.development.js:21407:41)
    at recursivelyTraverseLayoutEffects (webpack-internal:///(app-pages-browser)/./node_modules/next/dist/compiled/react-dom/cjs/react-dom.development.js:22926:32)
    at commitLayoutEffectOnFiber (webpack-internal:///(app-pages-browser)/./node_modules/next/dist/compiled/react-dom/cjs/react-dom.development.js:21407:41)
    at recursivelyTraverseLayoutEffects (webpack-internal:///(app-pages-browser)/./node_modules/next/dist/compiled/react-dom/cjs/react-dom.development.js:22926:32)
    at commitLayoutEffectOnFiber (webpack-internal:///(app-pages-browser)/./node_modules/next/dist/compiled/react-dom/cjs/react-dom.development.js:21418:41)
    at recursivelyTraverseLayoutEffects (webpack-internal:///(app-pages-browser)/./node_modules/next/dist/compiled/react-dom/cjs/react-dom.development.js:22926:32)
[    8224ms] Error: Map container is already initialized.
    at _initContainer (webpack-internal:///(app-pages-browser)/./node_modules/leaflet/dist/leaflet-src.js:4206:12)
    at initialize (webpack-internal:///(app-pages-browser)/./node_modules/leaflet/dist/leaflet-src.js:3248:10)
    at NewClass (webpack-internal:///(app-pages-browser)/./node_modules/leaflet/dist/leaflet-src.js:301:22)
    at MapContainerComponent/mapRef< (webpack-internal:///(app-pages-browser)/./node_modules/react-leaflet/lib/MapContainer.js:37:25)
    at commitAttachRef (webpack-internal:///(app-pages-browser)/./node_modules/next/dist/compiled/react-dom/cjs/react-dom.development.js:21677:37)
    at safelyAttachRef (webpack-internal:///(app-pages-browser)/./node_modules/next/dist/compiled/react-dom/cjs/react-dom.development.js:20803:20)
    at reappearLayoutEffects (webpack-internal:///(app-pages-browser)/./node_modules/next/dist/compiled/react-dom/cjs/react-dom.development.js:23082:24)
    at recursivelyTraverseReappearLayoutEffects (webpack-internal:///(app-pages-browser)/./node_modules/next/dist/compiled/react-dom/cjs/react-dom.development.js:23142:26)
    at reappearLayoutEffects (webpack-internal:///(app-pages-browser)/./node_modules/next/dist/compiled/react-dom/cjs/react-dom.development.js:23024:49)
    at recursivelyTraverseReappearLayoutEffects (webpack-internal:///(app-pages-browser)/./node_modules/next/dist/compiled/react-dom/cjs/react-dom.development.js:23142:26)
    at reappearLayoutEffects (webpack-internal:///(app-pages-browser)/./node_modules/next/dist/compiled/react-dom/cjs/react-dom.development.js:23072:49)
    at recursivelyTraverseReappearLayoutEffects (webpack-internal:///(app-pages-browser)/./node_modules/next/dist/compiled/react-dom/cjs/react-dom.development.js:23142:26)
    at reappearLayoutEffects (webpack-internal:///(app-pages-browser)/./node_modules/next/dist/compiled/react-dom/cjs/react-dom.development.js:23072:49)
    at recursivelyTraverseReappearLayoutEffects (webpack-internal:///(app-pages-browser)/./node_modules/next/dist/compiled/react-dom/cjs/react-dom.development.js:23142:26)
    at reappearLayoutEffects (webpack-internal:///(app-pages-browser)/./node_modules/next/dist/compiled/react-dom/cjs/react-dom.development.js:23024:49)
    at recursivelyTraverseReappearLayoutEffects (webpack-internal:///(app-pages-browser)/./node_modules/next/dist/compiled/react-dom/cjs/react-dom.development.js:23142:26)
    at reappearLayoutEffects (webpack-internal:///(app-pages-browser)/./node_modules/next/dist/compiled/react-dom/cjs/react-dom.development.js:23024:49)
    at recursivelyTraverseReappearLayoutEffects (webpack-internal:///(app-pages-browser)/./node_modules/next/dist/compiled/react-dom/cjs/react-dom.development.js:23142:26)
    at commitLayoutEffectOnFiber (webpack-internal:///(app-pages-browser)/./node_modules/next/dist/compiled/react-dom/cjs/react-dom.development.js:21550:55)
    at recursivelyTraverseLayoutEffects (webpack-internal:///(app-pages-browser)/./node_modules/next/dist/compiled/react-dom/cjs/react-dom.development.js:22926:32)
    at commitLayoutEffectOnFiber (webpack-internal:///(app-pages-browser)/./node_modules/next/dist/compiled/react-dom/cjs/react-dom.development.js:21518:41)
    at recursivelyTraverseLayoutEffects (webpack-internal:///(app-pages-browser)/./node_modules/next/dist/compiled/react-dom/cjs/react-dom.development.js:22926:32)
    at commitLayoutEffectOnFiber (webpack-internal:///(app-pages-browser)/./node_modules/next/dist/compiled/react-dom/cjs/react-dom.development.js:21407:41)
    at recursivelyTraverseLayoutEffects (webpack-internal:///(app-pages-browser)/./node_modules/next/dist/compiled/react-dom/cjs/react-dom.development.js:22926:32)
    at commitLayoutEffectOnFiber (webpack-internal:///(app-pages-browser)/./node_modules/next/dist/compiled/react-dom/cjs/react-dom.development.js:21488:41)
    at recursivelyTraverseLayoutEffects (webpack-internal:///(app-pages-browser)/./node_modules/next/dist/compiled/react-dom/cjs/react-dom.development.js:22926:32)
    at commitLayoutEffectOnFiber (webpack-internal:///(app-pages-browser)/./node_modules/next/dist/compiled/react-dom/cjs/react-dom.development.js:21488:41)
    at recursivelyTraverseLayoutEffects (webpack-internal:///(app-pages-browser)/./node_modules/next/dist/compiled/react-dom/cjs/react-dom.development.js:22926:32)
    at commitLayoutEffectOnFiber (webpack-internal:///(app-pages-browser)/./node_modules/next/dist/compiled/react-dom/cjs/react-dom.development.js:21407:41)
    at recursivelyTraverseLayoutEffects (webpack-internal:///(app-pages-browser)/./node_modules/next/dist/compiled/react-dom/cjs/react-dom.development.js:22926:32)
    at commitLayoutEffectOnFiber (webpack-internal:///(app-pages-browser)/./node_modules/next/dist/compiled/react-dom/cjs/react-dom.development.js:21407:41)
    at recursivelyTraverseLayoutEffects (webpack-internal:///(app-pages-browser)/./node_modules/next/dist/compiled/react-dom/cjs/react-dom.development.js:22926:32)
    at commitLayoutEffectOnFiber (webpack-internal:///(app-pages-browser)/./node_modules/next/dist/compiled/react-dom/cjs/react-dom.development.js:21577:41)
    at recursivelyTraverseLayoutEffects (webpack-internal:///(app-pages-browser)/./node_modules/next/dist/compiled/react-dom/cjs/react-dom.development.js:22926:32)
    at commitLayoutEffectOnFiber (webpack-internal:///(app-pages-browser)/./node_modules/next/dist/compiled/react-dom/cjs/react-dom.development.js:21577:41)
    at recursivelyTraverseLayoutEffects (webpack-internal:///(app-pages-browser)/./node_modules/next/dist/compiled/react-dom/cjs/react-dom.development.js:22926:32)
    at commitLayoutEffectOnFiber (webpack-internal:///(app-pages-browser)/./node_modules/next/dist/compiled/react-dom/cjs/react-dom.development.js:21407:41)
    at recursivelyTraverseLayoutEffects (webpack-internal:///(app-pages-browser)/./node_modules/next/dist/compiled/react-dom/cjs/react-dom.development.js:22926:32)
    at commitLayoutEffectOnFiber (webpack-internal:///(app-pages-browser)/./node_modules/next/dist/compiled/react-dom/cjs/react-dom.development.js:21418:41)
    at recursivelyTraverseLayoutEffects (webpack-internal:///(app-pages-browser)/./node_modules/next/dist/compiled/react-dom/cjs/react-dom.development.js:22926:32)
    at commitLayoutEffectOnFiber (webpack-internal:///(app-pages-browser)/./node_modules/next/dist/compiled/react-dom/cjs/react-dom.development.js:21407:41)
    at recursivelyTraverseLayoutEffects (webpack-internal:///(app-pages-browser)/./node_modules/next/dist/compiled/react-dom/cjs/react-dom.development.js:22926:32)
    at commitLayoutEffectOnFiber (webpack-internal:///(app-pages-browser)/./node_modules/next/dist/compiled/react-dom/cjs/react-dom.development.js:21407:41)
    at recursivelyTraverseLayoutEffects (webpack-internal:///(app-pages-browser)/./node_modules/next/dist/compiled/react-dom/cjs/react-dom.development.js:22926:32)
    at commitLayoutEffectOnFiber (webpack-internal:///(app-pages-browser)/./node_modules/next/dist/compiled/react-dom/cjs/react-dom.development.js:21407:41)
    at recursivelyTraverseLayoutEffects (webpack-internal:///(app-pages-browser)/./node_modules/next/dist/compiled/react-dom/cjs/react-dom.development.js:22926:32)
    at commitLayoutEffectOnFiber (webpack-internal:///(app-pages-browser)/./node_modules/next/dist/compiled/react-dom/cjs/react-dom.development.js:21407:41)
    at recursivelyTraverseLayoutEffects (webpack-internal:///(app-pages-browser)/./node_modules/next/dist/compiled/react-dom/cjs/react-dom.development.js:22926:32)
    at commitLayoutEffectOnFiber (webpack-internal:///(app-pages-browser)/./node_modules/next/dist/compiled/react-dom/cjs/react-dom.development.js:21418:41)
    at recursivelyTraverseLayoutEffects (webpack-internal:///(app-pages-browser)/./node_modules/next/dist/compiled/react-dom/cjs/react-dom.development.js:22926:32)
[    8224ms] Error: Map container is already initialized.
    at _initContainer (webpack-internal:///(app-pages-browser)/./node_modules/leaflet/dist/leaflet-src.js:4206:12)
    at initialize (webpack-internal:///(app-pages-browser)/./node_modules/leaflet/dist/leaflet-src.js:3248:10)
    at NewClass (webpack-internal:///(app-pages-browser)/./node_modules/leaflet/dist/leaflet-src.js:301:22)
    at MapContainerComponent/mapRef< (webpack-internal:///(app-pages-browser)/./node_modules/react-leaflet/lib/MapContainer.js:37:25)
    at commitAttachRef (webpack-internal:///(app-pages-browser)/./node_modules/next/dist/compiled/react-dom/cjs/react-dom.development.js:21677:37)
    at safelyAttachRef (webpack-internal:///(app-pages-browser)/./node_modules/next/dist/compiled/react-dom/cjs/react-dom.development.js:20803:20)
    at reappearLayoutEffects (webpack-internal:///(app-pages-browser)/./node_modules/next/dist/compiled/react-dom/cjs/react-dom.development.js:23082:24)
    at recursivelyTraverseReappearLayoutEffects (webpack-internal:///(app-pages-browser)/./node_modules/next/dist/compiled/react-dom/cjs/react-dom.development.js:23142:26)
    at reappearLayoutEffects (webpack-internal:///(app-pages-browser)/./node_modules/next/dist/compiled/react-dom/cjs/react-dom.development.js:23024:49)
    at recursivelyTraverseReappearLayoutEffects (webpack-internal:///(app-pages-browser)/./node_modules/next/dist/compiled/react-dom/cjs/react-dom.development.js:23142:26)
    at reappearLayoutEffects (webpack-internal:///(app-pages-browser)/./node_modules/next/dist/compiled/react-dom/cjs/react-dom.development.js:23072:49)
    at recursivelyTraverseReappearLayoutEffects (webpack-internal:///(app-pages-browser)/./node_modules/next/dist/compiled/react-dom/cjs/react-dom.development.js:23142:26)
    at reappearLayoutEffects (webpack-internal:///(app-pages-browser)/./node_modules/next/dist/compiled/react-dom/cjs/react-dom.development.js:23072:49)
    at recursivelyTraverseReappearLayoutEffects (webpack-internal:///(app-pages-browser)/./node_modules/next/dist/compiled/react-dom/cjs/react-dom.development.js:23142:26)
    at reappearLayoutEffects (webpack-internal:///(app-pages-browser)/./node_modules/next/dist/compiled/react-dom/cjs/react-dom.development.js:23024:49)
    at recursivelyTraverseReappearLayoutEffects (webpack-internal:///(app-pages-browser)/./node_modules/next/dist/compiled/react-dom/cjs/react-dom.development.js:23142:26)
    at reappearLayoutEffects (webpack-internal:///(app-pages-browser)/./node_modules/next/dist/compiled/react-dom/cjs/react-dom.development.js:23024:49)
    at recursivelyTraverseReappearLayoutEffects (webpack-internal:///(app-pages-browser)/./node_modules/next/dist/compiled/react-dom/cjs/react-dom.development.js:23142:26)
    at commitLayoutEffectOnFiber (webpack-internal:///(app-pages-browser)/./node_modules/next/dist/compiled/react-dom/cjs/react-dom.development.js:21550:55)
    at recursivelyTraverseLayoutEffects (webpack-internal:///(app-pages-browser)/./node_modules/next/dist/compiled/react-dom/cjs/react-dom.development.js:22926:32)
    at commitLayoutEffectOnFiber (webpack-internal:///(app-pages-browser)/./node_modules/next/dist/compiled/react-dom/cjs/react-dom.development.js:21518:41)
    at recursivelyTraverseLayoutEffects (webpack-internal:///(app-pages-browser)/./node_modules/next/dist/compiled/react-dom/cjs/react-dom.development.js:22926:32)
    at commitLayoutEffectOnFiber (webpack-internal:///(app-pages-browser)/./node_modules/next/dist/compiled/react-dom/cjs/react-dom.development.js:21407:41)
    at recursivelyTraverseLayoutEffects (webpack-internal:///(app-pages-browser)/./node_modules/next/dist/compiled/react-dom/cjs/react-dom.development.js:22926:32)
    at commitLayoutEffectOnFiber (webpack-internal:///(app-pages-browser)/./node_modules/next/dist/compiled/react-dom/cjs/react-dom.development.js:21488:41)
    at recursivelyTraverseLayoutEffects (webpack-internal:///(app-pages-browser)/./node_modules/next/dist/compiled/react-dom/cjs/react-dom.development.js:22926:32)
    at commitLayoutEffectOnFiber (webpack-internal:///(app-pages-browser)/./node_modules/next/dist/compiled/react-dom/cjs/react-dom.development.js:21488:41)
    at recursivelyTraverseLayoutEffects (webpack-internal:///(app-pages-browser)/./node_modules/next/dist/compiled/react-dom/cjs/react-dom.development.js:22926:32)
    at commitLayoutEffectOnFiber (webpack-internal:///(app-pages-browser)/./node_modules/next/dist/compiled/react-dom/cjs/react-dom.development.js:21407:41)
    at recursivelyTraverseLayoutEffects (webpack-internal:///(app-pages-browser)/./node_modules/next/dist/compiled/react-dom/cjs/react-dom.development.js:22926:32)
    at commitLayoutEffectOnFiber (webpack-internal:///(app-pages-browser)/./node_modules/next/dist/compiled/react-dom/cjs/react-dom.development.js:21407:41)
    at recursivelyTraverseLayoutEffects (webpack-internal:///(app-pages-browser)/./node_modules/next/dist/compiled/react-dom/cjs/react-dom.development.js:22926:32)
    at commitLayoutEffectOnFiber (webpack-internal:///(app-pages-browser)/./node_modules/next/dist/compiled/react-dom/cjs/react-dom.development.js:21577:41)
    at recursivelyTraverseLayoutEffects (webpack-internal:///(app-pages-browser)/./node_modules/next/dist/compiled/react-dom/cjs/react-dom.development.js:22926:32)
    at commitLayoutEffectOnFiber (webpack-internal:///(app-pages-browser)/./node_modules/next/dist/compiled/react-dom/cjs/react-dom.development.js:21577:41)
    at recursivelyTraverseLayoutEffects (webpack-internal:///(app-pages-browser)/./node_modules/next/dist/compiled/react-dom/cjs/react-dom.development.js:22926:32)
    at commitLayoutEffectOnFiber (webpack-internal:///(app-pages-browser)/./node_modules/next/dist/compiled/react-dom/cjs/react-dom.development.js:21407:41)
    at recursivelyTraverseLayoutEffects (webpack-internal:///(app-pages-browser)/./node_modules/next/dist/compiled/react-dom/cjs/react-dom.development.js:22926:32)
    at commitLayoutEffectOnFiber (webpack-internal:///(app-pages-browser)/./node_modules/next/dist/compiled/react-dom/cjs/react-dom.development.js:21418:41)
    at recursivelyTraverseLayoutEffects (webpack-internal:///(app-pages-browser)/./node_modules/next/dist/compiled/react-dom/cjs/react-dom.development.js:22926:32)
    at commitLayoutEffectOnFiber (webpack-internal:///(app-pages-browser)/./node_modules/next/dist/compiled/react-dom/cjs/react-dom.development.js:21407:41)
    at recursivelyTraverseLayoutEffects (webpack-internal:///(app-pages-browser)/./node_modules/next/dist/compiled/react-dom/cjs/react-dom.development.js:22926:32)
    at commitLayoutEffectOnFiber (webpack-internal:///(app-pages-browser)/./node_modules/next/dist/compiled/react-dom/cjs/react-dom.development.js:21407:41)
    at recursivelyTraverseLayoutEffects (webpack-internal:///(app-pages-browser)/./node_modules/next/dist/compiled/react-dom/cjs/react-dom.development.js:22926:32)
    at commitLayoutEffectOnFiber (webpack-internal:///(app-pages-browser)/./node_modules/next/dist/compiled/react-dom/cjs/react-dom.development.js:21407:41)
    at recursivelyTraverseLayoutEffects (webpack-internal:///(app-pages-browser)/./node_modules/next/dist/compiled/react-dom/cjs/react-dom.development.js:22926:32)
    at commitLayoutEffectOnFiber (webpack-internal:///(app-pages-browser)/./node_modules/next/dist/compiled/react-dom/cjs/react-dom.development.js:21407:41)
    at recursivelyTraverseLayoutEffects (webpack-internal:///(app-pages-browser)/./node_modules/next/dist/compiled/react-dom/cjs/react-dom.development.js:22926:32)
    at commitLayoutEffectOnFiber (webpack-internal:///(app-pages-browser)/./node_modules/next/dist/compiled/react-dom/cjs/react-dom.development.js:21418:41)
    at recursivelyTraverseLayoutEffects (webpack-internal:///(app-pages-browser)/./node_modules/next/dist/compiled/react-dom/cjs/react-dom.development.js:22926:32)
[    8226ms] Error: Map container is already initialized.
    at _initContainer (webpack-internal:///(app-pages-browser)/./node_modules/leaflet/dist/leaflet-src.js:4206:12)
    at initialize (webpack-internal:///(app-pages-browser)/./node_modules/leaflet/dist/leaflet-src.js:3248:10)
    at NewClass (webpack-internal:///(app-pages-browser)/./node_modules/leaflet/dist/leaflet-src.js:301:22)
    at MapContainerComponent/mapRef< (webpack-internal:///(app-pages-browser)/./node_modules/react-leaflet/lib/MapContainer.js:37:25)
    at commitAttachRef (webpack-internal:///(app-pages-browser)/./node_modules/next/dist/compiled/react-dom/cjs/react-dom.development.js:21677:37)
    at safelyAttachRef (webpack-internal:///(app-pages-browser)/./node_modules/next/dist/compiled/react-dom/cjs/react-dom.development.js:20803:20)
    at reappearLayoutEffects (webpack-internal:///(app-pages-browser)/./node_modules/next/dist/compiled/react-dom/cjs/react-dom.development.js:23082:24)
    at recursivelyTraverseReappearLayoutEffects (webpack-internal:///(app-pages-browser)/./node_modules/next/dist/compiled/react-dom/cjs/react-dom.development.js:23142:26)
    at reappearLayoutEffects (webpack-internal:///(app-pages-browser)/./node_modules/next/dist/compiled/react-dom/cjs/react-dom.development.js:23024:49)
    at recursivelyTraverseReappearLayoutEffects (webpack-internal:///(app-pages-browser)/./node_modules/next/dist/compiled/react-dom/cjs/react-dom.development.js:23142:26)
    at reappearLayoutEffects (webpack-internal:///(app-pages-browser)/./node_modules/next/dist/compiled/react-dom/cjs/react-dom.development.js:23072:49)
    at recursivelyTraverseReappearLayoutEffects (webpack-internal:///(app-pages-browser)/./node_modules/next/dist/compiled/react-dom/cjs/react-dom.development.js:23142:26)
    at reappearLayoutEffects (webpack-internal:///(app-pages-browser)/./node_modules/next/dist/compiled/react-dom/cjs/react-dom.development.js:23072:49)
    at recursivelyTraverseReappearLayoutEffects (webpack-internal:///(app-pages-browser)/./node_modules/next/dist/compiled/react-dom/cjs/react-dom.development.js:23142:26)
    at reappearLayoutEffects (webpack-internal:///(app-pages-browser)/./node_modules/next/dist/compiled/react-dom/cjs/react-dom.development.js:23024:49)
    at recursivelyTraverseReappearLayoutEffects (webpack-internal:///(app-pages-browser)/./node_modules/next/dist/compiled/react-dom/cjs/react-dom.development.js:23142:26)
    at reappearLayoutEffects (webpack-internal:///(app-pages-browser)/./node_modules/next/dist/compiled/react-dom/cjs/react-dom.development.js:23024:49)
    at recursivelyTraverseReappearLayoutEffects (webpack-internal:///(app-pages-browser)/./node_modules/next/dist/compiled/react-dom/cjs/react-dom.development.js:23142:26)
    at commitLayoutEffectOnFiber (webpack-internal:///(app-pages-browser)/./node_modules/next/dist/compiled/react-dom/cjs/react-dom.development.js:21550:55)
    at recursivelyTraverseLayoutEffects (webpack-internal:///(app-pages-browser)/./node_modules/next/dist/compiled/react-dom/cjs/react-dom.development.js:22926:32)
    at commitLayoutEffectOnFiber (webpack-internal:///(app-pages-browser)/./node_modules/next/dist/compiled/react-dom/cjs/react-dom.development.js:21518:41)
    at recursivelyTraverseLayoutEffects (webpack-internal:///(app-pages-browser)/./node_modules/next/dist/compiled/react-dom/cjs/react-dom.development.js:22926:32)
    at commitLayoutEffectOnFiber (webpack-internal:///(app-pages-browser)/./node_modules/next/dist/compiled/react-dom/cjs/react-dom.development.js:21407:41)
    at recursivelyTraverseLayoutEffects (webpack-internal:///(app-pages-browser)/./node_modules/next/dist/compiled/react-dom/cjs/react-dom.development.js:22926:32)
    at commitLayoutEffectOnFiber (webpack-internal:///(app-pages-browser)/./node_modules/next/dist/compiled/react-dom/cjs/react-dom.development.js:21488:41)
    at recursivelyTraverseLayoutEffects (webpack-internal:///(app-pages-browser)/./node_modules/next/dist/compiled/react-dom/cjs/react-dom.development.js:22926:32)
    at commitLayoutEffectOnFiber (webpack-internal:///(app-pages-browser)/./node_modules/next/dist/compiled/react-dom/cjs/react-dom.development.js:21488:41)
    at recursivelyTraverseLayoutEffects (webpack-internal:///(app-pages-browser)/./node_modules/next/dist/compiled/react-dom/cjs/react-dom.development.js:22926:32)
    at commitLayoutEffectOnFiber (webpack-internal:///(app-pages-browser)/./node_modules/next/dist/compiled/react-dom/cjs/react-dom.development.js:21407:41)
    at recursivelyTraverseLayoutEffects (webpack-internal:///(app-pages-browser)/./node_modules/next/dist/compiled/react-dom/cjs/react-dom.development.js:22926:32)
    at commitLayoutEffectOnFiber (webpack-internal:///(app-pages-browser)/./node_modules/next/dist/compiled/react-dom/cjs/react-dom.development.js:21407:41)
    at recursivelyTraverseLayoutEffects (webpack-internal:///(app-pages-browser)/./node_modules/next/dist/compiled/react-dom/cjs/react-dom.development.js:22926:32)
    at commitLayoutEffectOnFiber (webpack-internal:///(app-pages-browser)/./node_modules/next/dist/compiled/react-dom/cjs/react-dom.development.js:21577:41)
    at recursivelyTraverseLayoutEffects (webpack-internal:///(app-pages-browser)/./node_modules/next/dist/compiled/react-dom/cjs/react-dom.development.js:22926:32)
    at commitLayoutEffectOnFiber (webpack-internal:///(app-pages-browser)/./node_modules/next/dist/compiled/react-dom/cjs/react-dom.development.js:21577:41)
    at recursivelyTraverseLayoutEffects (webpack-internal:///(app-pages-browser)/./node_modules/next/dist/compiled/react-dom/cjs/react-dom.development.js:22926:32)
    at commitLayoutEffectOnFiber (webpack-internal:///(app-pages-browser)/./node_modules/next/dist/compiled/react-dom/cjs/react-dom.development.js:21407:41)
    at recursivelyTraverseLayoutEffects (webpack-internal:///(app-pages-browser)/./node_modules/next/dist/compiled/react-dom/cjs/react-dom.development.js:22926:32)
    at commitLayoutEffectOnFiber (webpack-internal:///(app-pages-browser)/./node_modules/next/dist/compiled/react-dom/cjs/react-dom.development.js:21418:41)
    at recursivelyTraverseLayoutEffects (webpack-internal:///(app-pages-browser)/./node_modules/next/dist/compiled/react-dom/cjs/react-dom.development.js:22926:32)
    at commitLayoutEffectOnFiber (webpack-internal:///(app-pages-browser)/./node_modules/next/dist/compiled/react-dom/cjs/react-dom.development.js:21407:41)
    at recursivelyTraverseLayoutEffects (webpack-internal:///(app-pages-browser)/./node_modules/next/dist/compiled/react-dom/cjs/react-dom.development.js:22926:32)
    at commitLayoutEffectOnFiber (webpack-internal:///(app-pages-browser)/./node_modules/next/dist/compiled/react-dom/cjs/react-dom.development.js:21407:41)
    at recursivelyTraverseLayoutEffects (webpack-internal:///(app-pages-browser)/./node_modules/next/dist/compiled/react-dom/cjs/react-dom.development.js:22926:32)
    at commitLayoutEffectOnFiber (webpack-internal:///(app-pages-browser)/./node_modules/next/dist/compiled/react-dom/cjs/react-dom.development.js:21407:41)
    at recursivelyTraverseLayoutEffects (webpack-internal:///(app-pages-browser)/./node_modules/next/dist/compiled/react-dom/cjs/react-dom.development.js:22926:32)
    at commitLayoutEffectOnFiber (webpack-internal:///(app-pages-browser)/./node_modules/next/dist/compiled/react-dom/cjs/react-dom.development.js:21407:41)
    at recursivelyTraverseLayoutEffects (webpack-internal:///(app-pages-browser)/./node_modules/next/dist/compiled/react-dom/cjs/react-dom.development.js:22926:32)
    at commitLayoutEffectOnFiber (webpack-internal:///(app-pages-browser)/./node_modules/next/dist/compiled/react-dom/cjs/react-dom.development.js:21418:41)
    at recursivelyTraverseLayoutEffects (webpack-internal:///(app-pages-browser)/./node_modules/next/dist/compiled/react-dom/cjs/react-dom.development.js:22926:32)
[    9863ms] [LOG] [Fast Refresh] rebuilding @ webpack-internal:///(app-pages-browser)/./node_modules/next/dist/client/components/react-dev-overlay/app/hot-reloader-client.js:186
[   10000ms] [WARNING] [Fast Refresh] performing full reload because your application had an unrecoverable error @ webpack-internal:///(app-pages-browser)/./node_modules/next/dist/client/components/react-dev-overlay/app/hot-reloader-client.js:114
[   10372ms] [INFO] Download the React DevTools for a better development experience: https://reactjs.org/link/react-devtools @ webpack-internal:///(app-pages-browser)/./node_modules/next/dist/compiled/react-dom/cjs/react-dom.development.js:38559
[   10434ms] [WARNING] [JavaScript Warning: "A resource is blocked by OpaqueResponseBlocking, please check browser console for details." {file: "https://lh3.googleusercontent.com/aida/AEtjO1X846d3k35eqtuPzI3ksBZBgmsuatplYf7WFWYM_h4CQ9S0k_6yUwv3OxFWwjbIzs3k1JV2GDlAvxoRA-gLT5iFVboFFwqvpvgYPsc_RyoM3YuBNu9NzPARAaC6kV6UJAhH0RowmMOGkuZnERI4p8pDkvgiSk39AQI3ZKfgNVDlH8G2iRraUJ4l3kVc7G4FOOYXP0NMkYeXWm6DwN2oPcnaPAhJ9SrQiTBLsgXyla-zluPTCI_cNnaWLpKk" line: 0}] @ https://lh3.googleusercontent.com/aida/AEtjO1X846d3k35eqtuPzI3ksBZBgmsuatplYf7WFWYM_h4CQ9S0k_6yUwv3OxFWwjbIzs3k1JV2GDlAvxoRA-gLT5iFVboFFwqvpvgYPsc_RyoM3YuBNu9NzPARAaC6kV6UJAhH0RowmMOGkuZnERI4p8pDkvgiSk39AQI3ZKfgNVDlH8G2iRraUJ4l3kVc7G4FOOYXP0NMkYeXWm6DwN2oPcnaPAhJ9SrQiTBLsgXyla-zluPTCI_cNnaWLpKk:0
[   10554ms] [ERROR] [JavaScript Error: "Firefox can’t establish a connection to the server at ws://localhost:8001/ws/pulse." {file: "http://localhost:3000/_next/static/chunks/_app-pages-browser_src_components_LiveTelemetryMap_tsx.js line 39 > eval" line: 135}] @ http://localhost:3000/_next/static/chunks/_app-pages-browser_src_components_LiveTelemetryMap_tsx.js line 39 > eval:135
[   10556ms] [ERROR] [JavaScript Error: "The connection to ws://localhost:8001/ws/pulse was interrupted while the page was loading." {file: "http://localhost:3000/_next/static/chunks/_app-pages-browser_src_components_LiveTelemetryMap_tsx.js line 39 > eval" line: 135}] @ http://localhost:3000/_next/static/chunks/_app-pages-browser_src_components_LiveTelemetryMap_tsx.js line 39 > eval:135
[   11302ms] [LOG] [Fast Refresh] rebuilding @ webpack-internal:///(app-pages-browser)/./node_modules/next/dist/client/components/react-dev-overlay/app/hot-reloader-client.js:186
[   11521ms] [LOG] [Fast Refresh] done in 220ms @ webpack-internal:///(app-pages-browser)/./node_modules/next/dist/client/components/react-dev-overlay/app/hot-reloader-client.js:43
[   11852ms] [ERROR] The above error occurred in the <NotFoundErrorBoundary> component:

div
MapContainerComponent@webpack-internal:///(app-pages-browser)/./node_modules/react-leaflet/lib/MapContainer.js:25:31
div
div
LiveTelemetryMap@webpack-internal:///(app-pages-browser)/./src/components/LiveTelemetryMap.tsx:99:80
BailoutToCSR@webpack-internal:///(app-pages-browser)/./node_modules/next/dist/shared/lib/lazy-dynamic/dynamic-bailout-to-csr.js:13:32
Suspense
LoadableComponent
section
main
OverviewPage@webpack-internal:///(app-pages-browser)/./src/app/overview/page.tsx:52:86
ClientPageRoot@webpack-internal:///(app-pages-browser)/./node_modules/next/dist/client/components/client-page.js:14:32
InnerLayoutRouter@webpack-internal:///(app-pages-browser)/./node_modules/next/dist/client/components/layout-router.js:244:18
RedirectErrorBoundary@webpack-internal:///(app-pages-browser)/./node_modules/next/dist/client/components/redirect-boundary.js:74:9
RedirectBoundary@webpack-internal:///(app-pages-browser)/./node_modules/next/dist/client/components/redirect-boundary.js:82:24
NotFoundBoundary@webpack-internal:///(app-pages-browser)/./node_modules/next/dist/client/components/not-found-boundary.js:84:62
LoadingBoundary@webpack-internal:///(app-pages-browser)/./node_modules/next/dist/client/components/layout-router.js:349:76
ErrorBoundary@webpack-internal:///(app-pages-browser)/./node_modules/next/dist/client/components/error-boundary.js:160:67
InnerScrollAndFocusHandler@webpack-internal:///(app-pages-browser)/./node_modules/next/dist/client/components/layout-router.js:153:9
ScrollAndFocusHandler@webpack-internal:///(app-pages-browser)/./node_modules/next/dist/client/components/layout-router.js:228:37
RenderFromTemplateContext@webpack-internal:///(app-pages-browser)/./node_modules/next/dist/client/components/render-from-template-context.js:16:44
OuterLayoutRouter@webpack-internal:///(app-pages-browser)/./node_modules/next/dist/client/components/layout-router.js:370:149
InnerLayoutRouter@webpack-internal:///(app-pages-browser)/./node_modules/next/dist/client/components/layout-router.js:244:18
RedirectErrorBoundary@webpack-internal:///(app-pages-browser)/./node_modules/next/dist/client/components/redirect-boundary.js:74:9
RedirectBoundary@webpack-internal:///(app-pages-browser)/./node_modules/next/dist/client/components/redirect-boundary.js:82:24
NotFoundErrorBoundary@webpack-internal:///(app-pages-browser)/./node_modules/next/dist/client/components/not-found-boundary.js:76:9
NotFoundBoundary@webpack-internal:///(app-pages-browser)/./node_modules/next/dist/client/components/not-found-boundary.js:84:62
LoadingBoundary@webpack-internal:///(app-pages-browser)/./node_modules/next/dist/client/components/layout-router.js:349:76
ErrorBoundary@webpack-internal:///(app-pages-browser)/./node_modules/next/dist/client/components/error-boundary.js:160:67
InnerScrollAndFocusHandler@webpack-internal:///(app-pages-browser)/./node_modules/next/dist/client/components/layout-router.js:153:9
ScrollAndFocusHandler@webpack-internal:///(app-pages-browser)/./node_modules/next/dist/client/components/layout-router.js:228:37
RenderFromTemplateContext@webpack-internal:///(app-pages-browser)/./node_modules/next/dist/client/components/render-from-template-context.js:16:44
OuterLayoutRouter@webpack-internal:///(app-pages-browser)/./node_modules/next/dist/client/components/layout-router.js:370:149
body
html
RootLayout (Server)
RedirectErrorBoundary@webpack-internal:///(app-pages-browser)/./node_modules/next/dist/client/components/redirect-boundary.js:74:9
RedirectBoundary@webpack-internal:///(app-pages-browser)/./node_modules/next/dist/client/components/redirect-boundary.js:82:24
NotFoundErrorBoundary@webpack-internal:///(app-pages-browser)/./node_modules/next/dist/client/components/not-found-boundary.js:76:9
NotFoundBoundary@webpack-internal:///(app-pages-browser)/./node_modules/next/dist/client/components/not-found-boundary.js:84:62
DevRootNotFoundBoundary@webpack-internal:///(app-pages-browser)/./node_modules/next/dist/client/components/dev-root-not-found-boundary.js:33:24
ReactDevOverlay@webpack-internal:///(app-pages-browser)/./node_modules/next/dist/client/components/react-dev-overlay/app/ReactDevOverlay.js:87:9
HotReload@webpack-internal:///(app-pages-browser)/./node_modules/next/dist/client/components/react-dev-overlay/app/hot-reloader-client.js:321:37
Router@webpack-internal:///(app-pages-browser)/./node_modules/next/dist/client/components/app-router.js:207:123
ErrorBoundaryHandler@webpack-internal:///(app-pages-browser)/./node_modules/next/dist/client/components/error-boundary.js:113:9
ErrorBoundary@webpack-internal:///(app-pages-browser)/./node_modules/next/dist/client/components/error-boundary.js:160:67
AppRouter@webpack-internal:///(app-pages-browser)/./node_modules/next/dist/client/components/app-router.js:585:47
ServerRoot@webpack-internal:///(app-pages-browser)/./node_modules/next/dist/client/app-index.js:112:27
Root@webpack-internal:///(app-pages-browser)/./node_modules/next/dist/client/app-index.js:117:24

React will try to recreate this component tree from scratch using the error boundary you provided, ReactDevOverlay. @ webpack-internal:///(app-pages-browser)/./node_modules/next/dist/client/app-index.js:32
[   11878ms] Error: Map container is already initialized.
    at _initContainer (webpack-internal:///(app-pages-browser)/./node_modules/leaflet/dist/leaflet-src.js:4206:12)
    at initialize (webpack-internal:///(app-pages-browser)/./node_modules/leaflet/dist/leaflet-src.js:3248:10)
    at NewClass (webpack-internal:///(app-pages-browser)/./node_modules/leaflet/dist/leaflet-src.js:301:22)
    at MapContainerComponent/mapRef< (webpack-internal:///(app-pages-browser)/./node_modules/react-leaflet/lib/MapContainer.js:37:25)
    at commitAttachRef (webpack-internal:///(app-pages-browser)/./node_modules/next/dist/compiled/react-dom/cjs/react-dom.development.js:21677:37)
    at safelyAttachRef (webpack-internal:///(app-pages-browser)/./node_modules/next/dist/compiled/react-dom/cjs/react-dom.development.js:20803:20)
    at reappearLayoutEffects (webpack-internal:///(app-pages-browser)/./node_modules/next/dist/compiled/react-dom/cjs/react-dom.development.js:23082:24)
    at recursivelyTraverseReappearLayoutEffects (webpack-internal:///(app-pages-browser)/./node_modules/next/dist/compiled/react-dom/cjs/react-dom.development.js:23142:26)
    at reappearLayoutEffects (webpack-internal:///(app-pages-browser)/./node_modules/next/dist/compiled/react-dom/cjs/react-dom.development.js:23024:49)
    at recursivelyTraverseReappearLayoutEffects (webpack-internal:///(app-pages-browser)/./node_modules/next/dist/compiled/react-dom/cjs/react-dom.development.js:23142:26)
    at reappearLayoutEffects (webpack-internal:///(app-pages-browser)/./node_modules/next/dist/compiled/react-dom/cjs/react-dom.development.js:23072:49)
    at recursivelyTraverseReappearLayoutEffects (webpack-internal:///(app-pages-browser)/./node_modules/next/dist/compiled/react-dom/cjs/react-dom.development.js:23142:26)
    at reappearLayoutEffects (webpack-internal:///(app-pages-browser)/./node_modules/next/dist/compiled/react-dom/cjs/react-dom.development.js:23072:49)
    at recursivelyTraverseReappearLayoutEffects (webpack-internal:///(app-pages-browser)/./node_modules/next/dist/compiled/react-dom/cjs/react-dom.development.js:23142:26)
    at reappearLayoutEffects (webpack-internal:///(app-pages-browser)/./node_modules/next/dist/compiled/react-dom/cjs/react-dom.development.js:23024:49)
    at recursivelyTraverseReappearLayoutEffects (webpack-internal:///(app-pages-browser)/./node_modules/next/dist/compiled/react-dom/cjs/react-dom.development.js:23142:26)
    at reappearLayoutEffects (webpack-internal:///(app-pages-browser)/./node_modules/next/dist/compiled/react-dom/cjs/react-dom.development.js:23024:49)
    at recursivelyTraverseReappearLayoutEffects (webpack-internal:///(app-pages-browser)/./node_modules/next/dist/compiled/react-dom/cjs/react-dom.development.js:23142:26)
    at commitLayoutEffectOnFiber (webpack-internal:///(app-pages-browser)/./node_modules/next/dist/compiled/react-dom/cjs/react-dom.development.js:21550:55)
    at recursivelyTraverseLayoutEffects (webpack-internal:///(app-pages-browser)/./node_modules/next/dist/compiled/react-dom/cjs/react-dom.development.js:22926:32)
    at commitLayoutEffectOnFiber (webpack-internal:///(app-pages-browser)/./node_modules/next/dist/compiled/react-dom/cjs/react-dom.development.js:21518:41)
    at recursivelyTraverseLayoutEffects (webpack-internal:///(app-pages-browser)/./node_modules/next/dist/compiled/react-dom/cjs/react-dom.development.js:22926:32)
    at commitLayoutEffectOnFiber (webpack-internal:///(app-pages-browser)/./node_modules/next/dist/compiled/react-dom/cjs/react-dom.development.js:21407:41)
    at recursivelyTraverseLayoutEffects (webpack-internal:///(app-pages-browser)/./node_modules/next/dist/compiled/react-dom/cjs/react-dom.development.js:22926:32)
    at commitLayoutEffectOnFiber (webpack-internal:///(app-pages-browser)/./node_modules/next/dist/compiled/react-dom/cjs/react-dom.development.js:21488:41)
    at recursivelyTraverseLayoutEffects (webpack-internal:///(app-pages-browser)/./node_modules/next/dist/compiled/react-dom/cjs/react-dom.development.js:22926:32)
    at commitLayoutEffectOnFiber (webpack-internal:///(app-pages-browser)/./node_modules/next/dist/compiled/react-dom/cjs/react-dom.development.js:21488:41)
    at recursivelyTraverseLayoutEffects (webpack-internal:///(app-pages-browser)/./node_modules/next/dist/compiled/react-dom/cjs/react-dom.development.js:22926:32)
    at commitLayoutEffectOnFiber (webpack-internal:///(app-pages-browser)/./node_modules/next/dist/compiled/react-dom/cjs/react-dom.development.js:21407:41)
    at recursivelyTraverseLayoutEffects (webpack-internal:///(app-pages-browser)/./node_modules/next/dist/compiled/react-dom/cjs/react-dom.development.js:22926:32)
    at commitLayoutEffectOnFiber (webpack-internal:///(app-pages-browser)/./node_modules/next/dist/compiled/react-dom/cjs/react-dom.development.js:21407:41)
    at recursivelyTraverseLayoutEffects (webpack-internal:///(app-pages-browser)/./node_modules/next/dist/compiled/react-dom/cjs/react-dom.development.js:22926:32)
    at commitLayoutEffectOnFiber (webpack-internal:///(app-pages-browser)/./node_modules/next/dist/compiled/react-dom/cjs/react-dom.development.js:21577:41)
    at recursivelyTraverseLayoutEffects (webpack-internal:///(app-pages-browser)/./node_modules/next/dist/compiled/react-dom/cjs/react-dom.development.js:22926:32)
    at commitLayoutEffectOnFiber (webpack-internal:///(app-pages-browser)/./node_modules/next/dist/compiled/react-dom/cjs/react-dom.development.js:21577:41)
    at recursivelyTraverseLayoutEffects (webpack-internal:///(app-pages-browser)/./node_modules/next/dist/compiled/react-dom/cjs/react-dom.development.js:22926:32)
    at commitLayoutEffectOnFiber (webpack-internal:///(app-pages-browser)/./node_modules/next/dist/compiled/react-dom/cjs/react-dom.development.js:21407:41)
    at recursivelyTraverseLayoutEffects (webpack-internal:///(app-pages-browser)/./node_modules/next/dist/compiled/react-dom/cjs/react-dom.development.js:22926:32)
    at commitLayoutEffectOnFiber (webpack-internal:///(app-pages-browser)/./node_modules/next/dist/compiled/react-dom/cjs/react-dom.development.js:21418:41)
    at recursivelyTraverseLayoutEffects (webpack-internal:///(app-pages-browser)/./node_modules/next/dist/compiled/react-dom/cjs/react-dom.development.js:22926:32)
    at commitLayoutEffectOnFiber (webpack-internal:///(app-pages-browser)/./node_modules/next/dist/compiled/react-dom/cjs/react-dom.development.js:21407:41)
    at recursivelyTraverseLayoutEffects (webpack-internal:///(app-pages-browser)/./node_modules/next/dist/compiled/react-dom/cjs/react-dom.development.js:22926:32)
    at commitLayoutEffectOnFiber (webpack-internal:///(app-pages-browser)/./node_modules/next/dist/compiled/react-dom/cjs/react-dom.development.js:21407:41)
    at recursivelyTraverseLayoutEffects (webpack-internal:///(app-pages-browser)/./node_modules/next/dist/compiled/react-dom/cjs/react-dom.development.js:22926:32)
    at commitLayoutEffectOnFiber (webpack-internal:///(app-pages-browser)/./node_modules/next/dist/compiled/react-dom/cjs/react-dom.development.js:21407:41)
    at recursivelyTraverseLayoutEffects (webpack-internal:///(app-pages-browser)/./node_modules/next/dist/compiled/react-dom/cjs/react-dom.development.js:22926:32)
    at commitLayoutEffectOnFiber (webpack-internal:///(app-pages-browser)/./node_modules/next/dist/compiled/react-dom/cjs/react-dom.development.js:21407:41)
    at recursivelyTraverseLayoutEffects (webpack-internal:///(app-pages-browser)/./node_modules/next/dist/compiled/react-dom/cjs/react-dom.development.js:22926:32)
    at commitLayoutEffectOnFiber (webpack-internal:///(app-pages-browser)/./node_modules/next/dist/compiled/react-dom/cjs/react-dom.development.js:21418:41)
    at recursivelyTraverseLayoutEffects (webpack-internal:///(app-pages-browser)/./node_modules/next/dist/compiled/react-dom/cjs/react-dom.development.js:22926:32)
[   11878ms] Error: Map container is already initialized.
    at _initContainer (webpack-internal:///(app-pages-browser)/./node_modules/leaflet/dist/leaflet-src.js:4206:12)
    at initialize (webpack-internal:///(app-pages-browser)/./node_modules/leaflet/dist/leaflet-src.js:3248:10)
    at NewClass (webpack-internal:///(app-pages-browser)/./node_modules/leaflet/dist/leaflet-src.js:301:22)
    at MapContainerComponent/mapRef< (webpack-internal:///(app-pages-browser)/./node_modules/react-leaflet/lib/MapContainer.js:37:25)
    at commitAttachRef (webpack-internal:///(app-pages-browser)/./node_modules/next/dist/compiled/react-dom/cjs/react-dom.development.js:21677:37)
    at safelyAttachRef (webpack-internal:///(app-pages-browser)/./node_modules/next/dist/compiled/react-dom/cjs/react-dom.development.js:20803:20)
    at reappearLayoutEffects (webpack-internal:///(app-pages-browser)/./node_modules/next/dist/compiled/react-dom/cjs/react-dom.development.js:23082:24)
    at recursivelyTraverseReappearLayoutEffects (webpack-internal:///(app-pages-browser)/./node_modules/next/dist/compiled/react-dom/cjs/react-dom.development.js:23142:26)
    at reappearLayoutEffects (webpack-internal:///(app-pages-browser)/./node_modules/next/dist/compiled/react-dom/cjs/react-dom.development.js:23024:49)
    at recursivelyTraverseReappearLayoutEffects (webpack-internal:///(app-pages-browser)/./node_modules/next/dist/compiled/react-dom/cjs/react-dom.development.js:23142:26)
    at reappearLayoutEffects (webpack-internal:///(app-pages-browser)/./node_modules/next/dist/compiled/react-dom/cjs/react-dom.development.js:23072:49)
    at recursivelyTraverseReappearLayoutEffects (webpack-internal:///(app-pages-browser)/./node_modules/next/dist/compiled/react-dom/cjs/react-dom.development.js:23142:26)
    at reappearLayoutEffects (webpack-internal:///(app-pages-browser)/./node_modules/next/dist/compiled/react-dom/cjs/react-dom.development.js:23072:49)
    at recursivelyTraverseReappearLayoutEffects (webpack-internal:///(app-pages-browser)/./node_modules/next/dist/compiled/react-dom/cjs/react-dom.development.js:23142:26)
    at reappearLayoutEffects (webpack-internal:///(app-pages-browser)/./node_modules/next/dist/compiled/react-dom/cjs/react-dom.development.js:23024:49)
    at recursivelyTraverseReappearLayoutEffects (webpack-internal:///(app-pages-browser)/./node_modules/next/dist/compiled/react-dom/cjs/react-dom.development.js:23142:26)
    at reappearLayoutEffects (webpack-internal:///(app-pages-browser)/./node_modules/next/dist/compiled/react-dom/cjs/react-dom.development.js:23024:49)
    at recursivelyTraverseReappearLayoutEffects (webpack-internal:///(app-pages-browser)/./node_modules/next/dist/compiled/react-dom/cjs/react-dom.development.js:23142:26)
    at commitLayoutEffectOnFiber (webpack-internal:///(app-pages-browser)/./node_modules/next/dist/compiled/react-dom/cjs/react-dom.development.js:21550:55)
    at recursivelyTraverseLayoutEffects (webpack-internal:///(app-pages-browser)/./node_modules/next/dist/compiled/react-dom/cjs/react-dom.development.js:22926:32)
    at commitLayoutEffectOnFiber (webpack-internal:///(app-pages-browser)/./node_modules/next/dist/compiled/react-dom/cjs/react-dom.development.js:21518:41)
    at recursivelyTraverseLayoutEffects (webpack-internal:///(app-pages-browser)/./node_modules/next/dist/compiled/react-dom/cjs/react-dom.development.js:22926:32)
    at commitLayoutEffectOnFiber (webpack-internal:///(app-pages-browser)/./node_modules/next/dist/compiled/react-dom/cjs/react-dom.development.js:21407:41)
    at recursivelyTraverseLayoutEffects (webpack-internal:///(app-pages-browser)/./node_modules/next/dist/compiled/react-dom/cjs/react-dom.development.js:22926:32)
    at commitLayoutEffectOnFiber (webpack-internal:///(app-pages-browser)/./node_modules/next/dist/compiled/react-dom/cjs/react-dom.development.js:21488:41)
    at recursivelyTraverseLayoutEffects (webpack-internal:///(app-pages-browser)/./node_modules/next/dist/compiled/react-dom/cjs/react-dom.development.js:22926:32)
    at commitLayoutEffectOnFiber (webpack-internal:///(app-pages-browser)/./node_modules/next/dist/compiled/react-dom/cjs/react-dom.development.js:21488:41)
    at recursivelyTraverseLayoutEffects (webpack-internal:///(app-pages-browser)/./node_modules/next/dist/compiled/react-dom/cjs/react-dom.development.js:22926:32)
    at commitLayoutEffectOnFiber (webpack-internal:///(app-pages-browser)/./node_modules/next/dist/compiled/react-dom/cjs/react-dom.development.js:21407:41)
    at recursivelyTraverseLayoutEffects (webpack-internal:///(app-pages-browser)/./node_modules/next/dist/compiled/react-dom/cjs/react-dom.development.js:22926:32)
    at commitLayoutEffectOnFiber (webpack-internal:///(app-pages-browser)/./node_modules/next/dist/compiled/react-dom/cjs/react-dom.development.js:21407:41)
    at recursivelyTraverseLayoutEffects (webpack-internal:///(app-pages-browser)/./node_modules/next/dist/compiled/react-dom/cjs/react-dom.development.js:22926:32)
    at commitLayoutEffectOnFiber (webpack-internal:///(app-pages-browser)/./node_modules/next/dist/compiled/react-dom/cjs/react-dom.development.js:21577:41)
    at recursivelyTraverseLayoutEffects (webpack-internal:///(app-pages-browser)/./node_modules/next/dist/compiled/react-dom/cjs/react-dom.development.js:22926:32)
    at commitLayoutEffectOnFiber (webpack-internal:///(app-pages-browser)/./node_modules/next/dist/compiled/react-dom/cjs/react-dom.development.js:21577:41)
    at recursivelyTraverseLayoutEffects (webpack-internal:///(app-pages-browser)/./node_modules/next/dist/compiled/react-dom/cjs/react-dom.development.js:22926:32)
    at commitLayoutEffectOnFiber (webpack-internal:///(app-pages-browser)/./node_modules/next/dist/compiled/react-dom/cjs/react-dom.development.js:21407:41)
    at recursivelyTraverseLayoutEffects (webpack-internal:///(app-pages-browser)/./node_modules/next/dist/compiled/react-dom/cjs/react-dom.development.js:22926:32)
    at commitLayoutEffectOnFiber (webpack-internal:///(app-pages-browser)/./node_modules/next/dist/compiled/react-dom/cjs/react-dom.development.js:21418:41)
    at recursivelyTraverseLayoutEffects (webpack-internal:///(app-pages-browser)/./node_modules/next/dist/compiled/react-dom/cjs/react-dom.development.js:22926:32)
    at commitLayoutEffectOnFiber (webpack-internal:///(app-pages-browser)/./node_modules/next/dist/compiled/react-dom/cjs/react-dom.development.js:21407:41)
    at recursivelyTraverseLayoutEffects (webpack-internal:///(app-pages-browser)/./node_modules/next/dist/compiled/react-dom/cjs/react-dom.development.js:22926:32)
    at commitLayoutEffectOnFiber (webpack-internal:///(app-pages-browser)/./node_modules/next/dist/compiled/react-dom/cjs/react-dom.development.js:21407:41)
    at recursivelyTraverseLayoutEffects (webpack-internal:///(app-pages-browser)/./node_modules/next/dist/compiled/react-dom/cjs/react-dom.development.js:22926:32)
    at commitLayoutEffectOnFiber (webpack-internal:///(app-pages-browser)/./node_modules/next/dist/compiled/react-dom/cjs/react-dom.development.js:21407:41)
    at recursivelyTraverseLayoutEffects (webpack-internal:///(app-pages-browser)/./node_modules/next/dist/compiled/react-dom/cjs/react-dom.development.js:22926:32)
    at commitLayoutEffectOnFiber (webpack-internal:///(app-pages-browser)/./node_modules/next/dist/compiled/react-dom/cjs/react-dom.development.js:21407:41)
    at recursivelyTraverseLayoutEffects (webpack-internal:///(app-pages-browser)/./node_modules/next/dist/compiled/react-dom/cjs/react-dom.development.js:22926:32)
    at commitLayoutEffectOnFiber (webpack-internal:///(app-pages-browser)/./node_modules/next/dist/compiled/react-dom/cjs/react-dom.development.js:21418:41)
    at recursivelyTraverseLayoutEffects (webpack-internal:///(app-pages-browser)/./node_modules/next/dist/compiled/react-dom/cjs/react-dom.development.js:22926:32)
[   11878ms] Error: Map container is already initialized.
    at _initContainer (webpack-internal:///(app-pages-browser)/./node_modules/leaflet/dist/leaflet-src.js:4206:12)
    at initialize (webpack-internal:///(app-pages-browser)/./node_modules/leaflet/dist/leaflet-src.js:3248:10)
    at NewClass (webpack-internal:///(app-pages-browser)/./node_modules/leaflet/dist/leaflet-src.js:301:22)
    at MapContainerComponent/mapRef< (webpack-internal:///(app-pages-browser)/./node_modules/react-leaflet/lib/MapContainer.js:37:25)
    at commitAttachRef (webpack-internal:///(app-pages-browser)/./node_modules/next/dist/compiled/react-dom/cjs/react-dom.development.js:21677:37)
    at safelyAttachRef (webpack-internal:///(app-pages-browser)/./node_modules/next/dist/compiled/react-dom/cjs/react-dom.development.js:20803:20)
    at reappearLayoutEffects (webpack-internal:///(app-pages-browser)/./node_modules/next/dist/compiled/react-dom/cjs/react-dom.development.js:23082:24)
    at recursivelyTraverseReappearLayoutEffects (webpack-internal:///(app-pages-browser)/./node_modules/next/dist/compiled/react-dom/cjs/react-dom.development.js:23142:26)
    at reappearLayoutEffects (webpack-internal:///(app-pages-browser)/./node_modules/next/dist/compiled/react-dom/cjs/react-dom.development.js:23024:49)
    at recursivelyTraverseReappearLayoutEffects (webpack-internal:///(app-pages-browser)/./node_modules/next/dist/compiled/react-dom/cjs/react-dom.development.js:23142:26)
    at reappearLayoutEffects (webpack-internal:///(app-pages-browser)/./node_modules/next/dist/compiled/react-dom/cjs/react-dom.development.js:23072:49)
    at recursivelyTraverseReappearLayoutEffects (webpack-internal:///(app-pages-browser)/./node_modules/next/dist/compiled/react-dom/cjs/react-dom.development.js:23142:26)
    at reappearLayoutEffects (webpack-internal:///(app-pages-browser)/./node_modules/next/dist/compiled/react-dom/cjs/react-dom.development.js:23072:49)
    at recursivelyTraverseReappearLayoutEffects (webpack-internal:///(app-pages-browser)/./node_modules/next/dist/compiled/react-dom/cjs/react-dom.development.js:23142:26)
    at reappearLayoutEffects (webpack-internal:///(app-pages-browser)/./node_modules/next/dist/compiled/react-dom/cjs/react-dom.development.js:23024:49)
    at recursivelyTraverseReappearLayoutEffects (webpack-internal:///(app-pages-browser)/./node_modules/next/dist/compiled/react-dom/cjs/react-dom.development.js:23142:26)
    at reappearLayoutEffects (webpack-internal:///(app-pages-browser)/./node_modules/next/dist/compiled/react-dom/cjs/react-dom.development.js:23024:49)
    at recursivelyTraverseReappearLayoutEffects (webpack-internal:///(app-pages-browser)/./node_modules/next/dist/compiled/react-dom/cjs/react-dom.development.js:23142:26)
    at commitLayoutEffectOnFiber (webpack-internal:///(app-pages-browser)/./node_modules/next/dist/compiled/react-dom/cjs/react-dom.development.js:21550:55)
    at recursivelyTraverseLayoutEffects (webpack-internal:///(app-pages-browser)/./node_modules/next/dist/compiled/react-dom/cjs/react-dom.development.js:22926:32)
    at commitLayoutEffectOnFiber (webpack-internal:///(app-pages-browser)/./node_modules/next/dist/compiled/react-dom/cjs/react-dom.development.js:21518:41)
    at recursivelyTraverseLayoutEffects (webpack-internal:///(app-pages-browser)/./node_modules/next/dist/compiled/react-dom/cjs/react-dom.development.js:22926:32)
    at commitLayoutEffectOnFiber (webpack-internal:///(app-pages-browser)/./node_modules/next/dist/compiled/react-dom/cjs/react-dom.development.js:21407:41)
    at recursivelyTraverseLayoutEffects (webpack-internal:///(app-pages-browser)/./node_modules/next/dist/compiled/react-dom/cjs/react-dom.development.js:22926:32)
    at commitLayoutEffectOnFiber (webpack-internal:///(app-pages-browser)/./node_modules/next/dist/compiled/react-dom/cjs/react-dom.development.js:21488:41)
    at recursivelyTraverseLayoutEffects (webpack-internal:///(app-pages-browser)/./node_modules/next/dist/compiled/react-dom/cjs/react-dom.development.js:22926:32)
    at commitLayoutEffectOnFiber (webpack-internal:///(app-pages-browser)/./node_modules/next/dist/compiled/react-dom/cjs/react-dom.development.js:21488:41)
    at recursivelyTraverseLayoutEffects (webpack-internal:///(app-pages-browser)/./node_modules/next/dist/compiled/react-dom/cjs/react-dom.development.js:22926:32)
    at commitLayoutEffectOnFiber (webpack-internal:///(app-pages-browser)/./node_modules/next/dist/compiled/react-dom/cjs/react-dom.development.js:21407:41)
    at recursivelyTraverseLayoutEffects (webpack-internal:///(app-pages-browser)/./node_modules/next/dist/compiled/react-dom/cjs/react-dom.development.js:22926:32)
    at commitLayoutEffectOnFiber (webpack-internal:///(app-pages-browser)/./node_modules/next/dist/compiled/react-dom/cjs/react-dom.development.js:21407:41)
    at recursivelyTraverseLayoutEffects (webpack-internal:///(app-pages-browser)/./node_modules/next/dist/compiled/react-dom/cjs/react-dom.development.js:22926:32)
    at commitLayoutEffectOnFiber (webpack-internal:///(app-pages-browser)/./node_modules/next/dist/compiled/react-dom/cjs/react-dom.development.js:21577:41)
    at recursivelyTraverseLayoutEffects (webpack-internal:///(app-pages-browser)/./node_modules/next/dist/compiled/react-dom/cjs/react-dom.development.js:22926:32)
    at commitLayoutEffectOnFiber (webpack-internal:///(app-pages-browser)/./node_modules/next/dist/compiled/react-dom/cjs/react-dom.development.js:21577:41)
    at recursivelyTraverseLayoutEffects (webpack-internal:///(app-pages-browser)/./node_modules/next/dist/compiled/react-dom/cjs/react-dom.development.js:22926:32)
    at commitLayoutEffectOnFiber (webpack-internal:///(app-pages-browser)/./node_modules/next/dist/compiled/react-dom/cjs/react-dom.development.js:21407:41)
    at recursivelyTraverseLayoutEffects (webpack-internal:///(app-pages-browser)/./node_modules/next/dist/compiled/react-dom/cjs/react-dom.development.js:22926:32)
    at commitLayoutEffectOnFiber (webpack-internal:///(app-pages-browser)/./node_modules/next/dist/compiled/react-dom/cjs/react-dom.development.js:21418:41)
    at recursivelyTraverseLayoutEffects (webpack-internal:///(app-pages-browser)/./node_modules/next/dist/compiled/react-dom/cjs/react-dom.development.js:22926:32)
    at commitLayoutEffectOnFiber (webpack-internal:///(app-pages-browser)/./node_modules/next/dist/compiled/react-dom/cjs/react-dom.development.js:21407:41)
    at recursivelyTraverseLayoutEffects (webpack-internal:///(app-pages-browser)/./node_modules/next/dist/compiled/react-dom/cjs/react-dom.development.js:22926:32)
    at commitLayoutEffectOnFiber (webpack-internal:///(app-pages-browser)/./node_modules/next/dist/compiled/react-dom/cjs/react-dom.development.js:21407:41)
    at recursivelyTraverseLayoutEffects (webpack-internal:///(app-pages-browser)/./node_modules/next/dist/compiled/react-dom/cjs/react-dom.development.js:22926:32)
    at commitLayoutEffectOnFiber (webpack-internal:///(app-pages-browser)/./node_modules/next/dist/compiled/react-dom/cjs/react-dom.development.js:21407:41)
    at recursivelyTraverseLayoutEffects (webpack-internal:///(app-pages-browser)/./node_modules/next/dist/compiled/react-dom/cjs/react-dom.development.js:22926:32)
    at commitLayoutEffectOnFiber (webpack-internal:///(app-pages-browser)/./node_modules/next/dist/compiled/react-dom/cjs/react-dom.development.js:21407:41)
    at recursivelyTraverseLayoutEffects (webpack-internal:///(app-pages-browser)/./node_modules/next/dist/compiled/react-dom/cjs/react-dom.development.js:22926:32)
    at commitLayoutEffectOnFiber (webpack-internal:///(app-pages-browser)/./node_modules/next/dist/compiled/react-dom/cjs/react-dom.development.js:21418:41)
    at recursivelyTraverseLayoutEffects (webpack-internal:///(app-pages-browser)/./node_modules/next/dist/compiled/react-dom/cjs/react-dom.development.js:22926:32)
[   11880ms] Error: Map container is already initialized.
    at _initContainer (webpack-internal:///(app-pages-browser)/./node_modules/leaflet/dist/leaflet-src.js:4206:12)
    at initialize (webpack-internal:///(app-pages-browser)/./node_modules/leaflet/dist/leaflet-src.js:3248:10)
    at NewClass (webpack-internal:///(app-pages-browser)/./node_modules/leaflet/dist/leaflet-src.js:301:22)
    at MapContainerComponent/mapRef< (webpack-internal:///(app-pages-browser)/./node_modules/react-leaflet/lib/MapContainer.js:37:25)
    at commitAttachRef (webpack-internal:///(app-pages-browser)/./node_modules/next/dist/compiled/react-dom/cjs/react-dom.development.js:21677:37)
    at safelyAttachRef (webpack-internal:///(app-pages-browser)/./node_modules/next/dist/compiled/react-dom/cjs/react-dom.development.js:20803:20)
    at reappearLayoutEffects (webpack-internal:///(app-pages-browser)/./node_modules/next/dist/compiled/react-dom/cjs/react-dom.development.js:23082:24)
    at recursivelyTraverseReappearLayoutEffects (webpack-internal:///(app-pages-browser)/./node_modules/next/dist/compiled/react-dom/cjs/react-dom.development.js:23142:26)
    at reappearLayoutEffects (webpack-internal:///(app-pages-browser)/./node_modules/next/dist/compiled/react-dom/cjs/react-dom.development.js:23024:49)
    at recursivelyTraverseReappearLayoutEffects (webpack-internal:///(app-pages-browser)/./node_modules/next/dist/compiled/react-dom/cjs/react-dom.development.js:23142:26)
    at reappearLayoutEffects (webpack-internal:///(app-pages-browser)/./node_modules/next/dist/compiled/react-dom/cjs/react-dom.development.js:23072:49)
    at recursivelyTraverseReappearLayoutEffects (webpack-internal:///(app-pages-browser)/./node_modules/next/dist/compiled/react-dom/cjs/react-dom.development.js:23142:26)
    at reappearLayoutEffects (webpack-internal:///(app-pages-browser)/./node_modules/next/dist/compiled/react-dom/cjs/react-dom.development.js:23072:49)
    at recursivelyTraverseReappearLayoutEffects (webpack-internal:///(app-pages-browser)/./node_modules/next/dist/compiled/react-dom/cjs/react-dom.development.js:23142:26)
    at reappearLayoutEffects (webpack-internal:///(app-pages-browser)/./node_modules/next/dist/compiled/react-dom/cjs/react-dom.development.js:23024:49)
    at recursivelyTraverseReappearLayoutEffects (webpack-internal:///(app-pages-browser)/./node_modules/next/dist/compiled/react-dom/cjs/react-dom.development.js:23142:26)
    at reappearLayoutEffects (webpack-internal:///(app-pages-browser)/./node_modules/next/dist/compiled/react-dom/cjs/react-dom.development.js:23024:49)
    at recursivelyTraverseReappearLayoutEffects (webpack-internal:///(app-pages-browser)/./node_modules/next/dist/compiled/react-dom/cjs/react-dom.development.js:23142:26)
    at commitLayoutEffectOnFiber (webpack-internal:///(app-pages-browser)/./node_modules/next/dist/compiled/react-dom/cjs/react-dom.development.js:21550:55)
    at recursivelyTraverseLayoutEffects (webpack-internal:///(app-pages-browser)/./node_modules/next/dist/compiled/react-dom/cjs/react-dom.development.js:22926:32)
    at commitLayoutEffectOnFiber (webpack-internal:///(app-pages-browser)/./node_modules/next/dist/compiled/react-dom/cjs/react-dom.development.js:21518:41)
    at recursivelyTraverseLayoutEffects (webpack-internal:///(app-pages-browser)/./node_modules/next/dist/compiled/react-dom/cjs/react-dom.development.js:22926:32)
    at commitLayoutEffectOnFiber (webpack-internal:///(app-pages-browser)/./node_modules/next/dist/compiled/react-dom/cjs/react-dom.development.js:21407:41)
    at recursivelyTraverseLayoutEffects (webpack-internal:///(app-pages-browser)/./node_modules/next/dist/compiled/react-dom/cjs/react-dom.development.js:22926:32)
    at commitLayoutEffectOnFiber (webpack-internal:///(app-pages-browser)/./node_modules/next/dist/compiled/react-dom/cjs/react-dom.development.js:21488:41)
    at recursivelyTraverseLayoutEffects (webpack-internal:///(app-pages-browser)/./node_modules/next/dist/compiled/react-dom/cjs/react-dom.development.js:22926:32)
    at commitLayoutEffectOnFiber (webpack-internal:///(app-pages-browser)/./node_modules/next/dist/compiled/react-dom/cjs/react-dom.development.js:21488:41)
    at recursivelyTraverseLayoutEffects (webpack-internal:///(app-pages-browser)/./node_modules/next/dist/compiled/react-dom/cjs/react-dom.development.js:22926:32)
    at commitLayoutEffectOnFiber (webpack-internal:///(app-pages-browser)/./node_modules/next/dist/compiled/react-dom/cjs/react-dom.development.js:21407:41)
    at recursivelyTraverseLayoutEffects (webpack-internal:///(app-pages-browser)/./node_modules/next/dist/compiled/react-dom/cjs/react-dom.development.js:22926:32)
    at commitLayoutEffectOnFiber (webpack-internal:///(app-pages-browser)/./node_modules/next/dist/compiled/react-dom/cjs/react-dom.development.js:21407:41)
    at recursivelyTraverseLayoutEffects (webpack-internal:///(app-pages-browser)/./node_modules/next/dist/compiled/react-dom/cjs/react-dom.development.js:22926:32)
    at commitLayoutEffectOnFiber (webpack-internal:///(app-pages-browser)/./node_modules/next/dist/compiled/react-dom/cjs/react-dom.development.js:21577:41)
    at recursivelyTraverseLayoutEffects (webpack-internal:///(app-pages-browser)/./node_modules/next/dist/compiled/react-dom/cjs/react-dom.development.js:22926:32)
    at commitLayoutEffectOnFiber (webpack-internal:///(app-pages-browser)/./node_modules/next/dist/compiled/react-dom/cjs/react-dom.development.js:21577:41)
    at recursivelyTraverseLayoutEffects (webpack-internal:///(app-pages-browser)/./node_modules/next/dist/compiled/react-dom/cjs/react-dom.development.js:22926:32)
    at commitLayoutEffectOnFiber (webpack-internal:///(app-pages-browser)/./node_modules/next/dist/compiled/react-dom/cjs/react-dom.development.js:21407:41)
    at recursivelyTraverseLayoutEffects (webpack-internal:///(app-pages-browser)/./node_modules/next/dist/compiled/react-dom/cjs/react-dom.development.js:22926:32)
    at commitLayoutEffectOnFiber (webpack-internal:///(app-pages-browser)/./node_modules/next/dist/compiled/react-dom/cjs/react-dom.development.js:21418:41)
    at recursivelyTraverseLayoutEffects (webpack-internal:///(app-pages-browser)/./node_modules/next/dist/compiled/react-dom/cjs/react-dom.development.js:22926:32)
    at commitLayoutEffectOnFiber (webpack-internal:///(app-pages-browser)/./node_modules/next/dist/compiled/react-dom/cjs/react-dom.development.js:21407:41)
    at recursivelyTraverseLayoutEffects (webpack-internal:///(app-pages-browser)/./node_modules/next/dist/compiled/react-dom/cjs/react-dom.development.js:22926:32)
    at commitLayoutEffectOnFiber (webpack-internal:///(app-pages-browser)/./node_modules/next/dist/compiled/react-dom/cjs/react-dom.development.js:21407:41)
    at recursivelyTraverseLayoutEffects (webpack-internal:///(app-pages-browser)/./node_modules/next/dist/compiled/react-dom/cjs/react-dom.development.js:22926:32)
    at commitLayoutEffectOnFiber (webpack-internal:///(app-pages-browser)/./node_modules/next/dist/compiled/react-dom/cjs/react-dom.development.js:21407:41)
    at recursivelyTraverseLayoutEffects (webpack-internal:///(app-pages-browser)/./node_modules/next/dist/compiled/react-dom/cjs/react-dom.development.js:22926:32)
    at commitLayoutEffectOnFiber (webpack-internal:///(app-pages-browser)/./node_modules/next/dist/compiled/react-dom/cjs/react-dom.development.js:21407:41)
    at recursivelyTraverseLayoutEffects (webpack-internal:///(app-pages-browser)/./node_modules/next/dist/compiled/react-dom/cjs/react-dom.development.js:22926:32)
    at commitLayoutEffectOnFiber (webpack-internal:///(app-pages-browser)/./node_modules/next/dist/compiled/react-dom/cjs/react-dom.development.js:21418:41)
    at recursivelyTraverseLayoutEffects (webpack-internal:///(app-pages-browser)/./node_modules/next/dist/compiled/react-dom/cjs/react-dom.development.js:22926:32)
[   11880ms] Error: Map container is already initialized.
    at _initContainer (webpack-internal:///(app-pages-browser)/./node_modules/leaflet/dist/leaflet-src.js:4206:12)
    at initialize (webpack-internal:///(app-pages-browser)/./node_modules/leaflet/dist/leaflet-src.js:3248:10)
    at NewClass (webpack-internal:///(app-pages-browser)/./node_modules/leaflet/dist/leaflet-src.js:301:22)
    at MapContainerComponent/mapRef< (webpack-internal:///(app-pages-browser)/./node_modules/react-leaflet/lib/MapContainer.js:37:25)
    at commitAttachRef (webpack-internal:///(app-pages-browser)/./node_modules/next/dist/compiled/react-dom/cjs/react-dom.development.js:21677:37)
    at safelyAttachRef (webpack-internal:///(app-pages-browser)/./node_modules/next/dist/compiled/react-dom/cjs/react-dom.development.js:20803:20)
    at reappearLayoutEffects (webpack-internal:///(app-pages-browser)/./node_modules/next/dist/compiled/react-dom/cjs/react-dom.development.js:23082:24)
    at recursivelyTraverseReappearLayoutEffects (webpack-internal:///(app-pages-browser)/./node_modules/next/dist/compiled/react-dom/cjs/react-dom.development.js:23142:26)
    at reappearLayoutEffects (webpack-internal:///(app-pages-browser)/./node_modules/next/dist/compiled/react-dom/cjs/react-dom.development.js:23024:49)
    at recursivelyTraverseReappearLayoutEffects (webpack-internal:///(app-pages-browser)/./node_modules/next/dist/compiled/react-dom/cjs/react-dom.development.js:23142:26)
    at reappearLayoutEffects (webpack-internal:///(app-pages-browser)/./node_modules/next/dist/compiled/react-dom/cjs/react-dom.development.js:23072:49)
    at recursivelyTraverseReappearLayoutEffects (webpack-internal:///(app-pages-browser)/./node_modules/next/dist/compiled/react-dom/cjs/react-dom.development.js:23142:26)
    at reappearLayoutEffects (webpack-internal:///(app-pages-browser)/./node_modules/next/dist/compiled/react-dom/cjs/react-dom.development.js:23072:49)
    at recursivelyTraverseReappearLayoutEffects (webpack-internal:///(app-pages-browser)/./node_modules/next/dist/compiled/react-dom/cjs/react-dom.development.js:23142:26)
    at reappearLayoutEffects (webpack-internal:///(app-pages-browser)/./node_modules/next/dist/compiled/react-dom/cjs/react-dom.development.js:23024:49)
    at recursivelyTraverseReappearLayoutEffects (webpack-internal:///(app-pages-browser)/./node_modules/next/dist/compiled/react-dom/cjs/react-dom.development.js:23142:26)
    at reappearLayoutEffects (webpack-internal:///(app-pages-browser)/./node_modules/next/dist/compiled/react-dom/cjs/react-dom.development.js:23024:49)
    at recursivelyTraverseReappearLayoutEffects (webpack-internal:///(app-pages-browser)/./node_modules/next/dist/compiled/react-dom/cjs/react-dom.development.js:23142:26)
    at commitLayoutEffectOnFiber (webpack-internal:///(app-pages-browser)/./node_modules/next/dist/compiled/react-dom/cjs/react-dom.development.js:21550:55)
    at recursivelyTraverseLayoutEffects (webpack-internal:///(app-pages-browser)/./node_modules/next/dist/compiled/react-dom/cjs/react-dom.development.js:22926:32)
    at commitLayoutEffectOnFiber (webpack-internal:///(app-pages-browser)/./node_modules/next/dist/compiled/react-dom/cjs/react-dom.development.js:21518:41)
    at recursivelyTraverseLayoutEffects (webpack-internal:///(app-pages-browser)/./node_modules/next/dist/compiled/react-dom/cjs/react-dom.development.js:22926:32)
    at commitLayoutEffectOnFiber (webpack-internal:///(app-pages-browser)/./node_modules/next/dist/compiled/react-dom/cjs/react-dom.development.js:21407:41)
    at recursivelyTraverseLayoutEffects (webpack-internal:///(app-pages-browser)/./node_modules/next/dist/compiled/react-dom/cjs/react-dom.development.js:22926:32)
    at commitLayoutEffectOnFiber (webpack-internal:///(app-pages-browser)/./node_modules/next/dist/compiled/react-dom/cjs/react-dom.development.js:21488:41)
    at recursivelyTraverseLayoutEffects (webpack-internal:///(app-pages-browser)/./node_modules/next/dist/compiled/react-dom/cjs/react-dom.development.js:22926:32)
    at commitLayoutEffectOnFiber (webpack-internal:///(app-pages-browser)/./node_modules/next/dist/compiled/react-dom/cjs/react-dom.development.js:21488:41)
    at recursivelyTraverseLayoutEffects (webpack-internal:///(app-pages-browser)/./node_modules/next/dist/compiled/react-dom/cjs/react-dom.development.js:22926:32)
    at commitLayoutEffectOnFiber (webpack-internal:///(app-pages-browser)/./node_modules/next/dist/compiled/react-dom/cjs/react-dom.development.js:21407:41)
    at recursivelyTraverseLayoutEffects (webpack-internal:///(app-pages-browser)/./node_modules/next/dist/compiled/react-dom/cjs/react-dom.development.js:22926:32)
    at commitLayoutEffectOnFiber (webpack-internal:///(app-pages-browser)/./node_modules/next/dist/compiled/react-dom/cjs/react-dom.development.js:21407:41)
    at recursivelyTraverseLayoutEffects (webpack-internal:///(app-pages-browser)/./node_modules/next/dist/compiled/react-dom/cjs/react-dom.development.js:22926:32)
    at commitLayoutEffectOnFiber (webpack-internal:///(app-pages-browser)/./node_modules/next/dist/compiled/react-dom/cjs/react-dom.development.js:21577:41)
    at recursivelyTraverseLayoutEffects (webpack-internal:///(app-pages-browser)/./node_modules/next/dist/compiled/react-dom/cjs/react-dom.development.js:22926:32)
    at commitLayoutEffectOnFiber (webpack-internal:///(app-pages-browser)/./node_modules/next/dist/compiled/react-dom/cjs/react-dom.development.js:21577:41)
    at recursivelyTraverseLayoutEffects (webpack-internal:///(app-pages-browser)/./node_modules/next/dist/compiled/react-dom/cjs/react-dom.development.js:22926:32)
    at commitLayoutEffectOnFiber (webpack-internal:///(app-pages-browser)/./node_modules/next/dist/compiled/react-dom/cjs/react-dom.development.js:21407:41)
    at recursivelyTraverseLayoutEffects (webpack-internal:///(app-pages-browser)/./node_modules/next/dist/compiled/react-dom/cjs/react-dom.development.js:22926:32)
    at commitLayoutEffectOnFiber (webpack-internal:///(app-pages-browser)/./node_modules/next/dist/compiled/react-dom/cjs/react-dom.development.js:21418:41)
    at recursivelyTraverseLayoutEffects (webpack-internal:///(app-pages-browser)/./node_modules/next/dist/compiled/react-dom/cjs/react-dom.development.js:22926:32)
    at commitLayoutEffectOnFiber (webpack-internal:///(app-pages-browser)/./node_modules/next/dist/compiled/react-dom/cjs/react-dom.development.js:21407:41)
    at recursivelyTraverseLayoutEffects (webpack-internal:///(app-pages-browser)/./node_modules/next/dist/compiled/react-dom/cjs/react-dom.development.js:22926:32)
    at commitLayoutEffectOnFiber (webpack-internal:///(app-pages-browser)/./node_modules/next/dist/compiled/react-dom/cjs/react-dom.development.js:21407:41)
    at recursivelyTraverseLayoutEffects (webpack-internal:///(app-pages-browser)/./node_modules/next/dist/compiled/react-dom/cjs/react-dom.development.js:22926:32)
    at commitLayoutEffectOnFiber (webpack-internal:///(app-pages-browser)/./node_modules/next/dist/compiled/react-dom/cjs/react-dom.development.js:21407:41)
    at recursivelyTraverseLayoutEffects (webpack-internal:///(app-pages-browser)/./node_modules/next/dist/compiled/react-dom/cjs/react-dom.development.js:22926:32)
    at commitLayoutEffectOnFiber (webpack-internal:///(app-pages-browser)/./node_modules/next/dist/compiled/react-dom/cjs/react-dom.development.js:21407:41)
    at recursivelyTraverseLayoutEffects (webpack-internal:///(app-pages-browser)/./node_modules/next/dist/compiled/react-dom/cjs/react-dom.development.js:22926:32)
    at commitLayoutEffectOnFiber (webpack-internal:///(app-pages-browser)/./node_modules/next/dist/compiled/react-dom/cjs/react-dom.development.js:21418:41)
    at recursivelyTraverseLayoutEffects (webpack-internal:///(app-pages-browser)/./node_modules/next/dist/compiled/react-dom/cjs/react-dom.development.js:22926:32)
[   11881ms] Error: Map container is already initialized.
    at _initContainer (webpack-internal:///(app-pages-browser)/./node_modules/leaflet/dist/leaflet-src.js:4206:12)
    at initialize (webpack-internal:///(app-pages-browser)/./node_modules/leaflet/dist/leaflet-src.js:3248:10)
    at NewClass (webpack-internal:///(app-pages-browser)/./node_modules/leaflet/dist/leaflet-src.js:301:22)
    at MapContainerComponent/mapRef< (webpack-internal:///(app-pages-browser)/./node_modules/react-leaflet/lib/MapContainer.js:37:25)
    at commitAttachRef (webpack-internal:///(app-pages-browser)/./node_modules/next/dist/compiled/react-dom/cjs/react-dom.development.js:21677:37)
    at safelyAttachRef (webpack-internal:///(app-pages-browser)/./node_modules/next/dist/compiled/react-dom/cjs/react-dom.development.js:20803:20)
    at reappearLayoutEffects (webpack-internal:///(app-pages-browser)/./node_modules/next/dist/compiled/react-dom/cjs/react-dom.development.js:23082:24)
    at recursivelyTraverseReappearLayoutEffects (webpack-internal:///(app-pages-browser)/./node_modules/next/dist/compiled/react-dom/cjs/react-dom.development.js:23142:26)
    at reappearLayoutEffects (webpack-internal:///(app-pages-browser)/./node_modules/next/dist/compiled/react-dom/cjs/react-dom.development.js:23024:49)
    at recursivelyTraverseReappearLayoutEffects (webpack-internal:///(app-pages-browser)/./node_modules/next/dist/compiled/react-dom/cjs/react-dom.development.js:23142:26)
    at reappearLayoutEffects (webpack-internal:///(app-pages-browser)/./node_modules/next/dist/compiled/react-dom/cjs/react-dom.development.js:23072:49)
    at recursivelyTraverseReappearLayoutEffects (webpack-internal:///(app-pages-browser)/./node_modules/next/dist/compiled/react-dom/cjs/react-dom.development.js:23142:26)
    at reappearLayoutEffects (webpack-internal:///(app-pages-browser)/./node_modules/next/dist/compiled/react-dom/cjs/react-dom.development.js:23072:49)
    at recursivelyTraverseReappearLayoutEffects (webpack-internal:///(app-pages-browser)/./node_modules/next/dist/compiled/react-dom/cjs/react-dom.development.js:23142:26)
    at reappearLayoutEffects (webpack-internal:///(app-pages-browser)/./node_modules/next/dist/compiled/react-dom/cjs/react-dom.development.js:23024:49)
    at recursivelyTraverseReappearLayoutEffects (webpack-internal:///(app-pages-browser)/./node_modules/next/dist/compiled/react-dom/cjs/react-dom.development.js:23142:26)
    at reappearLayoutEffects (webpack-internal:///(app-pages-browser)/./node_modules/next/dist/compiled/react-dom/cjs/react-dom.development.js:23024:49)
    at recursivelyTraverseReappearLayoutEffects (webpack-internal:///(app-pages-browser)/./node_modules/next/dist/compiled/react-dom/cjs/react-dom.development.js:23142:26)
    at commitLayoutEffectOnFiber (webpack-internal:///(app-pages-browser)/./node_modules/next/dist/compiled/react-dom/cjs/react-dom.development.js:21550:55)
    at recursivelyTraverseLayoutEffects (webpack-internal:///(app-pages-browser)/./node_modules/next/dist/compiled/react-dom/cjs/react-dom.development.js:22926:32)
    at commitLayoutEffectOnFiber (webpack-internal:///(app-pages-browser)/./node_modules/next/dist/compiled/react-dom/cjs/react-dom.development.js:21518:41)
    at recursivelyTraverseLayoutEffects (webpack-internal:///(app-pages-browser)/./node_modules/next/dist/compiled/react-dom/cjs/react-dom.development.js:22926:32)
    at commitLayoutEffectOnFiber (webpack-internal:///(app-pages-browser)/./node_modules/next/dist/compiled/react-dom/cjs/react-dom.development.js:21407:41)
    at recursivelyTraverseLayoutEffects (webpack-internal:///(app-pages-browser)/./node_modules/next/dist/compiled/react-dom/cjs/react-dom.development.js:22926:32)
    at commitLayoutEffectOnFiber (webpack-internal:///(app-pages-browser)/./node_modules/next/dist/compiled/react-dom/cjs/react-dom.development.js:21488:41)
    at recursivelyTraverseLayoutEffects (webpack-internal:///(app-pages-browser)/./node_modules/next/dist/compiled/react-dom/cjs/react-dom.development.js:22926:32)
    at commitLayoutEffectOnFiber (webpack-internal:///(app-pages-browser)/./node_modules/next/dist/compiled/react-dom/cjs/react-dom.development.js:21488:41)
    at recursivelyTraverseLayoutEffects (webpack-internal:///(app-pages-browser)/./node_modules/next/dist/compiled/react-dom/cjs/react-dom.development.js:22926:32)
    at commitLayoutEffectOnFiber (webpack-internal:///(app-pages-browser)/./node_modules/next/dist/compiled/react-dom/cjs/react-dom.development.js:21407:41)
    at recursivelyTraverseLayoutEffects (webpack-internal:///(app-pages-browser)/./node_modules/next/dist/compiled/react-dom/cjs/react-dom.development.js:22926:32)
    at commitLayoutEffectOnFiber (webpack-internal:///(app-pages-browser)/./node_modules/next/dist/compiled/react-dom/cjs/react-dom.development.js:21407:41)
    at recursivelyTraverseLayoutEffects (webpack-internal:///(app-pages-browser)/./node_modules/next/dist/compiled/react-dom/cjs/react-dom.development.js:22926:32)
    at commitLayoutEffectOnFiber (webpack-internal:///(app-pages-browser)/./node_modules/next/dist/compiled/react-dom/cjs/react-dom.development.js:21577:41)
    at recursivelyTraverseLayoutEffects (webpack-internal:///(app-pages-browser)/./node_modules/next/dist/compiled/react-dom/cjs/react-dom.development.js:22926:32)
    at commitLayoutEffectOnFiber (webpack-internal:///(app-pages-browser)/./node_modules/next/dist/compiled/react-dom/cjs/react-dom.development.js:21577:41)
    at recursivelyTraverseLayoutEffects (webpack-internal:///(app-pages-browser)/./node_modules/next/dist/compiled/react-dom/cjs/react-dom.development.js:22926:32)
    at commitLayoutEffectOnFiber (webpack-internal:///(app-pages-browser)/./node_modules/next/dist/compiled/react-dom/cjs/react-dom.development.js:21407:41)
    at recursivelyTraverseLayoutEffects (webpack-internal:///(app-pages-browser)/./node_modules/next/dist/compiled/react-dom/cjs/react-dom.development.js:22926:32)
    at commitLayoutEffectOnFiber (webpack-internal:///(app-pages-browser)/./node_modules/next/dist/compiled/react-dom/cjs/react-dom.development.js:21418:41)
    at recursivelyTraverseLayoutEffects (webpack-internal:///(app-pages-browser)/./node_modules/next/dist/compiled/react-dom/cjs/react-dom.development.js:22926:32)
    at commitLayoutEffectOnFiber (webpack-internal:///(app-pages-browser)/./node_modules/next/dist/compiled/react-dom/cjs/react-dom.development.js:21407:41)
    at recursivelyTraverseLayoutEffects (webpack-internal:///(app-pages-browser)/./node_modules/next/dist/compiled/react-dom/cjs/react-dom.development.js:22926:32)
    at commitLayoutEffectOnFiber (webpack-internal:///(app-pages-browser)/./node_modules/next/dist/compiled/react-dom/cjs/react-dom.development.js:21407:41)
    at recursivelyTraverseLayoutEffects (webpack-internal:///(app-pages-browser)/./node_modules/next/dist/compiled/react-dom/cjs/react-dom.development.js:22926:32)
    at commitLayoutEffectOnFiber (webpack-internal:///(app-pages-browser)/./node_modules/next/dist/compiled/react-dom/cjs/react-dom.development.js:21407:41)
    at recursivelyTraverseLayoutEffects (webpack-internal:///(app-pages-browser)/./node_modules/next/dist/compiled/react-dom/cjs/react-dom.development.js:22926:32)
    at commitLayoutEffectOnFiber (webpack-internal:///(app-pages-browser)/./node_modules/next/dist/compiled/react-dom/cjs/react-dom.development.js:21407:41)
    at recursivelyTraverseLayoutEffects (webpack-internal:///(app-pages-browser)/./node_modules/next/dist/compiled/react-dom/cjs/react-dom.development.js:22926:32)
    at commitLayoutEffectOnFiber (webpack-internal:///(app-pages-browser)/./node_modules/next/dist/compiled/react-dom/cjs/react-dom.development.js:21418:41)
    at recursivelyTraverseLayoutEffects (webpack-internal:///(app-pages-browser)/./node_modules/next/dist/compiled/react-dom/cjs/react-dom.development.js:22926:32)
[   11881ms] Error: Map container is already initialized.
    at _initContainer (webpack-internal:///(app-pages-browser)/./node_modules/leaflet/dist/leaflet-src.js:4206:12)
    at initialize (webpack-internal:///(app-pages-browser)/./node_modules/leaflet/dist/leaflet-src.js:3248:10)
    at NewClass (webpack-internal:///(app-pages-browser)/./node_modules/leaflet/dist/leaflet-src.js:301:22)
    at MapContainerComponent/mapRef< (webpack-internal:///(app-pages-browser)/./node_modules/react-leaflet/lib/MapContainer.js:37:25)
    at commitAttachRef (webpack-internal:///(app-pages-browser)/./node_modules/next/dist/compiled/react-dom/cjs/react-dom.development.js:21677:37)
    at safelyAttachRef (webpack-internal:///(app-pages-browser)/./node_modules/next/dist/compiled/react-dom/cjs/react-dom.development.js:20803:20)
    at reappearLayoutEffects (webpack-internal:///(app-pages-browser)/./node_modules/next/dist/compiled/react-dom/cjs/react-dom.development.js:23082:24)
    at recursivelyTraverseReappearLayoutEffects (webpack-internal:///(app-pages-browser)/./node_modules/next/dist/compiled/react-dom/cjs/react-dom.development.js:23142:26)
    at reappearLayoutEffects (webpack-internal:///(app-pages-browser)/./node_modules/next/dist/compiled/react-dom/cjs/react-dom.development.js:23024:49)
    at recursivelyTraverseReappearLayoutEffects (webpack-internal:///(app-pages-browser)/./node_modules/next/dist/compiled/react-dom/cjs/react-dom.development.js:23142:26)
    at reappearLayoutEffects (webpack-internal:///(app-pages-browser)/./node_modules/next/dist/compiled/react-dom/cjs/react-dom.development.js:23072:49)
    at recursivelyTraverseReappearLayoutEffects (webpack-internal:///(app-pages-browser)/./node_modules/next/dist/compiled/react-dom/cjs/react-dom.development.js:23142:26)
    at reappearLayoutEffects (webpack-internal:///(app-pages-browser)/./node_modules/next/dist/compiled/react-dom/cjs/react-dom.development.js:23072:49)
    at recursivelyTraverseReappearLayoutEffects (webpack-internal:///(app-pages-browser)/./node_modules/next/dist/compiled/react-dom/cjs/react-dom.development.js:23142:26)
    at reappearLayoutEffects (webpack-internal:///(app-pages-browser)/./node_modules/next/dist/compiled/react-dom/cjs/react-dom.development.js:23024:49)
    at recursivelyTraverseReappearLayoutEffects (webpack-internal:///(app-pages-browser)/./node_modules/next/dist/compiled/react-dom/cjs/react-dom.development.js:23142:26)
    at reappearLayoutEffects (webpack-internal:///(app-pages-browser)/./node_modules/next/dist/compiled/react-dom/cjs/react-dom.development.js:23024:49)
    at recursivelyTraverseReappearLayoutEffects (webpack-internal:///(app-pages-browser)/./node_modules/next/dist/compiled/react-dom/cjs/react-dom.development.js:23142:26)
    at commitLayoutEffectOnFiber (webpack-internal:///(app-pages-browser)/./node_modules/next/dist/compiled/react-dom/cjs/react-dom.development.js:21550:55)
    at recursivelyTraverseLayoutEffects (webpack-internal:///(app-pages-browser)/./node_modules/next/dist/compiled/react-dom/cjs/react-dom.development.js:22926:32)
    at commitLayoutEffectOnFiber (webpack-internal:///(app-pages-browser)/./node_modules/next/dist/compiled/react-dom/cjs/react-dom.development.js:21518:41)
    at recursivelyTraverseLayoutEffects (webpack-internal:///(app-pages-browser)/./node_modules/next/dist/compiled/react-dom/cjs/react-dom.development.js:22926:32)
    at commitLayoutEffectOnFiber (webpack-internal:///(app-pages-browser)/./node_modules/next/dist/compiled/react-dom/cjs/react-dom.development.js:21407:41)
    at recursivelyTraverseLayoutEffects (webpack-internal:///(app-pages-browser)/./node_modules/next/dist/compiled/react-dom/cjs/react-dom.development.js:22926:32)
    at commitLayoutEffectOnFiber (webpack-internal:///(app-pages-browser)/./node_modules/next/dist/compiled/react-dom/cjs/react-dom.development.js:21488:41)
    at recursivelyTraverseLayoutEffects (webpack-internal:///(app-pages-browser)/./node_modules/next/dist/compiled/react-dom/cjs/react-dom.development.js:22926:32)
    at commitLayoutEffectOnFiber (webpack-internal:///(app-pages-browser)/./node_modules/next/dist/compiled/react-dom/cjs/react-dom.development.js:21488:41)
    at recursivelyTraverseLayoutEffects (webpack-internal:///(app-pages-browser)/./node_modules/next/dist/compiled/react-dom/cjs/react-dom.development.js:22926:32)
    at commitLayoutEffectOnFiber (webpack-internal:///(app-pages-browser)/./node_modules/next/dist/compiled/react-dom/cjs/react-dom.development.js:21407:41)
    at recursivelyTraverseLayoutEffects (webpack-internal:///(app-pages-browser)/./node_modules/next/dist/compiled/react-dom/cjs/react-dom.development.js:22926:32)
    at commitLayoutEffectOnFiber (webpack-internal:///(app-pages-browser)/./node_modules/next/dist/compiled/react-dom/cjs/react-dom.development.js:21407:41)
    at recursivelyTraverseLayoutEffects (webpack-internal:///(app-pages-browser)/./node_modules/next/dist/compiled/react-dom/cjs/react-dom.development.js:22926:32)
    at commitLayoutEffectOnFiber (webpack-internal:///(app-pages-browser)/./node_modules/next/dist/compiled/react-dom/cjs/react-dom.development.js:21577:41)
    at recursivelyTraverseLayoutEffects (webpack-internal:///(app-pages-browser)/./node_modules/next/dist/compiled/react-dom/cjs/react-dom.development.js:22926:32)
    at commitLayoutEffectOnFiber (webpack-internal:///(app-pages-browser)/./node_modules/next/dist/compiled/react-dom/cjs/react-dom.development.js:21577:41)
    at recursivelyTraverseLayoutEffects (webpack-internal:///(app-pages-browser)/./node_modules/next/dist/compiled/react-dom/cjs/react-dom.development.js:22926:32)
    at commitLayoutEffectOnFiber (webpack-internal:///(app-pages-browser)/./node_modules/next/dist/compiled/react-dom/cjs/react-dom.development.js:21407:41)
    at recursivelyTraverseLayoutEffects (webpack-internal:///(app-pages-browser)/./node_modules/next/dist/compiled/react-dom/cjs/react-dom.development.js:22926:32)
    at commitLayoutEffectOnFiber (webpack-internal:///(app-pages-browser)/./node_modules/next/dist/compiled/react-dom/cjs/react-dom.development.js:21418:41)
    at recursivelyTraverseLayoutEffects (webpack-internal:///(app-pages-browser)/./node_modules/next/dist/compiled/react-dom/cjs/react-dom.development.js:22926:32)
    at commitLayoutEffectOnFiber (webpack-internal:///(app-pages-browser)/./node_modules/next/dist/compiled/react-dom/cjs/react-dom.development.js:21407:41)
    at recursivelyTraverseLayoutEffects (webpack-internal:///(app-pages-browser)/./node_modules/next/dist/compiled/react-dom/cjs/react-dom.development.js:22926:32)
    at commitLayoutEffectOnFiber (webpack-internal:///(app-pages-browser)/./node_modules/next/dist/compiled/react-dom/cjs/react-dom.development.js:21407:41)
    at recursivelyTraverseLayoutEffects (webpack-internal:///(app-pages-browser)/./node_modules/next/dist/compiled/react-dom/cjs/react-dom.development.js:22926:32)
    at commitLayoutEffectOnFiber (webpack-internal:///(app-pages-browser)/./node_modules/next/dist/compiled/react-dom/cjs/react-dom.development.js:21407:41)
    at recursivelyTraverseLayoutEffects (webpack-internal:///(app-pages-browser)/./node_modules/next/dist/compiled/react-dom/cjs/react-dom.development.js:22926:32)
    at commitLayoutEffectOnFiber (webpack-internal:///(app-pages-browser)/./node_modules/next/dist/compiled/react-dom/cjs/react-dom.development.js:21407:41)
    at recursivelyTraverseLayoutEffects (webpack-internal:///(app-pages-browser)/./node_modules/next/dist/compiled/react-dom/cjs/react-dom.development.js:22926:32)
    at commitLayoutEffectOnFiber (webpack-internal:///(app-pages-browser)/./node_modules/next/dist/compiled/react-dom/cjs/react-dom.development.js:21418:41)
    at recursivelyTraverseLayoutEffects (webpack-internal:///(app-pages-browser)/./node_modules/next/dist/compiled/react-dom/cjs/react-dom.development.js:22926:32)
[   11883ms] Error: Map container is already initialized.
    at _initContainer (webpack-internal:///(app-pages-browser)/./node_modules/leaflet/dist/leaflet-src.js:4206:12)
    at initialize (webpack-internal:///(app-pages-browser)/./node_modules/leaflet/dist/leaflet-src.js:3248:10)
    at NewClass (webpack-internal:///(app-pages-browser)/./node_modules/leaflet/dist/leaflet-src.js:301:22)
    at MapContainerComponent/mapRef< (webpack-internal:///(app-pages-browser)/./node_modules/react-leaflet/lib/MapContainer.js:37:25)
    at commitAttachRef (webpack-internal:///(app-pages-browser)/./node_modules/next/dist/compiled/react-dom/cjs/react-dom.development.js:21677:37)
    at safelyAttachRef (webpack-internal:///(app-pages-browser)/./node_modules/next/dist/compiled/react-dom/cjs/react-dom.development.js:20803:20)
    at reappearLayoutEffects (webpack-internal:///(app-pages-browser)/./node_modules/next/dist/compiled/react-dom/cjs/react-dom.development.js:23082:24)
    at recursivelyTraverseReappearLayoutEffects (webpack-internal:///(app-pages-browser)/./node_modules/next/dist/compiled/react-dom/cjs/react-dom.development.js:23142:26)
    at reappearLayoutEffects (webpack-internal:///(app-pages-browser)/./node_modules/next/dist/compiled/react-dom/cjs/react-dom.development.js:23024:49)
    at recursivelyTraverseReappearLayoutEffects (webpack-internal:///(app-pages-browser)/./node_modules/next/dist/compiled/react-dom/cjs/react-dom.development.js:23142:26)
    at reappearLayoutEffects (webpack-internal:///(app-pages-browser)/./node_modules/next/dist/compiled/react-dom/cjs/react-dom.development.js:23072:49)
    at recursivelyTraverseReappearLayoutEffects (webpack-internal:///(app-pages-browser)/./node_modules/next/dist/compiled/react-dom/cjs/react-dom.development.js:23142:26)
    at reappearLayoutEffects (webpack-internal:///(app-pages-browser)/./node_modules/next/dist/compiled/react-dom/cjs/react-dom.development.js:23072:49)
    at recursivelyTraverseReappearLayoutEffects (webpack-internal:///(app-pages-browser)/./node_modules/next/dist/compiled/react-dom/cjs/react-dom.development.js:23142:26)
    at reappearLayoutEffects (webpack-internal:///(app-pages-browser)/./node_modules/next/dist/compiled/react-dom/cjs/react-dom.development.js:23024:49)
    at recursivelyTraverseReappearLayoutEffects (webpack-internal:///(app-pages-browser)/./node_modules/next/dist/compiled/react-dom/cjs/react-dom.development.js:23142:26)
    at reappearLayoutEffects (webpack-internal:///(app-pages-browser)/./node_modules/next/dist/compiled/react-dom/cjs/react-dom.development.js:23024:49)
    at recursivelyTraverseReappearLayoutEffects (webpack-internal:///(app-pages-browser)/./node_modules/next/dist/compiled/react-dom/cjs/react-dom.development.js:23142:26)
    at commitLayoutEffectOnFiber (webpack-internal:///(app-pages-browser)/./node_modules/next/dist/compiled/react-dom/cjs/react-dom.development.js:21550:55)
    at recursivelyTraverseLayoutEffects (webpack-internal:///(app-pages-browser)/./node_modules/next/dist/compiled/react-dom/cjs/react-dom.development.js:22926:32)
    at commitLayoutEffectOnFiber (webpack-internal:///(app-pages-browser)/./node_modules/next/dist/compiled/react-dom/cjs/react-dom.development.js:21518:41)
    at recursivelyTraverseLayoutEffects (webpack-internal:///(app-pages-browser)/./node_modules/next/dist/compiled/react-dom/cjs/react-dom.development.js:22926:32)
    at commitLayoutEffectOnFiber (webpack-internal:///(app-pages-browser)/./node_modules/next/dist/compiled/react-dom/cjs/react-dom.development.js:21407:41)
    at recursivelyTraverseLayoutEffects (webpack-internal:///(app-pages-browser)/./node_modules/next/dist/compiled/react-dom/cjs/react-dom.development.js:22926:32)
    at commitLayoutEffectOnFiber (webpack-internal:///(app-pages-browser)/./node_modules/next/dist/compiled/react-dom/cjs/react-dom.development.js:21488:41)
    at recursivelyTraverseLayoutEffects (webpack-internal:///(app-pages-browser)/./node_modules/next/dist/compiled/react-dom/cjs/react-dom.development.js:22926:32)
    at commitLayoutEffectOnFiber (webpack-internal:///(app-pages-browser)/./node_modules/next/dist/compiled/react-dom/cjs/react-dom.development.js:21488:41)
    at recursivelyTraverseLayoutEffects (webpack-internal:///(app-pages-browser)/./node_modules/next/dist/compiled/react-dom/cjs/react-dom.development.js:22926:32)
    at commitLayoutEffectOnFiber (webpack-internal:///(app-pages-browser)/./node_modules/next/dist/compiled/react-dom/cjs/react-dom.development.js:21407:41)
    at recursivelyTraverseLayoutEffects (webpack-internal:///(app-pages-browser)/./node_modules/next/dist/compiled/react-dom/cjs/react-dom.development.js:22926:32)
    at commitLayoutEffectOnFiber (webpack-internal:///(app-pages-browser)/./node_modules/next/dist/compiled/react-dom/cjs/react-dom.development.js:21407:41)
    at recursivelyTraverseLayoutEffects (webpack-internal:///(app-pages-browser)/./node_modules/next/dist/compiled/react-dom/cjs/react-dom.development.js:22926:32)
    at commitLayoutEffectOnFiber (webpack-internal:///(app-pages-browser)/./node_modules/next/dist/compiled/react-dom/cjs/react-dom.development.js:21577:41)
    at recursivelyTraverseLayoutEffects (webpack-internal:///(app-pages-browser)/./node_modules/next/dist/compiled/react-dom/cjs/react-dom.development.js:22926:32)
    at commitLayoutEffectOnFiber (webpack-internal:///(app-pages-browser)/./node_modules/next/dist/compiled/react-dom/cjs/react-dom.development.js:21577:41)
    at recursivelyTraverseLayoutEffects (webpack-internal:///(app-pages-browser)/./node_modules/next/dist/compiled/react-dom/cjs/react-dom.development.js:22926:32)
    at commitLayoutEffectOnFiber (webpack-internal:///(app-pages-browser)/./node_modules/next/dist/compiled/react-dom/cjs/react-dom.development.js:21407:41)
    at recursivelyTraverseLayoutEffects (webpack-internal:///(app-pages-browser)/./node_modules/next/dist/compiled/react-dom/cjs/react-dom.development.js:22926:32)
    at commitLayoutEffectOnFiber (webpack-internal:///(app-pages-browser)/./node_modules/next/dist/compiled/react-dom/cjs/react-dom.development.js:21418:41)
    at recursivelyTraverseLayoutEffects (webpack-internal:///(app-pages-browser)/./node_modules/next/dist/compiled/react-dom/cjs/react-dom.development.js:22926:32)
    at commitLayoutEffectOnFiber (webpack-internal:///(app-pages-browser)/./node_modules/next/dist/compiled/react-dom/cjs/react-dom.development.js:21407:41)
    at recursivelyTraverseLayoutEffects (webpack-internal:///(app-pages-browser)/./node_modules/next/dist/compiled/react-dom/cjs/react-dom.development.js:22926:32)
    at commitLayoutEffectOnFiber (webpack-internal:///(app-pages-browser)/./node_modules/next/dist/compiled/react-dom/cjs/react-dom.development.js:21407:41)
    at recursivelyTraverseLayoutEffects (webpack-internal:///(app-pages-browser)/./node_modules/next/dist/compiled/react-dom/cjs/react-dom.development.js:22926:32)
    at commitLayoutEffectOnFiber (webpack-internal:///(app-pages-browser)/./node_modules/next/dist/compiled/react-dom/cjs/react-dom.development.js:21407:41)
    at recursivelyTraverseLayoutEffects (webpack-internal:///(app-pages-browser)/./node_modules/next/dist/compiled/react-dom/cjs/react-dom.development.js:22926:32)
    at commitLayoutEffectOnFiber (webpack-internal:///(app-pages-browser)/./node_modules/next/dist/compiled/react-dom/cjs/react-dom.development.js:21407:41)
    at recursivelyTraverseLayoutEffects (webpack-internal:///(app-pages-browser)/./node_modules/next/dist/compiled/react-dom/cjs/react-dom.development.js:22926:32)
    at commitLayoutEffectOnFiber (webpack-internal:///(app-pages-browser)/./node_modules/next/dist/compiled/react-dom/cjs/react-dom.development.js:21418:41)
    at recursivelyTraverseLayoutEffects (webpack-internal:///(app-pages-browser)/./node_modules/next/dist/compiled/react-dom/cjs/react-dom.development.js:22926:32)
[   11884ms] Error: Map container is already initialized.
    at _initContainer (webpack-internal:///(app-pages-browser)/./node_modules/leaflet/dist/leaflet-src.js:4206:12)
    at initialize (webpack-internal:///(app-pages-browser)/./node_modules/leaflet/dist/leaflet-src.js:3248:10)
    at NewClass (webpack-internal:///(app-pages-browser)/./node_modules/leaflet/dist/leaflet-src.js:301:22)
    at MapContainerComponent/mapRef< (webpack-internal:///(app-pages-browser)/./node_modules/react-leaflet/lib/MapContainer.js:37:25)
    at commitAttachRef (webpack-internal:///(app-pages-browser)/./node_modules/next/dist/compiled/react-dom/cjs/react-dom.development.js:21677:37)
    at safelyAttachRef (webpack-internal:///(app-pages-browser)/./node_modules/next/dist/compiled/react-dom/cjs/react-dom.development.js:20803:20)
    at reappearLayoutEffects (webpack-internal:///(app-pages-browser)/./node_modules/next/dist/compiled/react-dom/cjs/react-dom.development.js:23082:24)
    at recursivelyTraverseReappearLayoutEffects (webpack-internal:///(app-pages-browser)/./node_modules/next/dist/compiled/react-dom/cjs/react-dom.development.js:23142:26)
    at reappearLayoutEffects (webpack-internal:///(app-pages-browser)/./node_modules/next/dist/compiled/react-dom/cjs/react-dom.development.js:23024:49)
    at recursivelyTraverseReappearLayoutEffects (webpack-internal:///(app-pages-browser)/./node_modules/next/dist/compiled/react-dom/cjs/react-dom.development.js:23142:26)
    at reappearLayoutEffects (webpack-internal:///(app-pages-browser)/./node_modules/next/dist/compiled/react-dom/cjs/react-dom.development.js:23072:49)
    at recursivelyTraverseReappearLayoutEffects (webpack-internal:///(app-pages-browser)/./node_modules/next/dist/compiled/react-dom/cjs/react-dom.development.js:23142:26)
    at reappearLayoutEffects (webpack-internal:///(app-pages-browser)/./node_modules/next/dist/compiled/react-dom/cjs/react-dom.development.js:23072:49)
    at recursivelyTraverseReappearLayoutEffects (webpack-internal:///(app-pages-browser)/./node_modules/next/dist/compiled/react-dom/cjs/react-dom.development.js:23142:26)
    at reappearLayoutEffects (webpack-internal:///(app-pages-browser)/./node_modules/next/dist/compiled/react-dom/cjs/react-dom.development.js:23024:49)
    at recursivelyTraverseReappearLayoutEffects (webpack-internal:///(app-pages-browser)/./node_modules/next/dist/compiled/react-dom/cjs/react-dom.development.js:23142:26)
    at reappearLayoutEffects (webpack-internal:///(app-pages-browser)/./node_modules/next/dist/compiled/react-dom/cjs/react-dom.development.js:23024:49)
    at recursivelyTraverseReappearLayoutEffects (webpack-internal:///(app-pages-browser)/./node_modules/next/dist/compiled/react-dom/cjs/react-dom.development.js:23142:26)
    at commitLayoutEffectOnFiber (webpack-internal:///(app-pages-browser)/./node_modules/next/dist/compiled/react-dom/cjs/react-dom.development.js:21550:55)
    at recursivelyTraverseLayoutEffects (webpack-internal:///(app-pages-browser)/./node_modules/next/dist/compiled/react-dom/cjs/react-dom.development.js:22926:32)
    at commitLayoutEffectOnFiber (webpack-internal:///(app-pages-browser)/./node_modules/next/dist/compiled/react-dom/cjs/react-dom.development.js:21518:41)
    at recursivelyTraverseLayoutEffects (webpack-internal:///(app-pages-browser)/./node_modules/next/dist/compiled/react-dom/cjs/react-dom.development.js:22926:32)
    at commitLayoutEffectOnFiber (webpack-internal:///(app-pages-browser)/./node_modules/next/dist/compiled/react-dom/cjs/react-dom.development.js:21407:41)
    at recursivelyTraverseLayoutEffects (webpack-internal:///(app-pages-browser)/./node_modules/next/dist/compiled/react-dom/cjs/react-dom.development.js:22926:32)
    at commitLayoutEffectOnFiber (webpack-internal:///(app-pages-browser)/./node_modules/next/dist/compiled/react-dom/cjs/react-dom.development.js:21488:41)
    at recursivelyTraverseLayoutEffects (webpack-internal:///(app-pages-browser)/./node_modules/next/dist/compiled/react-dom/cjs/react-dom.development.js:22926:32)
    at commitLayoutEffectOnFiber (webpack-internal:///(app-pages-browser)/./node_modules/next/dist/compiled/react-dom/cjs/react-dom.development.js:21488:41)
    at recursivelyTraverseLayoutEffects (webpack-internal:///(app-pages-browser)/./node_modules/next/dist/compiled/react-dom/cjs/react-dom.development.js:22926:32)
    at commitLayoutEffectOnFiber (webpack-internal:///(app-pages-browser)/./node_modules/next/dist/compiled/react-dom/cjs/react-dom.development.js:21407:41)
    at recursivelyTraverseLayoutEffects (webpack-internal:///(app-pages-browser)/./node_modules/next/dist/compiled/react-dom/cjs/react-dom.development.js:22926:32)
    at commitLayoutEffectOnFiber (webpack-internal:///(app-pages-browser)/./node_modules/next/dist/compiled/react-dom/cjs/react-dom.development.js:21407:41)
    at recursivelyTraverseLayoutEffects (webpack-internal:///(app-pages-browser)/./node_modules/next/dist/compiled/react-dom/cjs/react-dom.development.js:22926:32)
    at commitLayoutEffectOnFiber (webpack-internal:///(app-pages-browser)/./node_modules/next/dist/compiled/react-dom/cjs/react-dom.development.js:21577:41)
    at recursivelyTraverseLayoutEffects (webpack-internal:///(app-pages-browser)/./node_modules/next/dist/compiled/react-dom/cjs/react-dom.development.js:22926:32)
    at commitLayoutEffectOnFiber (webpack-internal:///(app-pages-browser)/./node_modules/next/dist/compiled/react-dom/cjs/react-dom.development.js:21577:41)
    at recursivelyTraverseLayoutEffects (webpack-internal:///(app-pages-browser)/./node_modules/next/dist/compiled/react-dom/cjs/react-dom.development.js:22926:32)
    at commitLayoutEffectOnFiber (webpack-internal:///(app-pages-browser)/./node_modules/next/dist/compiled/react-dom/cjs/react-dom.development.js:21407:41)
    at recursivelyTraverseLayoutEffects (webpack-internal:///(app-pages-browser)/./node_modules/next/dist/compiled/react-dom/cjs/react-dom.development.js:22926:32)
    at commitLayoutEffectOnFiber (webpack-internal:///(app-pages-browser)/./node_modules/next/dist/compiled/react-dom/cjs/react-dom.development.js:21418:41)
    at recursivelyTraverseLayoutEffects (webpack-internal:///(app-pages-browser)/./node_modules/next/dist/compiled/react-dom/cjs/react-dom.development.js:22926:32)
    at commitLayoutEffectOnFiber (webpack-internal:///(app-pages-browser)/./node_modules/next/dist/compiled/react-dom/cjs/react-dom.development.js:21407:41)
    at recursivelyTraverseLayoutEffects (webpack-internal:///(app-pages-browser)/./node_modules/next/dist/compiled/react-dom/cjs/react-dom.development.js:22926:32)
    at commitLayoutEffectOnFiber (webpack-internal:///(app-pages-browser)/./node_modules/next/dist/compiled/react-dom/cjs/react-dom.development.js:21407:41)
    at recursivelyTraverseLayoutEffects (webpack-internal:///(app-pages-browser)/./node_modules/next/dist/compiled/react-dom/cjs/react-dom.development.js:22926:32)
    at commitLayoutEffectOnFiber (webpack-internal:///(app-pages-browser)/./node_modules/next/dist/compiled/react-dom/cjs/react-dom.development.js:21407:41)
    at recursivelyTraverseLayoutEffects (webpack-internal:///(app-pages-browser)/./node_modules/next/dist/compiled/react-dom/cjs/react-dom.development.js:22926:32)
    at commitLayoutEffectOnFiber (webpack-internal:///(app-pages-browser)/./node_modules/next/dist/compiled/react-dom/cjs/react-dom.development.js:21407:41)
    at recursivelyTraverseLayoutEffects (webpack-internal:///(app-pages-browser)/./node_modules/next/dist/compiled/react-dom/cjs/react-dom.development.js:22926:32)
    at commitLayoutEffectOnFiber (webpack-internal:///(app-pages-browser)/./node_modules/next/dist/compiled/react-dom/cjs/react-dom.development.js:21418:41)
    at recursivelyTraverseLayoutEffects (webpack-internal:///(app-pages-browser)/./node_modules/next/dist/compiled/react-dom/cjs/react-dom.development.js:22926:32)
[   11885ms] Error: Map container is already initialized.
    at _initContainer (webpack-internal:///(app-pages-browser)/./node_modules/leaflet/dist/leaflet-src.js:4206:12)
    at initialize (webpack-internal:///(app-pages-browser)/./node_modules/leaflet/dist/leaflet-src.js:3248:10)
    at NewClass (webpack-internal:///(app-pages-browser)/./node_modules/leaflet/dist/leaflet-src.js:301:22)
    at MapContainerComponent/mapRef< (webpack-internal:///(app-pages-browser)/./node_modules/react-leaflet/lib/MapContainer.js:37:25)
    at commitAttachRef (webpack-internal:///(app-pages-browser)/./node_modules/next/dist/compiled/react-dom/cjs/react-dom.development.js:21677:37)
    at safelyAttachRef (webpack-internal:///(app-pages-browser)/./node_modules/next/dist/compiled/react-dom/cjs/react-dom.development.js:20803:20)
    at reappearLayoutEffects (webpack-internal:///(app-pages-browser)/./node_modules/next/dist/compiled/react-dom/cjs/react-dom.development.js:23082:24)
    at recursivelyTraverseReappearLayoutEffects (webpack-internal:///(app-pages-browser)/./node_modules/next/dist/compiled/react-dom/cjs/react-dom.development.js:23142:26)
    at reappearLayoutEffects (webpack-internal:///(app-pages-browser)/./node_modules/next/dist/compiled/react-dom/cjs/react-dom.development.js:23024:49)
    at recursivelyTraverseReappearLayoutEffects (webpack-internal:///(app-pages-browser)/./node_modules/next/dist/compiled/react-dom/cjs/react-dom.development.js:23142:26)
    at reappearLayoutEffects (webpack-internal:///(app-pages-browser)/./node_modules/next/dist/compiled/react-dom/cjs/react-dom.development.js:23072:49)
    at recursivelyTraverseReappearLayoutEffects (webpack-internal:///(app-pages-browser)/./node_modules/next/dist/compiled/react-dom/cjs/react-dom.development.js:23142:26)
    at reappearLayoutEffects (webpack-internal:///(app-pages-browser)/./node_modules/next/dist/compiled/react-dom/cjs/react-dom.development.js:23072:49)
    at recursivelyTraverseReappearLayoutEffects (webpack-internal:///(app-pages-browser)/./node_modules/next/dist/compiled/react-dom/cjs/react-dom.development.js:23142:26)
    at reappearLayoutEffects (webpack-internal:///(app-pages-browser)/./node_modules/next/dist/compiled/react-dom/cjs/react-dom.development.js:23024:49)
    at recursivelyTraverseReappearLayoutEffects (webpack-internal:///(app-pages-browser)/./node_modules/next/dist/compiled/react-dom/cjs/react-dom.development.js:23142:26)
    at reappearLayoutEffects (webpack-internal:///(app-pages-browser)/./node_modules/next/dist/compiled/react-dom/cjs/react-dom.development.js:23024:49)
    at recursivelyTraverseReappearLayoutEffects (webpack-internal:///(app-pages-browser)/./node_modules/next/dist/compiled/react-dom/cjs/react-dom.development.js:23142:26)
    at commitLayoutEffectOnFiber (webpack-internal:///(app-pages-browser)/./node_modules/next/dist/compiled/react-dom/cjs/react-dom.development.js:21550:55)
    at recursivelyTraverseLayoutEffects (webpack-internal:///(app-pages-browser)/./node_modules/next/dist/compiled/react-dom/cjs/react-dom.development.js:22926:32)
    at commitLayoutEffectOnFiber (webpack-internal:///(app-pages-browser)/./node_modules/next/dist/compiled/react-dom/cjs/react-dom.development.js:21518:41)
    at recursivelyTraverseLayoutEffects (webpack-internal:///(app-pages-browser)/./node_modules/next/dist/compiled/react-dom/cjs/react-dom.development.js:22926:32)
    at commitLayoutEffectOnFiber (webpack-internal:///(app-pages-browser)/./node_modules/next/dist/compiled/react-dom/cjs/react-dom.development.js:21407:41)
    at recursivelyTraverseLayoutEffects (webpack-internal:///(app-pages-browser)/./node_modules/next/dist/compiled/react-dom/cjs/react-dom.development.js:22926:32)
    at commitLayoutEffectOnFiber (webpack-internal:///(app-pages-browser)/./node_modules/next/dist/compiled/react-dom/cjs/react-dom.development.js:21488:41)
    at recursivelyTraverseLayoutEffects (webpack-internal:///(app-pages-browser)/./node_modules/next/dist/compiled/react-dom/cjs/react-dom.development.js:22926:32)
    at commitLayoutEffectOnFiber (webpack-internal:///(app-pages-browser)/./node_modules/next/dist/compiled/react-dom/cjs/react-dom.development.js:21488:41)
    at recursivelyTraverseLayoutEffects (webpack-internal:///(app-pages-browser)/./node_modules/next/dist/compiled/react-dom/cjs/react-dom.development.js:22926:32)
    at commitLayoutEffectOnFiber (webpack-internal:///(app-pages-browser)/./node_modules/next/dist/compiled/react-dom/cjs/react-dom.development.js:21407:41)
    at recursivelyTraverseLayoutEffects (webpack-internal:///(app-pages-browser)/./node_modules/next/dist/compiled/react-dom/cjs/react-dom.development.js:22926:32)
    at commitLayoutEffectOnFiber (webpack-internal:///(app-pages-browser)/./node_modules/next/dist/compiled/react-dom/cjs/react-dom.development.js:21407:41)
    at recursivelyTraverseLayoutEffects (webpack-internal:///(app-pages-browser)/./node_modules/next/dist/compiled/react-dom/cjs/react-dom.development.js:22926:32)
    at commitLayoutEffectOnFiber (webpack-internal:///(app-pages-browser)/./node_modules/next/dist/compiled/react-dom/cjs/react-dom.development.js:21577:41)
    at recursivelyTraverseLayoutEffects (webpack-internal:///(app-pages-browser)/./node_modules/next/dist/compiled/react-dom/cjs/react-dom.development.js:22926:32)
    at commitLayoutEffectOnFiber (webpack-internal:///(app-pages-browser)/./node_modules/next/dist/compiled/react-dom/cjs/react-dom.development.js:21577:41)
    at recursivelyTraverseLayoutEffects (webpack-internal:///(app-pages-browser)/./node_modules/next/dist/compiled/react-dom/cjs/react-dom.development.js:22926:32)
    at commitLayoutEffectOnFiber (webpack-internal:///(app-pages-browser)/./node_modules/next/dist/compiled/react-dom/cjs/react-dom.development.js:21407:41)
    at recursivelyTraverseLayoutEffects (webpack-internal:///(app-pages-browser)/./node_modules/next/dist/compiled/react-dom/cjs/react-dom.development.js:22926:32)
    at commitLayoutEffectOnFiber (webpack-internal:///(app-pages-browser)/./node_modules/next/dist/compiled/react-dom/cjs/react-dom.development.js:21418:41)
    at recursivelyTraverseLayoutEffects (webpack-internal:///(app-pages-browser)/./node_modules/next/dist/compiled/react-dom/cjs/react-dom.development.js:22926:32)
    at commitLayoutEffectOnFiber (webpack-internal:///(app-pages-browser)/./node_modules/next/dist/compiled/react-dom/cjs/react-dom.development.js:21407:41)
    at recursivelyTraverseLayoutEffects (webpack-internal:///(app-pages-browser)/./node_modules/next/dist/compiled/react-dom/cjs/react-dom.development.js:22926:32)
    at commitLayoutEffectOnFiber (webpack-internal:///(app-pages-browser)/./node_modules/next/dist/compiled/react-dom/cjs/react-dom.development.js:21407:41)
    at recursivelyTraverseLayoutEffects (webpack-internal:///(app-pages-browser)/./node_modules/next/dist/compiled/react-dom/cjs/react-dom.development.js:22926:32)
    at commitLayoutEffectOnFiber (webpack-internal:///(app-pages-browser)/./node_modules/next/dist/compiled/react-dom/cjs/react-dom.development.js:21407:41)
    at recursivelyTraverseLayoutEffects (webpack-internal:///(app-pages-browser)/./node_modules/next/dist/compiled/react-dom/cjs/react-dom.development.js:22926:32)
    at commitLayoutEffectOnFiber (webpack-internal:///(app-pages-browser)/./node_modules/next/dist/compiled/react-dom/cjs/react-dom.development.js:21407:41)
    at recursivelyTraverseLayoutEffects (webpack-internal:///(app-pages-browser)/./node_modules/next/dist/compiled/react-dom/cjs/react-dom.development.js:22926:32)
    at commitLayoutEffectOnFiber (webpack-internal:///(app-pages-browser)/./node_modules/next/dist/compiled/react-dom/cjs/react-dom.development.js:21418:41)
    at recursivelyTraverseLayoutEffects (webpack-internal:///(app-pages-browser)/./node_modules/next/dist/compiled/react-dom/cjs/react-dom.development.js:22926:32)
[   11885ms] Error: Map container is already initialized.
    at _initContainer (webpack-internal:///(app-pages-browser)/./node_modules/leaflet/dist/leaflet-src.js:4206:12)
    at initialize (webpack-internal:///(app-pages-browser)/./node_modules/leaflet/dist/leaflet-src.js:3248:10)
    at NewClass (webpack-internal:///(app-pages-browser)/./node_modules/leaflet/dist/leaflet-src.js:301:22)
    at MapContainerComponent/mapRef< (webpack-internal:///(app-pages-browser)/./node_modules/react-leaflet/lib/MapContainer.js:37:25)
    at commitAttachRef (webpack-internal:///(app-pages-browser)/./node_modules/next/dist/compiled/react-dom/cjs/react-dom.development.js:21677:37)
    at safelyAttachRef (webpack-internal:///(app-pages-browser)/./node_modules/next/dist/compiled/react-dom/cjs/react-dom.development.js:20803:20)
    at reappearLayoutEffects (webpack-internal:///(app-pages-browser)/./node_modules/next/dist/compiled/react-dom/cjs/react-dom.development.js:23082:24)
    at recursivelyTraverseReappearLayoutEffects (webpack-internal:///(app-pages-browser)/./node_modules/next/dist/compiled/react-dom/cjs/react-dom.development.js:23142:26)
    at reappearLayoutEffects (webpack-internal:///(app-pages-browser)/./node_modules/next/dist/compiled/react-dom/cjs/react-dom.development.js:23024:49)
    at recursivelyTraverseReappearLayoutEffects (webpack-internal:///(app-pages-browser)/./node_modules/next/dist/compiled/react-dom/cjs/react-dom.development.js:23142:26)
    at reappearLayoutEffects (webpack-internal:///(app-pages-browser)/./node_modules/next/dist/compiled/react-dom/cjs/react-dom.development.js:23072:49)
    at recursivelyTraverseReappearLayoutEffects (webpack-internal:///(app-pages-browser)/./node_modules/next/dist/compiled/react-dom/cjs/react-dom.development.js:23142:26)
    at reappearLayoutEffects (webpack-internal:///(app-pages-browser)/./node_modules/next/dist/compiled/react-dom/cjs/react-dom.development.js:23072:49)
    at recursivelyTraverseReappearLayoutEffects (webpack-internal:///(app-pages-browser)/./node_modules/next/dist/compiled/react-dom/cjs/react-dom.development.js:23142:26)
    at reappearLayoutEffects (webpack-internal:///(app-pages-browser)/./node_modules/next/dist/compiled/react-dom/cjs/react-dom.development.js:23024:49)
    at recursivelyTraverseReappearLayoutEffects (webpack-internal:///(app-pages-browser)/./node_modules/next/dist/compiled/react-dom/cjs/react-dom.development.js:23142:26)
    at reappearLayoutEffects (webpack-internal:///(app-pages-browser)/./node_modules/next/dist/compiled/react-dom/cjs/react-dom.development.js:23024:49)
    at recursivelyTraverseReappearLayoutEffects (webpack-internal:///(app-pages-browser)/./node_modules/next/dist/compiled/react-dom/cjs/react-dom.development.js:23142:26)
    at commitLayoutEffectOnFiber (webpack-internal:///(app-pages-browser)/./node_modules/next/dist/compiled/react-dom/cjs/react-dom.development.js:21550:55)
    at recursivelyTraverseLayoutEffects (webpack-internal:///(app-pages-browser)/./node_modules/next/dist/compiled/react-dom/cjs/react-dom.development.js:22926:32)
    at commitLayoutEffectOnFiber (webpack-internal:///(app-pages-browser)/./node_modules/next/dist/compiled/react-dom/cjs/react-dom.development.js:21518:41)
    at recursivelyTraverseLayoutEffects (webpack-internal:///(app-pages-browser)/./node_modules/next/dist/compiled/react-dom/cjs/react-dom.development.js:22926:32)
    at commitLayoutEffectOnFiber (webpack-internal:///(app-pages-browser)/./node_modules/next/dist/compiled/react-dom/cjs/react-dom.development.js:21407:41)
    at recursivelyTraverseLayoutEffects (webpack-internal:///(app-pages-browser)/./node_modules/next/dist/compiled/react-dom/cjs/react-dom.development.js:22926:32)
    at commitLayoutEffectOnFiber (webpack-internal:///(app-pages-browser)/./node_modules/next/dist/compiled/react-dom/cjs/react-dom.development.js:21488:41)
    at recursivelyTraverseLayoutEffects (webpack-internal:///(app-pages-browser)/./node_modules/next/dist/compiled/react-dom/cjs/react-dom.development.js:22926:32)
    at commitLayoutEffectOnFiber (webpack-internal:///(app-pages-browser)/./node_modules/next/dist/compiled/react-dom/cjs/react-dom.development.js:21488:41)
    at recursivelyTraverseLayoutEffects (webpack-internal:///(app-pages-browser)/./node_modules/next/dist/compiled/react-dom/cjs/react-dom.development.js:22926:32)
    at commitLayoutEffectOnFiber (webpack-internal:///(app-pages-browser)/./node_modules/next/dist/compiled/react-dom/cjs/react-dom.development.js:21407:41)
    at recursivelyTraverseLayoutEffects (webpack-internal:///(app-pages-browser)/./node_modules/next/dist/compiled/react-dom/cjs/react-dom.development.js:22926:32)
    at commitLayoutEffectOnFiber (webpack-internal:///(app-pages-browser)/./node_modules/next/dist/compiled/react-dom/cjs/react-dom.development.js:21407:41)
    at recursivelyTraverseLayoutEffects (webpack-internal:///(app-pages-browser)/./node_modules/next/dist/compiled/react-dom/cjs/react-dom.development.js:22926:32)
    at commitLayoutEffectOnFiber (webpack-internal:///(app-pages-browser)/./node_modules/next/dist/compiled/react-dom/cjs/react-dom.development.js:21577:41)
    at recursivelyTraverseLayoutEffects (webpack-internal:///(app-pages-browser)/./node_modules/next/dist/compiled/react-dom/cjs/react-dom.development.js:22926:32)
    at commitLayoutEffectOnFiber (webpack-internal:///(app-pages-browser)/./node_modules/next/dist/compiled/react-dom/cjs/react-dom.development.js:21577:41)
    at recursivelyTraverseLayoutEffects (webpack-internal:///(app-pages-browser)/./node_modules/next/dist/compiled/react-dom/cjs/react-dom.development.js:22926:32)
    at commitLayoutEffectOnFiber (webpack-internal:///(app-pages-browser)/./node_modules/next/dist/compiled/react-dom/cjs/react-dom.development.js:21407:41)
    at recursivelyTraverseLayoutEffects (webpack-internal:///(app-pages-browser)/./node_modules/next/dist/compiled/react-dom/cjs/react-dom.development.js:22926:32)
    at commitLayoutEffectOnFiber (webpack-internal:///(app-pages-browser)/./node_modules/next/dist/compiled/react-dom/cjs/react-dom.development.js:21418:41)
    at recursivelyTraverseLayoutEffects (webpack-internal:///(app-pages-browser)/./node_modules/next/dist/compiled/react-dom/cjs/react-dom.development.js:22926:32)
    at commitLayoutEffectOnFiber (webpack-internal:///(app-pages-browser)/./node_modules/next/dist/compiled/react-dom/cjs/react-dom.development.js:21407:41)
    at recursivelyTraverseLayoutEffects (webpack-internal:///(app-pages-browser)/./node_modules/next/dist/compiled/react-dom/cjs/react-dom.development.js:22926:32)
    at commitLayoutEffectOnFiber (webpack-internal:///(app-pages-browser)/./node_modules/next/dist/compiled/react-dom/cjs/react-dom.development.js:21407:41)
    at recursivelyTraverseLayoutEffects (webpack-internal:///(app-pages-browser)/./node_modules/next/dist/compiled/react-dom/cjs/react-dom.development.js:22926:32)
    at commitLayoutEffectOnFiber (webpack-internal:///(app-pages-browser)/./node_modules/next/dist/compiled/react-dom/cjs/react-dom.development.js:21407:41)
    at recursivelyTraverseLayoutEffects (webpack-internal:///(app-pages-browser)/./node_modules/next/dist/compiled/react-dom/cjs/react-dom.development.js:22926:32)
    at commitLayoutEffectOnFiber (webpack-internal:///(app-pages-browser)/./node_modules/next/dist/compiled/react-dom/cjs/react-dom.development.js:21407:41)
    at recursivelyTraverseLayoutEffects (webpack-internal:///(app-pages-browser)/./node_modules/next/dist/compiled/react-dom/cjs/react-dom.development.js:22926:32)
    at commitLayoutEffectOnFiber (webpack-internal:///(app-pages-browser)/./node_modules/next/dist/compiled/react-dom/cjs/react-dom.development.js:21418:41)
    at recursivelyTraverseLayoutEffects (webpack-internal:///(app-pages-browser)/./node_modules/next/dist/compiled/react-dom/cjs/react-dom.development.js:22926:32)
